ElementId,Category,FamilyAndType,Mark,LocationType,FacingAngle_deg,Model_X_ft,Model_Y_ft,Model_Z_ft,Tag_U_ft,Tag_V_ft,ViewLocal_U_ft,ViewLocal_V_ft,BBox_Min_X,BBox_Min_Y,BBox_Max_X,BBox_Max_Y
607581,Cameras,Camera fr Above (Realistic) wo Point Cloud,,BBoxCenter,,-6.9153,-23.1752,56.2019,-6.9153,-23.1752,-6.9153,-23.1752,-141.4755,-151.2601,127.6448,104.9097
619340,Walls,"Exterior - 13 5/8"" Rainscreen (Two Sides) w Insultation on Metal Stud",,CurveMidpt,,-110.9323,9.1581,-5.9167,-110.9323,9.1581,-110.9323,9.1581,-111.5000,-0.1681,-110.3646,18.7083
619404,Walls,"Core - Concrete 12""",,CurveMidpt,,-105.5625,43.2500,-5.9167,-105.5625,43.2500,-105.5625,43.2500,-111.5000,42.7500,-99.6250,43.7500
619550,Walls,"Exterior - 12 5/8"" Rainscreen w Insultation on Metal Stud (Alley)",,CurveMidpt,,67.4207,3.2773,0.0000,67.4207,3.2773,67.4207,3.2773,63.1901,-24.9650,71.6514,31.5195
620048,Walls,"Foundation - 24"" Concrete",,CurveMidpt,,56.0604,-28.5577,-16.9167,56.0604,-28.5577,56.0604,-28.5577,40.2500,-31.6478,71.0075,-25.6156
620883,Stairs,Stair,,BBoxCenter,,-104.8125,33.7083,-11.2971,-104.8125,33.7083,-104.8125,33.7083,-109.0000,25.6875,-100.6250,41.7292
621141,Runs,"1/4"" Tread 1"" Nosing 1/4"" Riser",,BBoxCenter,,-107.1458,29.8662,-11.4167,-107.1458,29.8662,-107.1458,29.8662,-108.9792,25.6875,-105.3125,34.0449
621143,Supports,"_Stringer - 1/4"" Plate",,BBoxCenter,,-108.9896,29.9493,-11.4167,-108.9896,29.9493,-108.9896,29.9493,-109.0000,25.6875,-108.9792,34.2111
621144,Supports,"_Stringer - 1/4"" Plate",,BBoxCenter,,-105.3021,29.9493,-11.4167,-105.3021,29.9493,-105.3021,29.9493,-105.3125,25.6875,-105.2917,34.2111
621208,Runs,"1/4"" Tread 1"" Nosing 1/4"" Riser",,BBoxCenter,,-102.4792,29.3005,-11.4167,-102.4792,29.3005,-102.4792,29.3005,-104.3125,25.5801,-100.6458,33.0208
621210,Landings,Non-Monolithic Landing,,BBoxCenter,,-104.8125,37.3109,-11.4167,-104.8125,37.3109,-104.8125,37.3109,-108.9792,32.9135,-100.6458,41.7083
621212,Supports,"_Stringer - 1/4"" Plate",,BBoxCenter,,-100.6354,29.8204,-11.2971,-100.6354,29.8204,-100.6354,29.8204,-100.6458,25.6875,-100.6250,33.9532
621213,Supports,"_Stringer - 1/4"" Plate",,BBoxCenter,,-104.3229,29.8204,-11.2971,-104.3229,29.8204,-104.3229,29.8204,-104.3333,25.6875,-104.3125,33.9532
621214,Supports,"_Stringer - 1/4"" Plate",,BBoxCenter,,-100.6354,37.3750,-11.4167,-100.6354,37.3750,-100.6354,37.3750,-100.6458,33.0208,-100.6250,41.7292
621215,Supports,"_Stringer - 1/4"" Plate",,BBoxCenter,,-104.8125,41.7188,-11.4167,-104.8125,41.7188,-104.8125,41.7188,-109.0000,41.7083,-100.6250,41.7292
621216,Supports,"_Stringer - 1/4"" Plate",,BBoxCenter,,-108.9896,37.8255,-11.4167,-108.9896,37.8255,-108.9896,37.8255,-109.0000,33.9218,-108.9792,41.7292
621217,Supports,"_Stringer - 1/4"" Plate",,BBoxCenter,,-105.3021,34.4296,-11.4167,-105.3021,34.4296,-105.3021,34.4296,-105.3125,33.9218,-105.2917,34.9375
621302,Supports,"_Stringer - 1/4"" Plate",,BBoxCenter,,-104.8125,34.9271,-11.4167,-104.8125,34.9271,-104.8125,34.9271,-105.3125,34.9167,-104.3125,34.9375
621343,Supports,"_Stringer - 1/4"" Plate",,BBoxCenter,,-104.3229,33.9792,-11.4167,-104.3229,33.9792,-104.3229,33.9792,-104.3333,33.0208,-104.3125,34.9375
621361,Railings,_IBC-Pipe-Plate Stringer (Extension None),,BBoxCenter,,-103.1615,29.7396,-9.4167,-103.1615,29.7396,-103.1615,29.7396,-105.5521,24.3021,-100.7708,35.1771
621365,Railings,Pipe-Wall Mount,,BBoxCenter,,-108.9896,29.3542,-8.1875,-108.9896,29.3542,-108.9896,29.3542,-109.7256,23.5208,-108.2535,35.1875
621400,Handrails,"_IBC-Bottom Rail Circular - 1 1/2""",,BBoxCenter,,-103.0677,29.7396,-9.4505,-103.0677,29.7396,-103.0677,29.7396,-105.3646,24.4896,-100.7708,34.9896
621419,Handrails,"_IBC-Handrail Circular - 1 1/2"" (Extension None)",,BBoxCenter,,-103.1719,29.7396,-8.6458,-103.1719,29.7396,-103.1719,29.7396,-105.5521,24.3021,-100.7917,35.1771
621689,Multistory Stairs,Multistory Stairs,,BBoxCenter,,-104.8125,33.7083,-4.1667,-104.8125,33.7083,-104.8125,33.7083,-109.5000,25.1875,-100.1250,42.2292
622037,Stairs,Stair,,BBoxCenter,,-104.8125,33.6979,1.0833,-104.8125,33.6979,-104.8125,33.6979,-109.0000,25.6875,-100.6250,41.7083
622038,Runs,"1/4"" Tread 1"" Nosing 1/4"" Riser",,BBoxCenter,,-107.1458,31.2412,1.0833,-107.1458,31.2412,-107.1458,31.2412,-108.9792,25.6875,-105.3125,36.7950
622040,Supports,"_Stringer - 1/4"" Plate",,BBoxCenter,,-108.9896,31.3096,1.0833,-108.9896,31.3096,-108.9896,31.3096,-109.0000,25.6875,-108.9792,36.9317
622041,Supports,"_Stringer - 1/4"" Plate",,BBoxCenter,,-105.3021,31.3096,1.0833,-105.3021,31.3096,-105.3021,31.3096,-105.3125,25.6875,-105.2917,36.9317
622042,Runs,"1/4"" Tread 1"" Nosing 1/4"" Riser",,BBoxCenter,,-102.4792,30.6754,1.0833,-102.4792,30.6754,-102.4792,30.6754,-104.3125,25.5800,-100.6458,35.7708
622044,Landings,Non-Monolithic Landing,,BBoxCenter,,-104.8125,38.6754,1.0833,-104.8125,38.6754,-104.8125,38.6754,-108.9792,35.6633,-100.6458,41.6875
622046,Supports,"_Stringer - 1/4"" Plate",,BBoxCenter,,-100.6354,31.2060,1.2092,-100.6354,31.2060,-100.6354,31.2060,-100.6458,25.6875,-100.6250,36.7246
622047,Supports,"_Stringer - 1/4"" Plate",,BBoxCenter,,-104.3229,31.2060,1.2092,-104.3229,31.2060,-104.3229,31.2060,-104.3333,25.6875,-104.3125,36.7246
622048,Supports,"_Stringer - 1/4"" Plate",,BBoxCenter,,-100.6354,38.7396,1.0833,-100.6354,38.7396,-100.6354,38.7396,-100.6458,35.7708,-100.6250,41.7083
622049,Supports,"_Stringer - 1/4"" Plate",,BBoxCenter,,-104.8125,41.6979,1.0833,-104.8125,41.6979,-104.8125,41.6979,-109.0000,41.6875,-100.6250,41.7083
622050,Supports,"_Stringer - 1/4"" Plate",,BBoxCenter,,-108.9896,39.1794,1.0833,-108.9896,39.1794,-108.9896,39.1794,-109.0000,36.6504,-108.9792,41.7083
622051,Supports,"_Stringer - 1/4"" Plate",,BBoxCenter,,-105.3021,37.1690,1.0833,-105.3021,37.1690,-105.3021,37.1690,-105.3125,36.6504,-105.2917,37.6875
622054,Supports,"_Stringer - 1/4"" Plate",,BBoxCenter,,-104.8125,37.6771,1.0833,-104.8125,37.6771,-104.8125,37.6771,-105.3125,37.6667,-104.3125,37.6875
622055,Supports,"_Stringer - 1/4"" Plate",,BBoxCenter,,-104.3229,36.7292,1.0833,-104.3229,36.7292,-104.3229,36.7292,-104.3333,35.7708,-104.3125,37.6875
622056,Railings,_IBC-Pipe-Plate Stringer (Extension None),,BBoxCenter,,-104.8125,31.2135,3.0768,-104.8125,31.2135,-104.8125,31.2135,-105.5521,24.5000,-104.0729,37.9271
622060,Railings,Pipe-Wall Mount,,BBoxCenter,,-108.9896,30.7292,0.3692,-108.9896,30.7292,-108.9896,30.7292,-109.7256,23.5208,-108.2535,37.9375
622074,Top Rails,"_IBC-Circular - 1 1/2"" (Extension None)",,BBoxCenter,,-105.3021,30.5842,0.9819,-105.3021,30.5842,-105.3021,30.5842,-105.3646,24.5208,-105.2396,36.6475
622095,Handrails,"_IBC-Bottom Rail Circular - 1 1/2""",,BBoxCenter,,-105.3021,30.5737,-1.5727,-105.3021,30.5737,-105.3021,30.5737,-105.3646,24.5000,-105.2396,36.6475
622114,Handrails,"_IBC-Handrail Circular - 1 1/2"" (Extension None)",,BBoxCenter,,-105.4896,30.5842,0.4819,-105.4896,30.5842,-105.4896,30.5842,-105.5521,24.5208,-105.4271,36.6475
628378,Railings,_IBC-Pipe-Plate Stringer (Extension None),,BBoxCenter,,-104.8125,24.5729,-3.9232,-104.8125,24.5729,-104.8125,24.5729,-105.5521,23.6875,-104.0729,25.4583
628552,Top Rails,"_IBC-Circular - 1 1/2"" (Extension None)",,BBoxCenter,,-104.8125,24.6563,-2.6458,-104.8125,24.6563,-104.8125,24.6563,-105.3646,23.8750,-104.2604,25.4375
628567,Handrails,"_IBC-Bottom Rail Circular - 1 1/2""",,BBoxCenter,,-104.8125,24.6563,-5.2005,-104.8125,24.6563,-104.8125,24.6563,-105.3646,23.8750,-104.2604,25.4375
628582,Handrails,"_IBC-Handrail Circular - 1 1/2"" (Extension None)",,BBoxCenter,,-104.8125,24.5625,-3.1458,-104.8125,24.5625,-104.8125,24.5625,-105.5521,23.6875,-104.0729,25.4375
628597,Supports,"2'-8"" Picket",,Point,90.0000,-104.3229,25.4375,-5.2630,-104.3229,25.4375,-104.3229,25.4375,-104.3437,25.4167,-104.3021,25.4583
628598,Supports,"2'-8"" Picket",,Point,90.0000,-104.3229,25.1131,-5.2630,-104.3229,25.1131,-104.3229,25.1131,-104.3437,25.0923,-104.3021,25.1340
628599,Supports,"2'-8"" Picket",,Point,90.0000,-104.3229,24.7887,-5.2630,-104.3229,24.7887,-104.3229,24.7887,-104.3437,24.7679,-104.3021,24.8096
628600,Supports,"2'-8"" Picket",,Point,90.0000,-104.3229,24.4644,-5.2630,-104.3229,24.4644,-104.3229,24.4644,-104.3437,24.4435,-104.3021,24.4852
628601,Supports,"2'-8"" Picket",,Point,90.0000,-104.3229,24.1400,-5.2630,-104.3229,24.1400,-104.3229,24.1400,-104.3437,24.1191,-104.3021,24.1608
628602,Supports,"2'-8"" Picket",,Point,360.0000,-104.5164,23.9375,-5.2630,-104.5164,23.9375,-104.5164,23.9375,-104.5372,23.9167,-104.4955,23.9583
628603,Supports,"2'-8"" Picket",,Point,360.0000,-104.8407,23.9375,-5.2630,-104.8407,23.9375,-104.8407,23.9375,-104.8616,23.9167,-104.8199,23.9583
628604,Supports,"2'-8"" Picket",,Point,349.7887,-105.1650,23.9401,-5.2630,-105.1650,23.9401,-105.1650,23.9401,-105.1892,23.9159,-105.1408,23.9643
628605,Supports,"2'-8"" Picket",,Point,270.0000,-105.3021,24.1965,-5.2630,-105.3021,24.1965,-105.3021,24.1965,-105.3229,24.1756,-105.2813,24.2173
629119,Floors,Stair Landing Steel Plate,,BBoxCenter,,-104.8125,22.7604,-5.9271,-104.8125,22.7604,-104.8125,22.7604,-108.9792,19.7292,-100.6458,25.7917
629902,Slab Edges,_Stair Landing Plate Stringer,,BBoxCenter,,-104.8125,21.7076,-4.7917,-104.8125,21.7076,-104.8125,21.7076,-109.0000,16.7292,-100.6250,26.6860
630930,Walls,"Chase - GWB & Metal Stud 4 1/4""",,CurveMidpt,,-109.1771,31.2292,-16.9167,-109.1771,31.2292,-109.1771,31.2292,-109.3542,19.2083,-109.0000,43.2500
631497,Doors,"36"" x 84""",S11A,Point,90.0000,-100.1250,21.8750,-5.9167,-100.1250,21.8750,-100.1250,21.8750,-100.6667,20.2083,-96.7083,23.6042
660344,Floors,Stair Landing Steel Plate,,BBoxCenter,,45.9375,-14.9792,0.1146,45.9375,-14.9792,45.9375,-14.9792,41.7708,-20.0625,50.1042,-9.8958
660353,Slab Edges,_Stair Landing Plate Stringer,,BBoxCenter,,47.4271,-14.9792,1.2500,47.4271,-14.9792,47.4271,-14.9792,41.7500,-20.0625,53.1042,-9.8958
660424,Walls,"Core - Concrete 18""",,CurveMidpt,,41.0000,-14.0667,-16.9167,41.0000,-14.0667,41.0000,-14.0667,40.2500,-30.5083,41.7500,2.3750
674522,Walls,"Core - Concrete 12""",,CurveMidpt,,-100.1250,30.7161,-5.9167,-100.1250,30.7161,-100.1250,30.7161,-100.6250,18.7083,-99.6250,42.2240
674794,Walls,"Core - Concrete 12""",,CurveMidpt,,-105.5625,19.2083,-5.9167,-105.5625,19.2083,-105.5625,19.2083,-111.5000,18.7083,-100.1250,19.7083
675232,Walls,"Party - 6 1/8"" (2-hr)",,CurveMidpt,,41.2500,22.5495,0.0000,41.2500,22.5495,41.2500,22.5495,40.7604,2.8750,41.7396,42.2240
676281,Walls,"Exterior - 12 5/8"" Rainscreen w Insultation on Metal Stud",,CurveMidpt,,3.2760,39.2630,-3.4583,3.2760,39.2630,3.2760,39.2630,2.7500,35.7760,3.8021,42.7500
676300,Walls,"Party - 6 1/8"" (2-hr)",,CurveMidpt,,-20.2500,4.2016,-3.4583,-20.2500,4.2016,-20.2500,4.2016,-20.7396,-28.1750,-19.7604,36.3021
676634,Walls,"Exterior - 12 5/8"" Rainscreen w Insultation on Metal Stud",,CurveMidpt,,-17.9844,36.3021,-3.4583,-17.9844,36.3021,-17.9844,36.3021,-39.3750,35.7760,3.2760,36.8281
676715,Walls,"Exterior - 12 5/8"" Rainscreen w Insultation on Metal Stud",,CurveMidpt,,58.8098,36.2240,0.0000,58.8098,36.2240,58.8098,36.2240,54.0104,35.6979,63.0832,36.7500
676755,Walls,"Exterior - 12 5/8"" Rainscreen w Insultation on Metal Stud",,CurveMidpt,,54.5365,39.2240,0.0000,54.5365,39.2240,54.5365,39.2240,54.0104,36.2240,55.0625,42.2240
677683,Views,Longitudinal Section,,BBoxCenter,,-19.1588,5.5004,-5.9167,-19.1588,5.5004,-19.1588,5.5004,-122.4339,2.4224,84.1162,8.5784
678093,Doors,"36"" x 84"" (Exterior)",109D,Point,270.0000,54.5365,38.7500,0.0000,54.5365,38.7500,54.5365,38.7500,53.9687,37.0208,57.9792,40.4167
678361,Walls,"Exterior - 12 5/8"" Rainscreen w Insultation on Metal Stud",,CurveMidpt,,22.2914,42.2240,-3.4583,22.2914,42.2240,22.2914,42.2240,3.2760,41.6979,41.3067,42.7500
678407,Walls,"Core - Concrete 10""",,CurveMidpt,,3.5000,23.7370,-3.4583,3.5000,23.7370,3.5000,23.7370,3.0833,18.8750,3.9167,28.1823
679356,Walls,"Foundation - 24"" Concrete",,CurveMidpt,,0.7159,41.7500,-16.9167,0.7159,41.7500,0.7159,41.7500,-39.8750,40.7500,41.3067,42.7500
684173,Walls,"Core - Concrete 12""",,CurveMidpt,,50.6250,-11.8750,0.0000,50.6250,-11.8750,50.6250,-11.8750,50.1250,-26.1250,51.1250,2.3750
684256,Walls,"Core - Concrete 12""",,CurveMidpt,,45.8125,2.3750,-16.9167,45.8125,2.3750,45.8125,2.3750,40.2500,1.8750,50.6250,2.8750
686974,Walls,"Chase - GWB & Metal Stud 6 5/8""",,CurveMidpt,,42.2144,-30.1941,0.0000,42.2144,-30.1941,42.2144,-30.1941,41.2414,-30.5911,43.3753,-29.7628
687063,Walls,"Core - Concrete 12""",,CurveMidpt,,45.9375,-26.1250,0.0000,45.9375,-26.1250,45.9375,-26.1250,40.7500,-26.6250,51.1250,-25.6250
687200,Walls,"Exterior - 5 3/8"" Rainscreen w Insultation (for Concrete Core Walls)",,CurveMidpt,,43.1514,-28.0979,0.0000,43.1514,-28.0979,43.1514,-28.0979,42.9274,-30.0707,43.3753,-26.1250
688457,Stairs,Stair,,BBoxCenter,,45.9375,-8.8750,-8.2726,45.9375,-8.8750,45.9375,-8.8750,41.7500,-19.6250,50.1250,1.8750
688520,Runs,"1/4"" Tread 1"" Nosing 1/4"" Riser",,BBoxCenter,,48.2708,-9.9912,-8.3958,48.2708,-9.9912,48.2708,-9.9912,46.4375,-14.1699,50.1042,-5.8125
688522,Supports,"_Stringer - 1/4"" Plate",,BBoxCenter,,50.1146,-10.0660,-8.3958,50.1146,-10.0660,50.1146,-10.0660,50.1042,-14.3194,50.1250,-5.8125
688523,Supports,"_Stringer - 1/4"" Plate",,BBoxCenter,,46.4271,-10.0660,-8.3958,46.4271,-10.0660,46.4271,-10.0660,46.4167,-14.3194,46.4375,-5.8125
688860,Runs,"1/4"" Tread 1"" Nosing 1/4"" Riser",,BBoxCenter,,43.6042,-8.4671,-8.3958,43.6042,-8.4671,43.6042,-8.4671,41.7708,-13.5625,45.4375,-3.3717
688864,Supports,"_Stringer - 1/4"" Plate",,BBoxCenter,,41.7604,-8.8646,-8.3958,41.7604,-8.8646,41.7604,-8.8646,41.7500,-14.5070,41.7708,-3.2222
688865,Supports,"_Stringer - 1/4"" Plate",,BBoxCenter,,45.4479,-8.8646,-8.3958,45.4479,-8.8646,45.4479,-8.8646,45.4375,-14.5070,45.4583,-3.2222
688940,Runs,"1/4"" Tread 1"" Nosing 1/4"" Riser",,BBoxCenter,,48.2708,-6.7412,-8.3958,48.2708,-6.7412,48.2708,-6.7412,46.4375,-10.0033,50.1042,-3.4792
688944,Supports,"_Stringer - 1/4"" Plate",,BBoxCenter,,50.1146,-6.2153,-8.2726,50.1146,-6.2153,50.1146,-6.2153,50.1042,-9.8958,50.1250,-2.5347
688945,Supports,"_Stringer - 1/4"" Plate",,BBoxCenter,,46.4271,-6.2153,-8.2726,46.4271,-6.2153,46.4271,-6.2153,46.4167,-9.8958,46.4375,-2.5347
693805,Landings,Non-Monolithic Landing,,BBoxCenter,,45.9375,-0.8662,-8.3958,45.9375,-0.8662,45.9375,-0.8662,41.7708,-3.5866,50.1042,1.8542
693807,Supports,"_Stringer - 1/4"" Plate",,BBoxCenter,,50.1146,-0.8021,-8.3958,50.1146,-0.8021,50.1146,-0.8021,50.1042,-3.4792,50.1250,1.8750
693808,Supports,"_Stringer - 1/4"" Plate",,BBoxCenter,,45.9375,1.8646,-8.3958,45.9375,1.8646,45.9375,1.8646,41.7500,1.8542,50.1250,1.8750
693809,Supports,"_Stringer - 1/4"" Plate",,BBoxCenter,,41.7604,-0.8160,-8.3958,41.7604,-0.8160,41.7604,-0.8160,41.7500,-3.5070,41.7708,1.8750
693810,Supports,"_Stringer - 1/4"" Plate",,BBoxCenter,,45.4479,-2.7431,-8.3958,45.4479,-2.7431,45.4479,-2.7431,45.4375,-3.5070,45.4583,-1.9792
693874,Supports,"_Stringer - 1/4"" Plate",,BBoxCenter,,45.9375,-1.9896,-8.3958,45.9375,-1.9896,45.9375,-1.9896,45.4375,-2.0000,46.4375,-1.9792
693915,Supports,"_Stringer - 1/4"" Plate",,BBoxCenter,,46.4271,-2.7292,-8.3958,46.4271,-2.7292,46.4271,-2.7292,46.4167,-3.4792,46.4375,-1.9792
695423,Stairs,Stair,,BBoxCenter,,43.6042,-8.9792,4.2272,43.6042,-8.9792,43.6042,-8.9792,41.7500,-14.9375,45.4583,-3.0208
695462,Runs,"1/4"" Tread 1"" Nosing 1/4"" Riser",,BBoxCenter,,43.6042,-8.9254,4.1042,43.6042,-8.9254,43.6042,-8.9254,41.7708,-14.9375,45.4375,-2.9134
695464,Supports,"_Stringer - 1/4"" Plate",,BBoxCenter,,41.7604,-8.9792,4.2272,41.7604,-8.9792,41.7604,-8.9792,41.7500,-14.9375,41.7708,-3.0208
695465,Supports,"_Stringer - 1/4"" Plate",,BBoxCenter,,45.4479,-8.9792,4.2272,45.4479,-8.9792,45.4479,-8.9792,45.4375,-14.9375,45.4583,-3.0208
695514,Railings,_IBC-Pipe-Plate Stringer (Extension None),,BBoxCenter,,45.3542,-9.4375,6.0977,45.3542,-9.4375,45.3542,-9.4375,45.1979,-16.1250,45.5104,-2.7500
695518,Railings,Pipe-Wall Mount,,BBoxCenter,,41.7604,-9.4375,6.7500,41.7604,-9.4375,41.7604,-9.4375,41.0244,-17.1042,42.4965,-1.7708
695524,Top Rails,"_IBC-Circular - 1 1/2"" (Extension None)",,BBoxCenter,,45.4479,-9.5827,7.3625,45.4479,-9.5827,45.4479,-9.5827,45.3854,-16.1042,45.5104,-3.0612
695540,Handrails,"_IBC-Bottom Rail Circular - 1 1/2""",,BBoxCenter,,45.4479,-9.5827,4.8078,45.4479,-9.5827,45.4479,-9.5827,45.3854,-16.1042,45.5104,-3.0612
695554,Handrails,"_IBC-Handrail Circular - 1 1/2"" (Extension None)",,BBoxCenter,,45.2604,-9.5827,6.8625,45.2604,-9.5827,45.2604,-9.5827,45.1979,-16.1042,45.3229,-3.0612
695586,Handrails,Pipe - Wall Mount,,BBoxCenter,,41.8854,-10.0827,6.8625,41.8854,-10.0827,41.8854,-10.0827,41.7604,-17.1042,42.0104,-3.0612
695617,Supports,"2'-8"" Picket",,Point,270.0000,45.4479,-15.7825,0.8231,45.4479,-15.7825,45.4479,-15.7825,45.4271,-15.8034,45.4687,-15.7617
695618,Supports,"2'-8"" Picket",,Point,270.0000,45.4479,-15.5005,0.9979,45.4479,-15.5005,45.4479,-15.5005,45.4271,-15.5214,45.4687,-15.4797
695619,Supports,"2'-8"" Picket",,Point,270.0000,45.4479,-15.2185,1.1728,45.4479,-15.2185,45.4479,-15.2185,45.4271,-15.2394,45.4687,-15.1977
695620,Supports,"2'-8"" Picket",,Point,270.0000,45.4479,-14.9365,1.3477,45.4479,-14.9365,45.4479,-14.9365,45.4271,-14.9574,45.4687,-14.9157
695621,Supports,"2'-8"" Picket",,Point,270.0000,45.4479,-14.6545,1.5226,45.4479,-14.6545,45.4479,-14.6545,45.4271,-14.6754,45.4687,-14.6337
695622,Supports,"2'-8"" Picket",,Point,270.0000,45.4479,-14.3725,1.6974,45.4479,-14.3725,45.4479,-14.3725,45.4271,-14.3934,45.4687,-14.3517
695623,Supports,"2'-8"" Picket",,Point,270.0000,45.4479,-14.0905,1.8723,45.4479,-14.0905,45.4479,-14.0905,45.4271,-14.1114,45.4687,-14.0697
695624,Supports,"2'-8"" Picket",,Point,270.0000,45.4479,-13.8085,2.0472,45.4479,-13.8085,45.4479,-13.8085,45.4271,-13.8294,45.4687,-13.7877
695625,Supports,"2'-8"" Picket",,Point,270.0000,45.4479,-13.5265,2.2221,45.4479,-13.5265,45.4479,-13.5265,45.4271,-13.5474,45.4687,-13.5057
695626,Supports,"2'-8"" Picket",,Point,270.0000,45.4479,-13.2445,2.3970,45.4479,-13.2445,45.4479,-13.2445,45.4271,-13.2654,45.4687,-13.2237
695627,Supports,"2'-8"" Picket",,Point,270.0000,45.4479,-12.9625,2.5718,45.4479,-12.9625,45.4479,-12.9625,45.4271,-12.9834,45.4687,-12.9417
695628,Supports,"2'-8"" Picket",,Point,270.0000,45.4479,-12.6805,2.7467,45.4479,-12.6805,45.4479,-12.6805,45.4271,-12.7014,45.4687,-12.6597
695629,Supports,"2'-8"" Picket",,Point,270.0000,45.4479,-12.3985,2.9216,45.4479,-12.3985,45.4479,-12.3985,45.4271,-12.4194,45.4687,-12.3777
695630,Supports,"2'-8"" Picket",,Point,270.0000,45.4479,-12.1165,3.0965,45.4479,-12.1165,45.4479,-12.1165,45.4271,-12.1374,45.4687,-12.0957
695631,Supports,"2'-8"" Picket",,Point,270.0000,45.4479,-11.8345,3.2714,45.4479,-11.8345,45.4479,-11.8345,45.4271,-11.8554,45.4687,-11.8137
695632,Supports,"2'-8"" Picket",,Point,270.0000,45.4479,-11.5525,3.4462,45.4479,-11.5525,45.4479,-11.5525,45.4271,-11.5733,45.4687,-11.5317
695633,Supports,"2'-8"" Picket",,Point,270.0000,45.4479,-11.2705,3.6211,45.4479,-11.2705,45.4479,-11.2705,45.4271,-11.2913,45.4687,-11.2497
695634,Supports,"2'-8"" Picket",,Point,270.0000,45.4479,-10.9885,3.7960,45.4479,-10.9885,45.4479,-10.9885,45.4271,-11.0093,45.4687,-10.9677
695664,Supports,Metal - Circular,,Point,,41.7604,-17.0417,2.9583,41.7604,-17.0417,41.7604,-17.0417,41.6354,-17.0658,42.4965,-16.8542
695665,Supports,Metal - Circular,,Point,90.0000,41.9479,-13.9509,4.0136,41.9479,-13.9509,41.9479,-13.9509,41.7604,-14.0759,41.9721,-13.2149
695738,Railings,_IBC-Pipe-Plate Stringer (Extension None),,BBoxCenter,,45.9375,-13.4479,1.7917,45.9375,-13.4479,45.9375,-13.4479,45.1979,-16.7708,46.6771,-10.1250
695743,Top Rails,"_IBC-Circular - 1 1/2"" (Extension None)",,BBoxCenter,,45.9375,-13.3646,3.3958,45.9375,-13.3646,45.9375,-13.3646,45.3854,-16.5833,46.4896,-10.1458
695758,Handrails,"_IBC-Bottom Rail Circular - 1 1/2""",,BBoxCenter,,45.9375,-13.3646,0.8411,45.9375,-13.3646,45.9375,-13.3646,45.3854,-16.5833,46.4896,-10.1458
695773,Handrails,"_IBC-Handrail Circular - 1 1/2"" (Extension None)",,BBoxCenter,,45.9375,-13.4583,2.8958,45.9375,-13.4583,45.9375,-13.4583,45.1979,-16.7708,46.6771,-10.1458
697096,Walls,"Exterior - 14 5/8"" Rainscreen w Insultation on Metal Stud",,CurveMidpt,,-49.6406,-8.6719,-3.4583,-49.6406,-8.6719,-49.6406,-8.6719,-50.2500,-26.4167,-49.0312,9.5000
697693,Walls,"Core - Concrete 12""",,CurveMidpt,,-111.0000,31.2292,-5.9167,-111.0000,31.2292,-111.0000,31.2292,-111.5000,19.2083,-110.5000,43.2500
697710,Walls,"Exterior - 12 5/8"" Rainscreen w Insultation on Metal Stud",,CurveMidpt,,-74.9375,42.2240,-5.9167,-74.9375,42.2240,-74.9375,42.2240,-100.1250,41.6979,-49.7500,42.7500
705683,Cameras,Camera - Exterior Street View (Real),,BBoxCenter,,-26.1040,-63.9239,36.5045,-26.1040,-63.9239,-26.1040,-63.9239,-116.8507,-121.0847,64.6427,-6.7631
716293,Vertical Circulation,3500 lbs,,Point,,-95.4583,29.6667,0.0000,-95.4583,29.6667,-95.4583,29.6667,-99.6250,26.2083,-91.2917,33.1250
724803,Specialty Equipment,"48"" x 84""",,Point,360.0000,-95.4583,25.6250,-5.9167,-95.4583,25.6250,-95.4583,25.6250,-99.4583,24.8517,-91.4583,26.2083
724864,Vertical Circulation,3500 lbs,,Point,,-1.0833,23.5000,0.0000,-1.0833,23.5000,-1.0833,23.5000,-5.2500,20.0417,3.0833,26.9583
725419,Walls,"Interior - 7 1/4"" Partition (NR)",,CurveMidpt,,-12.9583,18.9167,-3.4583,-12.9583,18.9167,-12.9583,18.9167,-20.2500,18.6146,-5.6667,19.2188
733588,Floors,Finish Floor - Ceramic Tile (Wood),,BBoxCenter,,-70.4792,21.1875,-6.1667,-70.4792,21.1875,-70.4792,21.1875,-90.4063,9.1458,-50.5521,33.2292
734069,Specialty Equipment,"48"" x 84""",,Point,360.0000,-0.9167,19.2917,-3.4583,-0.9167,19.2917,-0.9167,19.2917,-4.9167,18.5183,3.0833,19.8750
735382,Walls,"Core - Concrete 10""",,CurveMidpt,,-1.3568,19.2917,-3.4583,-1.3568,19.2917,-1.3568,19.2917,-6.2135,18.8750,3.5000,19.7083
735544,Walls,"Interior - 6 1/8"" Partition (2-hr)",,CurveMidpt,,-90.3073,22.0833,-5.9167,-90.3073,22.0833,-90.3073,22.0833,-90.5625,19.0885,-90.0521,25.2083
735573,Walls,"Exterior - 10 1/4"" Rainscreen w Insultation on Metal Stud",,CurveMidpt,,-70.0599,9.0729,-5.9167,-70.0599,9.0729,-70.0599,9.0729,-90.4792,8.6458,-49.6406,9.5000
736143,Walls,"Exterior - 12 5/8"" Rainscreen w Insultation on Metal Stud",,CurveMidpt,,-57.1380,36.2240,-5.9167,-57.1380,36.2240,-57.1380,36.2240,-65.5521,35.6979,-49.2500,36.7500
736187,Walls,"Exterior - 12 5/8"" Rainscreen w Insultation on Metal Stud",,CurveMidpt,,-65.0260,39.2240,-5.9167,-65.0260,39.2240,-65.0260,39.2240,-65.5521,36.2240,-64.5000,42.2240
737269,Walls,"Interior - 4 7/8"" Partition (1-hr)",,CurveMidpt,,-54.4010,28.8699,-5.9167,-54.4010,28.8699,-54.4010,28.8699,-54.6042,21.5159,-54.1979,36.2240
737373,Walls,"Interior - 7 1/4"" Partition (1 hr)",,CurveMidpt,,-65.2500,28.3073,-5.9167,-65.2500,28.3073,-65.2500,28.3073,-65.5521,20.3906,-64.9479,36.2240
738550,Furniture,"36"" Diameter",,Point,,-80.0000,12.5417,-5.9167,-80.0000,12.5417,-80.0000,12.5417,-82.2995,10.2422,-77.7005,14.8411
738551,Furniture,Chair-Breuer,,Point,180.0000,-79.9998,14.0352,-5.9167,-79.9998,14.0352,-79.9998,14.0352,-80.7096,13.2422,-79.2909,14.8411
738552,Furniture,Chair-Breuer,,Point,270.0000,-81.4935,12.5418,-5.9167,-81.4935,12.5418,-81.4935,12.5418,-82.2995,11.8321,-80.7005,13.2508
738553,Furniture,Chair-Breuer,,Point,90.0000,-78.5065,12.5415,-5.9167,-78.5065,12.5415,-78.5065,12.5415,-79.2995,11.8326,-77.7005,13.2513
738554,Furniture,Chair-Breuer,,Point,360.0000,-80.0002,11.0482,-5.9167,-80.0002,11.0482,-80.0002,11.0482,-80.7091,10.2422,-79.2904,11.8411
738615,Furniture,"36"" Diameter",,Point,,-73.5000,12.5417,-5.9167,-73.5000,12.5417,-73.5000,12.5417,-75.7995,10.2422,-71.2005,14.8411
738616,Furniture,Chair-Breuer,,Point,180.0000,-73.4998,14.0352,-5.9167,-73.4998,14.0352,-73.4998,14.0352,-74.2096,13.2422,-72.7909,14.8411
738617,Furniture,Chair-Breuer,,Point,270.0000,-74.9935,12.5418,-5.9167,-74.9935,12.5418,-74.9935,12.5418,-75.7995,11.8321,-74.2005,13.2508
738618,Furniture,Chair-Breuer,,Point,90.0000,-72.0065,12.5415,-5.9167,-72.0065,12.5415,-72.0065,12.5415,-72.7995,11.8326,-71.2005,13.2513
738619,Furniture,Chair-Breuer,,Point,360.0000,-73.5002,11.0482,-5.9167,-73.5002,11.0482,-73.5002,11.0482,-74.2091,10.2422,-72.7904,11.8411
738670,Furniture,"36"" Diameter",,Point,,-66.5000,12.5417,-5.9167,-66.5000,12.5417,-66.5000,12.5417,-68.7995,10.2422,-64.2005,14.8411
738671,Furniture,Chair-Breuer,,Point,180.0000,-66.4998,14.0352,-5.9167,-66.4998,14.0352,-66.4998,14.0352,-67.2096,13.2422,-65.7909,14.8411
738672,Furniture,Chair-Breuer,,Point,270.0000,-67.9935,12.5418,-5.9167,-67.9935,12.5418,-67.9935,12.5418,-68.7995,11.8321,-67.2005,13.2508
738673,Furniture,Chair-Breuer,,Point,90.0000,-65.0065,12.5415,-5.9167,-65.0065,12.5415,-65.0065,12.5415,-65.7995,11.8326,-64.2005,13.2513
738674,Furniture,Chair-Breuer,,Point,360.0000,-66.5002,11.0482,-5.9167,-66.5002,11.0482,-66.5002,11.0482,-67.2091,10.2422,-65.7904,11.8411
738713,Furniture,"36"" Diameter",,Point,,-59.8333,12.5417,-5.9167,-59.8333,12.5417,-59.8333,12.5417,-62.1328,10.2422,-57.5339,14.8411
738714,Furniture,Chair-Breuer,,Point,180.0000,-59.8332,14.0352,-5.9167,-59.8332,14.0352,-59.8332,14.0352,-60.5429,13.2422,-59.1242,14.8411
738715,Furniture,Chair-Breuer,,Point,270.0000,-61.3268,12.5418,-5.9167,-61.3268,12.5418,-61.3268,12.5418,-62.1328,11.8321,-60.5339,13.2508
738716,Furniture,Chair-Breuer,,Point,90.0000,-58.3398,12.5415,-5.9167,-58.3398,12.5415,-58.3398,12.5415,-59.1328,11.8326,-57.5339,13.2513
738717,Furniture,Chair-Breuer,,Point,360.0000,-59.8335,11.0482,-5.9167,-59.8335,11.0482,-59.8335,11.0482,-60.5424,10.2422,-59.1237,11.8411
738762,Furniture,"36"" Diameter",,Point,,-53.7500,12.5417,-5.9167,-53.7500,12.5417,-53.7500,12.5417,-56.0495,10.2422,-51.4505,14.8411
738763,Furniture,Chair-Breuer,,Point,180.0000,-53.7498,14.0352,-5.9167,-53.7498,14.0352,-53.7498,14.0352,-54.4596,13.2422,-53.0409,14.8411
738764,Furniture,Chair-Breuer,,Point,270.0000,-55.2435,12.5418,-5.9167,-55.2435,12.5418,-55.2435,12.5418,-56.0495,11.8321,-54.4505,13.2508
738765,Furniture,Chair-Breuer,,Point,90.0000,-52.2565,12.5415,-5.9167,-52.2565,12.5415,-52.2565,12.5415,-53.0495,11.8326,-51.4505,13.2513
738766,Furniture,Chair-Breuer,,Point,360.0000,-53.7502,11.0482,-5.9167,-53.7502,11.0482,-53.7502,11.0482,-54.4591,10.2422,-53.0404,11.8411
738934,Walls,"Interior - 4 7/8"" Partition (1-hr)",,CurveMidpt,,-80.3880,25.2448,-5.9167,-80.3880,25.2448,-80.3880,25.2448,-90.4583,25.0417,-70.1146,25.4479
739021,Walls,"Interior - 4 7/8"" Partition (1-hr)",,CurveMidpt,,-70.3177,26.9948,-5.9167,-70.3177,26.9948,-70.3177,26.9948,-70.5208,25.2448,-70.1146,28.9479
739059,Walls,"Interior - 4 7/8"" Partition (1-hr)",,CurveMidpt,,-67.7839,28.7448,-5.9167,-67.7839,28.7448,-67.7839,28.7448,-70.3177,28.5417,-65.2500,28.9479
742710,Doors,"36"" x 96""",102B,Point,360.0000,-67.4896,28.7448,-5.9167,-67.4896,28.7448,-67.4896,28.7448,-69.1563,26.4203,-65.8229,30.8088
742829,Doors,"42"" x 96"" (Exterior)",102A,Point,270.0000,-65.0260,39.0000,-5.9167,-65.0260,39.0000,-65.0260,39.0000,-65.5938,37.0208,-61.0833,40.9167
744342,Doors,"36"" x 84"" (90 MIN)",101D,Point,90.0000,-90.4792,13.8542,-5.6667,-90.4792,13.8542,-90.4792,13.8542,-93.9063,12.1875,-90.0104,15.5208
745589,Doors,"36"" x 96""",107B,Point,360.0000,-8.3125,18.9167,-3.4583,-8.3125,18.9167,-8.3125,18.9167,-9.9792,18.5729,-6.6458,22.2187
745827,Doors,"36"" x 96"" (Exterior)",105C,Point,360.0000,-22.9167,36.3021,-3.4583,-22.9167,36.3021,-22.9167,36.3021,-24.5833,35.7344,-21.1875,39.7448
745863,Doors,"36"" x 96"" (Exterior)",107C,Point,180.0000,-17.7500,36.3021,-3.4583,-17.7500,36.3021,-17.7500,36.3021,-19.4792,35.7344,-16.0833,39.7448
745963,Doors,"36"" x 96"" (Exterior)",108E,Point,270.0000,3.2760,38.8281,-3.4583,3.2760,38.8281,3.2760,38.8281,-0.1667,37.0990,3.8438,40.4948
747024,Walls,"Interior - 4 7/8"" Partition (NR)",,CurveMidpt,,32.5573,38.3438,-3.4583,32.5573,38.3438,32.5573,38.3438,32.3542,34.4635,32.7604,42.2240
747025,Walls,"Interior - 4 7/8"" Partition (NR)",,CurveMidpt,,33.0339,34.4635,-3.4583,33.0339,34.4635,33.0339,34.4635,24.8177,34.2604,41.2500,34.6667
747757,Rectangular Straight Wall Opening,Rectangular Straight Wall Opening,,BBoxCenter,,-57.1380,42.2240,-1.7500,-57.1380,42.2240,-57.1380,42.2240,-65.0260,41.6979,-49.2500,42.7500
756614,Walls,"Core - Concrete 10""",,CurveMidpt,,-1.0833,27.5417,-3.4583,-1.0833,27.5417,-1.0833,27.5417,-6.0833,27.1250,3.9167,27.9583
756775,Walls,"Core - Concrete 10""",,CurveMidpt,,-5.6667,23.0964,-3.4583,-5.6667,23.0964,-5.6667,23.0964,-6.0833,18.6510,-5.2500,27.5417
756965,Walls,"Core - Concrete 10""",,CurveMidpt,,-90.8750,29.7500,-5.9167,-90.8750,29.7500,-90.8750,29.7500,-91.2917,25.6250,-90.4583,34.2917
757097,Walls,"Core - Concrete 10""",,CurveMidpt,,-95.5000,33.8750,-5.9167,-95.5000,33.8750,-95.5000,33.8750,-100.1250,33.4583,-90.8750,34.2917
757247,Walls,"Core - Concrete 10""",,CurveMidpt,,-95.5000,25.6250,-5.9167,-95.5000,25.6250,-95.5000,25.6250,-100.1250,25.2083,-90.4583,26.0417
759388,Shaft Openings,Opening Cut,,BBoxCenter,,-95.0417,30.1667,20.4583,-95.0417,30.1667,-95.0417,30.1667,-99.6250,26.0417,-90.4583,34.2917
826376,Rooms,Stair S1,,Point,,-104.8534,21.9404,-5.9167,-104.8534,21.9404,-104.8534,21.9404,-109.0000,19.7083,-100.6250,41.7500
826593,Rooms,Stair S3,,Point,,46.3309,-0.3700,8.0833,46.3309,-0.3700,46.3309,-0.3700,41.7500,-19.6250,50.1250,1.8750
826600,Rooms,Stair S2,,Point,,-44.6959,21.6617,-3.4583,-44.6959,21.6617,-44.6959,21.6617,-48.7500,19.7083,-40.3750,42.7500
826702,Rooms,Elevator E1,,Point,,-95.4121,28.3550,-16.9167,-95.4121,28.3550,-95.4121,28.3550,-99.6250,26.0417,-91.2917,33.4583
826708,Rooms,Elevator E2,,Point,,-1.0178,22.1821,-3.4583,-1.0178,22.1821,-1.0178,22.1821,-5.2500,19.7083,3.0833,27.1250
826919,Shaft Openings,Opening Cut,,BBoxCenter,,-1.0833,23.8333,25.4583,-1.0833,23.8333,-1.0833,23.8333,-6.0833,19.7083,3.9167,27.9583
828508,Rooms,Café 101,,Point,,-81.0467,16.4169,-5.9167,-81.0467,16.4169,-81.0467,16.4169,-90.0521,9.5000,-50.6042,35.6979
828515,Rooms,Café Kitchen 102,,Point,,-79.2952,29.2395,-5.9167,-79.2952,29.2395,-79.2952,29.2395,-99.0729,25.4479,-65.5521,41.6979
828518,Rooms,Outdoor Covered Dining 103,,Point,,-79.3511,4.0632,-5.9167,-79.3511,4.0632,-79.3511,4.0632,-90.4792,-7.9167,-49.7500,8.6458
828521,Rooms,Pocket Park 104,,Point,,-84.9573,-19.3180,-5.9167,-84.9573,-19.3180,-84.9573,-19.3180,-111.5000,-29.1750,-49.7500,18.2604
828534,Rooms,Commercial/Retail 105,,Point,,-35.5175,0.1021,-3.4583,-35.5175,0.1021,-35.5175,0.1021,-49.0312,-27.6229,-20.7396,35.7760
828537,Rooms,Residential Lobby 106,,Point,,-8.7830,-8.9245,-3.4583,-8.7830,-8.9245,-8.7830,-8.9245,-19.7604,-28.3542,3.0938,18.6146
828540,Rooms,Utility 107,,Point,,-8.5281,30.9842,-3.4583,-8.5281,30.9842,-8.5281,30.9842,-19.7604,19.2187,8.9167,35.7760
828548,Rooms,Commercial/Retail 108,,Point,,23.7843,0.0000,0.0000,23.7843,0.0000,23.7843,0.0000,3.8021,-30.4219,40.7708,41.6979
828551,Rooms,Commercial/Retail 109,,Point,,55.4648,-3.5861,0.0000,55.4648,-3.5861,55.4648,-3.5861,41.7396,-28.8565,70.5743,41.6979
832422,Ramps,Ramp 1,,BBoxCenter,,33.4003,-2.7917,-1.4583,33.4003,-2.7917,33.4003,-2.7917,27.1486,-6.2917,39.6520,0.7083
832424,Railings,Handrail - Pipe,,BBoxCenter,,32.3056,-2.7942,-1.2291,32.3056,-2.7942,32.3056,-2.7942,27.8917,-3.3591,36.7195,-2.2292
832428,Railings,Handrail - Pipe,,BBoxCenter,,33.8031,-2.7917,-1.2291,33.8031,-2.7917,33.8031,-2.7917,27.8917,-6.3542,39.7145,0.7708
832432,Top Rails,"Circular - 1 1/2""",,BBoxCenter,,32.3108,-2.7942,0.2081,32.3108,-2.7942,32.3108,-2.7942,27.9020,-3.3591,36.7195,-2.2292
832452,Top Rails,"Circular - 1 1/2""",,BBoxCenter,,33.8083,-2.7917,0.2081,33.8083,-2.7917,33.8083,-2.7917,27.9020,-6.3542,39.7145,0.7708
832580,Stairs,Stair,,BBoxCenter,,14.8927,-5.3750,-2.6288,14.8927,-5.3750,14.8927,-5.3750,10.7260,-6.2917,19.0594,-4.4583
832703,Runs,"2"" Tread 1"" Nosing 1/4"" Riser",,BBoxCenter,,14.8094,-5.4271,-2.7208,14.8094,-5.4271,14.8094,-5.4271,10.7260,-6.3958,18.8927,-4.4583
832705,Supports,"Stringer - 2"" Width",,BBoxCenter,,18.9760,-5.3750,-2.6288,18.9760,-5.3750,18.9760,-5.3750,18.8927,-6.2917,19.0594,-4.4583
832706,Supports,"Stringer - 2"" Width",,BBoxCenter,,10.8094,-5.3750,-2.6288,10.8094,-5.3750,10.8094,-5.3750,10.7260,-6.2917,10.8927,-4.4583
832730,Railings,Handrail - Pipe,,BBoxCenter,,8.1323,-5.6146,-0.9750,8.1323,-5.6146,8.1323,-5.6146,5.2260,-6.7708,11.0385,-4.4583
832734,Railings,Handrail - Pipe,,BBoxCenter,,22.7365,-4.9375,-0.9750,22.7365,-4.9375,22.7365,-4.9375,18.7469,-6.7708,26.7260,-3.1042
832740,Top Rails,"Circular - 1 1/2""",,BBoxCenter,,8.1323,-5.6146,0.4541,8.1323,-5.6146,8.1323,-5.6146,5.2260,-6.7708,11.0385,-4.4583
832772,Top Rails,"Circular - 1 1/2""",,BBoxCenter,,22.7365,-4.9375,0.4541,22.7365,-4.9375,22.7365,-4.9375,18.7469,-6.7708,26.7260,-3.1042
850641,Cameras,At Ramp,,BBoxCenter,,66.1324,-53.6592,3.3187,66.1324,-53.6592,66.1324,-53.6592,-12.0082,-133.0302,144.2729,25.7118
851333,Walls,"Foundation - 24"" Concrete",,CurveMidpt,,51.5922,41.7500,-16.9167,51.5922,41.7500,51.5922,41.7500,41.3067,40.7500,61.8776,42.7500
851665,Cameras,Loft Unit,,BBoxCenter,,-28.5464,13.3330,37.1183,-28.5464,13.3330,-28.5464,13.3330,-91.8648,-30.2202,34.7720,56.8862
851719,Cameras,Residential Lobby,,BBoxCenter,,-52.2825,38.0241,29.1767,-52.2825,38.0241,-52.2825,38.0241,-117.5981,-28.4715,13.0330,104.5197
853376,Cameras,3D Solar Study,,BBoxCenter,,-2024.5419,-819.6914,1402.3477,-2024.5419,-819.6914,-2024.5419,-819.6914,-4665.9831,-2436.6592,616.8993,797.2763
854986,Elevations,Elevation 4,,BBoxCenter,,-30.8760,62.8284,0.0000,-30.8760,62.8284,-30.8760,62.8284,-34.0000,59.8284,-27.7519,65.8284
854987,Views,North,,BBoxCenter,,-30.0000,62.4142,0.0000,-30.0000,62.4142,-30.0000,62.4142,-32.8284,61.0000,-27.1716,63.8284
855056,Elevations,Elevation 2,,BBoxCenter,,-30.8835,-48.8284,0.0000,-30.8835,-48.8284,-30.8835,-48.8284,-34.0000,-51.8284,-27.7669,-45.8284
855057,Views,South,,BBoxCenter,,-30.0000,-46.4142,0.0000,-30.0000,-46.4142,-30.0000,-46.4142,-32.8284,-47.8284,-27.1716,-45.0000
868473,Doors,"36"" x 84""",108B,Point,180.0000,34.6979,34.4635,-3.4583,34.6979,34.4635,34.6979,34.4635,33.0313,34.2187,36.3646,37.6667
874809,Plumbing Fixtures,"22"" x 27""",153,Point,,34.1771,42.2240,-2.0738,34.1771,42.2240,34.1771,42.2240,33.2604,38.8066,35.0938,41.6979
874810,Specialty Equipment,"28"" x 48""",,Point,,34.1771,42.2240,0.0417,34.1771,42.2240,34.1771,42.2240,33.0104,40.6244,35.3438,41.6979
874811,Specialty Equipment,Grab Bar,,Point,,40.0938,41.6667,-3.4583,40.0938,41.6667,40.0938,41.6667,36.3438,36.9167,40.0938,41.6667
874817,Plumbing Fixtures,Floor Drain-2D,154,Point,180.0000,36.5938,37.9167,-3.4583,36.5938,37.9167,36.5938,37.9167,36.0770,37.4167,37.0938,38.4167
881705,Walls,"Core - Concrete 18""",,CurveMidpt,,-49.5000,30.8542,-16.9167,-49.5000,30.8542,-49.5000,30.8542,-50.2500,18.2083,-48.7500,43.7500
881706,Walls,"Core - Concrete 12""",,CurveMidpt,,-39.8750,30.8542,-16.9167,-39.8750,30.8542,-39.8750,30.8542,-40.3750,18.2083,-39.3750,43.7500
881716,Walls,"Core - Concrete 12""",,CurveMidpt,,-49.2500,39.7370,-3.4583,-49.2500,39.7370,-49.2500,39.7370,-49.7500,35.6979,-48.7500,43.7500
881717,Walls,"Core - Concrete 12""",,CurveMidpt,,-39.8750,27.7292,-3.4583,-39.8750,27.7292,-39.8750,27.7292,-40.3750,19.2083,-39.3750,36.2500
881721,Walls,"Core - Concrete 12""",,CurveMidpt,,-39.8750,39.7500,-3.4583,-39.8750,39.7500,-39.8750,39.7500,-40.3750,36.2500,-39.3750,43.7500
881917,Floors,Stair Landing Steel Plate,,BBoxCenter,,-44.5625,26.3698,-3.4687,-44.5625,26.3698,-44.5625,26.3698,-48.7292,19.7292,-40.3958,33.0104
881925,Slab Edges,_Stair Landing Plate Stringer,,BBoxCenter,,-46.0521,26.8055,-2.3333,-46.0521,26.8055,-46.0521,26.8055,-51.7292,19.7083,-40.3750,33.9027
881948,Stairs,Stair,,BBoxCenter,,-44.5625,34.0417,2.3125,-44.5625,34.0417,-44.5625,34.0417,-48.7500,25.0417,-40.3750,43.0417
881949,Runs,"1/4"" Tread 1"" Nosing 1/4"" Riser",,BBoxCenter,,-42.2292,30.9463,2.3125,-42.2292,30.9463,-42.2292,30.9463,-44.0625,24.9343,-40.3958,36.9583
881951,Supports,"_Stringer - 1/4"" Plate",,BBoxCenter,,-40.3854,31.4672,2.4327,-40.3854,31.4672,-40.3854,31.4672,-40.3958,25.0417,-40.3750,37.8927
881952,Supports,"_Stringer - 1/4"" Plate",,BBoxCenter,,-44.0729,31.4672,2.4327,-44.0729,31.4672,-44.0729,31.4672,-44.0833,25.0417,-44.0625,37.8927
881953,Railings,_IBC-Pipe-Plate Stringer (Extension None),,BBoxCenter,,-44.5625,31.7604,4.3060,-44.5625,31.7604,-44.5625,31.7604,-45.3021,24.7708,-43.8229,38.7499
881957,Railings,Pipe-Wall Mount,,BBoxCenter,,-48.7396,34.7604,0.4604,-48.7396,34.7604,-48.7396,34.7604,-49.4756,30.7604,-48.0035,38.7604
881963,Top Rails,"_IBC-Circular - 1 1/2"" (Extension None)",,BBoxCenter,,-45.0521,34.6150,1.5309,-45.0521,34.6150,-45.0521,34.6150,-45.1146,31.7604,-44.9896,37.4697
881977,Handrails,"_IBC-Bottom Rail Circular - 1 1/2""",,BBoxCenter,,-45.0521,34.6150,-1.0237,-45.0521,34.6150,-45.0521,34.6150,-45.1146,31.7604,-44.9896,37.4697
881991,Handrails,"_IBC-Handrail Circular - 1 1/2"" (Extension None)",,BBoxCenter,,-45.2396,34.6150,1.0309,-45.2396,34.6150,-45.2396,34.6150,-45.3021,31.7604,-45.1771,37.4697
882020,Supports,"2'-8"" Picket",,Point,270.0000,-45.0521,32.0823,-2.7594,-45.0521,32.0823,-45.0521,32.0823,-45.0729,32.0615,-45.0313,32.1032
882021,Supports,"2'-8"" Picket",,Point,270.0000,-45.0521,32.3637,-2.5822,-45.0521,32.3637,-45.0521,32.3637,-45.0729,32.3429,-45.0313,32.3845
882022,Supports,"2'-8"" Picket",,Point,270.0000,-45.0521,32.6451,-2.4051,-45.0521,32.6451,-45.0521,32.6451,-45.0729,32.6242,-45.0313,32.6659
882023,Supports,"2'-8"" Picket",,Point,270.0000,-45.0521,32.9264,-2.2280,-45.0521,32.9264,-45.0521,32.9264,-45.0729,32.9056,-45.0313,32.9473
882024,Supports,"2'-8"" Picket",,Point,270.0000,-45.0521,33.2078,-2.0508,-45.0521,33.2078,-45.0521,33.2078,-45.0729,33.1870,-45.0313,33.2287
882025,Supports,"2'-8"" Picket",,Point,270.0000,-45.0521,33.4892,-1.8737,-45.0521,33.4892,-45.0521,33.4892,-45.0729,33.4684,-45.0313,33.5100
882026,Supports,"2'-8"" Picket",,Point,270.0000,-45.0521,33.7706,-1.6966,-45.0521,33.7706,-45.0521,33.7706,-45.0729,33.7497,-45.0313,33.7914
882027,Supports,"2'-8"" Picket",,Point,270.0000,-45.0521,34.0519,-1.5194,-45.0521,34.0519,-45.0521,34.0519,-45.0729,34.0311,-45.0313,34.0728
882028,Supports,"2'-8"" Picket",,Point,270.0000,-45.0521,34.3333,-1.3423,-45.0521,34.3333,-45.0521,34.3333,-45.0729,34.3125,-45.0313,34.3542
882029,Supports,"2'-8"" Picket",,Point,270.0000,-45.0521,34.6147,-1.1651,-45.0521,34.6147,-45.0521,34.6147,-45.0729,34.5939,-45.0313,34.6355
882030,Supports,"2'-8"" Picket",,Point,270.0000,-45.0521,34.8961,-0.9880,-45.0521,34.8961,-45.0521,34.8961,-45.0729,34.8752,-45.0313,34.9169
882031,Supports,"2'-8"" Picket",,Point,270.0000,-45.0521,35.1774,-0.8109,-45.0521,35.1774,-45.0521,35.1774,-45.0729,35.1566,-45.0313,35.1983
882032,Supports,"2'-8"" Picket",,Point,270.0000,-45.0521,35.4588,-0.6337,-45.0521,35.4588,-45.0521,35.4588,-45.0729,35.4380,-45.0313,35.4797
882033,Supports,"2'-8"" Picket",,Point,270.0000,-45.0521,35.7402,-0.4566,-45.0521,35.7402,-45.0521,35.7402,-45.0729,35.7194,-45.0313,35.7610
882034,Supports,"2'-8"" Picket",,Point,270.0000,-45.0521,36.0216,-0.2794,-45.0521,36.0216,-45.0521,36.0216,-45.0729,36.0007,-45.0313,36.0424
882035,Supports,"2'-8"" Picket",,Point,270.0000,-45.0521,36.3029,-0.1023,-45.0521,36.3029,-45.0521,36.3029,-45.0729,36.2821,-45.0313,36.3238
882036,Supports,"2'-8"" Picket",,Point,270.0000,-45.0521,36.5843,0.0748,-45.0521,36.5843,-45.0521,36.5843,-45.0729,36.5635,-45.0313,36.6052
882037,Supports,"2'-8"" Picket",,Point,270.0000,-45.0521,36.8657,0.2520,-45.0521,36.8657,-45.0521,36.8657,-45.0729,36.8449,-45.0313,36.8865
882038,Supports,"2'-8"" Picket",,Point,270.0000,-45.0521,37.1471,0.4291,-45.0521,37.1471,-45.0521,37.1471,-45.0729,37.1262,-45.0313,37.1679
882076,Railings,_IBC-Pipe-Plate Stringer (Extension None),,BBoxCenter,,-44.5625,27.8802,-1.7917,-44.5625,27.8802,-44.5625,27.8802,-45.3021,23.9792,-43.8229,31.7812
882081,Top Rails,"_IBC-Circular - 1 1/2"" (Extension None)",,BBoxCenter,,-44.5625,27.9635,-0.1875,-44.5625,27.9635,-44.5625,27.9635,-45.1146,24.1667,-44.0104,31.7604
882094,Handrails,"_IBC-Bottom Rail Circular - 1 1/2""",,BBoxCenter,,-44.5625,27.9635,-2.7422,-44.5625,27.9635,-44.5625,27.9635,-45.1146,24.1667,-44.0104,31.7604
882107,Handrails,"_IBC-Handrail Circular - 1 1/2"" (Extension None)",,BBoxCenter,,-44.5625,27.8698,-0.6875,-44.5625,27.8698,-44.5625,27.8698,-45.3021,23.9792,-43.8229,31.7604
882121,Supports,"2'-8"" Picket",,Point,90.0000,-44.0729,24.4007,-2.8047,-44.0729,24.4007,-44.0729,24.4007,-44.0938,24.3799,-44.0521,24.4216
882122,Supports,"2'-8"" Picket",,Point,360.0000,-44.3013,24.2292,-2.8047,-44.3013,24.2292,-44.3013,24.2292,-44.3221,24.2083,-44.2805,24.2500
882123,Supports,"2'-8"" Picket",,Point,360.0000,-44.6297,24.2292,-2.8047,-44.6297,24.2292,-44.6297,24.2292,-44.6505,24.2083,-44.6089,24.2500
882124,Supports,"2'-8"" Picket",,Point,335.0052,-44.9558,24.2448,-2.8047,-44.9558,24.2448,-44.9558,24.2448,-44.9835,24.2171,-44.9282,24.2725
882125,Supports,"2'-8"" Picket",,Point,270.0000,-45.0521,24.5352,-2.8047,-45.0521,24.5352,-45.0521,24.5352,-45.0729,24.5143,-45.0313,24.5560
882126,Supports,"2'-8"" Picket",,Point,270.0000,-45.0521,24.8636,-2.8047,-45.0521,24.8636,-45.0521,24.8636,-45.0729,24.8427,-45.0313,24.8844
882127,Supports,"2'-8"" Picket",,Point,270.0000,-45.0521,25.1920,-2.8047,-45.0521,25.1920,-45.0521,25.1920,-45.0729,25.1712,-45.0313,25.2128
882128,Supports,"2'-8"" Picket",,Point,270.0000,-45.0521,25.5204,-2.8047,-45.0521,25.5204,-45.0521,25.5204,-45.0729,25.4996,-45.0313,25.5412
882129,Supports,"2'-8"" Picket",,Point,270.0000,-45.0521,25.8488,-2.8047,-45.0521,25.8488,-45.0521,25.8488,-45.0729,25.8280,-45.0313,25.8697
882130,Supports,"2'-8"" Picket",,Point,270.0000,-45.0521,26.1773,-2.8047,-45.0521,26.1773,-45.0521,26.1773,-45.0729,26.1564,-45.0313,26.1981
882800,Walls,"Core - Concrete 12""",,CurveMidpt,,-44.8776,19.2083,-3.4583,-44.8776,19.2083,-44.8776,19.2083,-49.8802,18.7083,-39.3750,19.7083
882827,Stairs,Stair,,BBoxCenter,,-44.5625,33.3646,-10.0618,-44.5625,33.3646,-44.5625,33.3646,-48.7500,24.9792,-40.3750,41.7500
882828,Runs,"1/4"" Tread 1"" Nosing 1/4"" Riser",,BBoxCenter,,-46.9063,30.5746,-10.1875,-46.9063,30.5746,-46.9063,30.5746,-48.7500,25.4792,-45.0625,35.6700
882830,Supports,"_Stringer - 1/4"" Plate",,BBoxCenter,,-48.7396,30.6435,-10.1875,-48.7396,30.6435,-48.7396,30.6435,-48.7500,25.4792,-48.7292,35.8079
882831,Supports,"_Stringer - 1/4"" Plate",,BBoxCenter,,-45.0521,30.6435,-10.1875,-45.0521,30.6435,-45.0521,30.6435,-45.0625,25.4792,-45.0417,35.8079
882832,Runs,"1/4"" Tread 1"" Nosing 1/4"" Riser",,BBoxCenter,,-42.2188,29.9671,-10.1875,-42.2188,29.9671,-42.2188,29.9671,-44.0625,24.8717,-40.3750,35.0625
882834,Landings,Non-Monolithic Landing,,BBoxCenter,,-44.5625,38.3421,-10.1875,-44.5625,38.3421,-44.5625,38.3421,-48.7292,34.9550,-40.3958,41.7292
882836,Supports,"_Stringer - 1/4"" Plate",,BBoxCenter,,-40.3854,30.4973,-10.0618,-40.3854,30.4973,-40.3854,30.4973,-40.3958,24.9792,-40.3750,36.0154
882837,Supports,"_Stringer - 1/4"" Plate",,BBoxCenter,,-44.0729,30.4973,-10.0618,-44.0729,30.4973,-44.0729,30.4973,-44.0833,24.9792,-44.0625,36.0154
882838,Supports,"_Stringer - 1/4"" Plate",,BBoxCenter,,-40.3854,38.4063,-10.1875,-40.3854,38.4063,-40.3854,38.4063,-40.3958,35.0625,-40.3750,41.7500
882839,Supports,"_Stringer - 1/4"" Plate",,BBoxCenter,,-44.5625,41.7396,-10.1875,-44.5625,41.7396,-44.5625,41.7396,-48.7500,41.7292,-40.3750,41.7500
882840,Supports,"_Stringer - 1/4"" Plate",,BBoxCenter,,-48.7396,38.6381,-10.1875,-48.7396,38.6381,-48.7396,38.6381,-48.7500,35.5263,-48.7292,41.7500
882841,Supports,"_Stringer - 1/4"" Plate",,BBoxCenter,,-45.0521,36.0444,-10.1875,-45.0521,36.0444,-45.0521,36.0444,-45.0625,35.5263,-45.0417,36.5625
882842,Supports,"_Stringer - 1/4"" Plate",,BBoxCenter,,-44.5625,36.5521,-10.1875,-44.5625,36.5521,-44.5625,36.5521,-45.0625,36.5417,-44.0625,36.5625
882843,Supports,"_Stringer - 1/4"" Plate",,BBoxCenter,,-44.0729,35.8125,-10.1875,-44.0729,35.8125,-44.0729,35.8125,-44.0833,35.0625,-44.0625,36.5625
882844,Railings,_IBC-Pipe-Plate Stringer (Extension None),,BBoxCenter,,-42.8802,30.1354,-8.1875,-42.8802,30.1354,-42.8802,30.1354,-45.3021,23.4688,-40.4583,36.8021
882848,Railings,Pipe-Wall Mount,,BBoxCenter,,-48.7396,30.0625,-6.9583,-48.7396,30.0625,-48.7396,30.0625,-49.4756,23.3125,-48.0035,36.8125
882862,Top Rails,"_IBC-Circular - 1 1/2"" (Extension None)",,BBoxCenter,,-42.7865,30.1354,-8.5208,-42.7865,30.1354,-42.7865,30.1354,-45.1146,23.6563,-40.4583,36.6146
882881,Handrails,"_IBC-Bottom Rail Circular - 1 1/2""",,BBoxCenter,,-42.8281,30.1354,-9.4714,-42.8281,30.1354,-42.8281,30.1354,-45.1146,23.6563,-40.5417,36.6146
882900,Handrails,"_IBC-Handrail Circular - 1 1/2"" (Extension None)",,BBoxCenter,,-42.9219,30.1354,-7.4167,-42.9219,30.1354,-42.9219,30.1354,-45.3021,23.4688,-40.5417,36.8021
883021,Supports,"2'-8"" Picket",,Point,90.0000,-44.0729,30.1247,-5.9524,-44.0729,30.1247,-44.0729,30.1247,-44.0938,30.1039,-44.0521,30.1456
883022,Supports,"2'-8"" Picket",,Point,90.0000,-44.0729,29.8428,-5.7800,-44.0729,29.8428,-44.0729,29.8428,-44.0938,29.8220,-44.0521,29.8636
883023,Supports,"2'-8"" Picket",,Point,90.0000,-44.0729,29.5609,-5.6075,-44.0729,29.5609,-44.0729,29.5609,-44.0938,29.5400,-44.0521,29.5817
883024,Supports,"2'-8"" Picket",,Point,90.0000,-44.0729,29.2789,-5.4350,-44.0729,29.2789,-44.0729,29.2789,-44.0938,29.2581,-44.0521,29.2998
883047,Supports,"2'-8"" Picket",,Point,270.0000,-45.0521,26.5057,-2.8047,-45.0521,26.5057,-45.0521,26.5057,-45.0729,26.4848,-45.0313,26.5265
883048,Supports,"2'-8"" Picket",,Point,270.0000,-45.0521,26.8341,-2.8047,-45.0521,26.8341,-45.0521,26.8341,-45.0729,26.8133,-45.0313,26.8549
883049,Supports,"2'-8"" Picket",,Point,270.0000,-45.0521,27.1625,-2.8047,-45.0521,27.1625,-45.0521,27.1625,-45.0729,27.1417,-45.0313,27.1833
883050,Supports,"2'-8"" Picket",,Point,270.0000,-45.0521,27.4909,-2.8047,-45.0521,27.4909,-45.0521,27.4909,-45.0729,27.4701,-45.0313,27.5118
883051,Supports,"2'-8"" Picket",,Point,270.0000,-45.0521,27.8193,-2.8047,-45.0521,27.8193,-45.0521,27.8193,-45.0729,27.7985,-45.0313,27.8402
883052,Supports,"2'-8"" Picket",,Point,270.0000,-45.0521,28.1478,-2.8047,-45.0521,28.1478,-45.0521,28.1478,-45.0729,28.1269,-45.0313,28.1686
883053,Supports,"2'-8"" Picket",,Point,270.0000,-45.0521,28.4762,-2.8047,-45.0521,28.4762,-45.0521,28.4762,-45.0729,28.4553,-45.0313,28.4970
883054,Supports,"2'-8"" Picket",,Point,270.0000,-45.0521,28.8046,-2.8047,-45.0521,28.8046,-45.0521,28.8046,-45.0729,28.7838,-45.0313,28.8254
883055,Supports,"2'-8"" Picket",,Point,270.0000,-45.0521,29.1330,-2.8047,-45.0521,29.1330,-45.0521,29.1330,-45.0729,29.1122,-45.0313,29.1538
883056,Supports,"2'-8"" Picket",,Point,270.0000,-45.0521,29.4614,-2.8047,-45.0521,29.4614,-45.0521,29.4614,-45.0729,29.4406,-45.0313,29.4823
883057,Supports,"2'-8"" Picket",,Point,270.0000,-45.0521,29.7899,-2.8047,-45.0521,29.7899,-45.0521,29.7899,-45.0729,29.7690,-45.0313,29.8107
883058,Supports,"2'-8"" Picket",,Point,270.0000,-45.0521,30.1183,-2.8047,-45.0521,30.1183,-45.0521,30.1183,-45.0729,30.0974,-45.0313,30.1391
883766,Runs,"1/4"" Tread 1"" Nosing 1/4"" Riser",,BBoxCenter,,-46.8958,35.2724,2.3125,-46.8958,35.2724,-46.8958,35.2724,-48.7292,32.9270,-45.0625,37.6178
883768,Supports,"_Stringer - 1/4"" Plate",,BBoxCenter,,-48.7396,35.3541,2.3125,-48.7396,35.3541,-48.7396,35.3541,-48.7500,32.9270,-48.7292,37.7812
883769,Supports,"_Stringer - 1/4"" Plate",,BBoxCenter,,-45.0521,35.3541,2.3125,-45.0521,35.3541,-45.0521,35.3541,-45.0625,32.9270,-45.0417,37.7812
884177,Landings,Non-Monolithic Landing,,BBoxCenter,,-44.5625,39.9463,2.3125,-44.5625,39.9463,-44.5625,39.9463,-48.7292,36.8509,-40.3958,43.0417
887288,Walls,"Interior - 6 1/8"" Partition (2-hr)",,CurveMidpt,,6.3776,13.5417,-3.4583,6.3776,13.5417,6.3776,13.5417,3.5833,13.2865,9.4271,13.7969
887308,Walls,"Interior - 6 1/8"" Partition (2-hr)",,CurveMidpt,,9.1719,18.5000,-3.4583,9.1719,18.5000,9.1719,18.5000,8.9167,13.5417,9.4271,23.4583
887347,Walls,"Interior - 6 1/8"" Partition (2-hr)",,CurveMidpt,,6.2240,36.0313,-3.4583,6.2240,36.0313,6.2240,36.0313,3.2760,35.7760,9.4271,36.2865
887939,Walls,"Interior - 6 1/8"" Partition (2-hr)",,CurveMidpt,,6.5833,20.2083,-3.4583,6.5833,20.2083,6.5833,20.2083,3.9948,19.9531,9.1719,20.4635
888013,Walls,"Interior - 6 1/8"" Partition (2-hr)",,CurveMidpt,,6.3359,23.4583,-3.4583,6.3359,23.4583,6.3359,23.4583,3.5000,23.2031,9.1719,23.7135
889286,Walls,"Interior - 6 1/8"" Partition (2-hr)",,CurveMidpt,,9.1719,29.7448,-3.4583,9.1719,29.7448,9.1719,29.7448,8.9167,23.4583,9.4271,36.0313
900483,Supports,"2'-8"" Picket",,Point,90.0000,-44.0729,28.9970,-5.2626,-44.0729,28.9970,-44.0729,28.9970,-44.0938,28.9762,-44.0521,29.0178
900484,Supports,"2'-8"" Picket",,Point,90.0000,-44.0729,28.7150,-5.0901,-44.0729,28.7150,-44.0729,28.7150,-44.0938,28.6942,-44.0521,28.7359
900485,Supports,"2'-8"" Picket",,Point,90.0000,-44.0729,28.4331,-4.9176,-44.0729,28.4331,-44.0729,28.4331,-44.0938,28.4123,-44.0521,28.4539
900486,Supports,"2'-8"" Picket",,Point,90.0000,-44.0729,28.1512,-4.7451,-44.0729,28.1512,-44.0729,28.1512,-44.0938,28.1303,-44.0521,28.1720
900487,Supports,"2'-8"" Picket",,Point,90.0000,-44.0729,27.8692,-4.5727,-44.0729,27.8692,-44.0729,27.8692,-44.0938,27.8484,-44.0521,27.8901
900488,Supports,"2'-8"" Picket",,Point,90.0000,-44.0729,27.5873,-4.4002,-44.0729,27.5873,-44.0729,27.5873,-44.0938,27.5665,-44.0521,27.6081
900489,Supports,"2'-8"" Picket",,Point,90.0000,-44.0729,27.3054,-4.2277,-44.0729,27.3054,-44.0729,27.3054,-44.0938,27.2845,-44.0521,27.3262
900490,Supports,"2'-8"" Picket",,Point,90.0000,-44.0729,27.0234,-4.0552,-44.0729,27.0234,-44.0729,27.0234,-44.0938,27.0026,-44.0521,27.0443
900491,Supports,"2'-8"" Picket",,Point,90.0000,-44.0729,26.7415,-3.8828,-44.0729,26.7415,-44.0729,26.7415,-44.0938,26.7207,-44.0521,26.7623
900492,Supports,"2'-8"" Picket",,Point,90.0000,-44.0729,26.4596,-3.7103,-44.0729,26.4596,-44.0729,26.4596,-44.0938,26.4387,-44.0521,26.4804
900493,Supports,"2'-8"" Picket",,Point,90.0000,-44.0729,26.1776,-3.5378,-44.0729,26.1776,-44.0729,26.1776,-44.0938,26.1568,-44.0521,26.1984
900494,Supports,"2'-8"" Picket",,Point,90.0000,-44.0729,25.8957,-3.3654,-44.0729,25.8957,-44.0729,25.8957,-44.0938,25.8748,-44.0521,25.9165
903725,Shaft Openings,Opening Cut,,BBoxCenter,,5.9167,21.7917,-5.9167,5.9167,21.7917,5.9167,21.7917,5.1801,21.0551,6.6532,22.5282
1021629,Cameras,Camera at Kitchen 01,,BBoxCenter,,-113.1819,12.1298,-4.7057,-113.1819,12.1298,-113.1819,12.1298,-161.8448,-47.4834,-64.5190,71.7431
1021814,Rectangular Straight Wall Opening,Rectangular Straight Wall Opening,,BBoxCenter,,-86.7917,25.2448,0.0417,-86.7917,25.2448,-86.7917,25.2448,-89.2917,25.0417,-84.2917,25.4479
1021927,Casework,"3' 7 1/2"" Height",,Point,,-89.2917,25.5417,-5.9167,-89.2917,25.5417,-89.2917,25.5417,-89.2917,20.0950,-84.2917,25.6250
1022192,Cameras,Camera at Kitchen 03,,BBoxCenter,,-43.4818,43.8968,-1.1084,-43.4818,43.8968,-43.4818,43.8968,-89.9321,-32.2428,2.9685,120.0363
1022216,Cameras,Camera - Exterior River View,,BBoxCenter,,-9.0827,20.9664,52.5563,-9.0827,20.9664,-9.0827,20.9664,-127.4723,-71.2011,109.3068,113.1338
1047579,Walls,"Foundation - 24"" Concrete",,CurveMidpt,,-44.6875,42.7500,-16.9167,-44.6875,42.7500,-44.6875,42.7500,-49.5000,41.7500,-39.8750,43.7500
1047581,Walls,"Core - Concrete 12""",,CurveMidpt,,-44.5625,43.2500,-3.4583,-44.5625,43.2500,-44.5625,43.2500,-49.2500,42.7500,-39.8750,43.7500
1048451,Walls,Glazing Wall - Stair,,CurveMidpt,,-44.5833,43.2500,0.0000,-44.5833,43.2500,-44.5833,43.2500,-47.7708,42.7500,-41.3958,43.7500
1048452,Doors,Door-Curtain-Wall-Single-Storefront,S22A,BBoxCenter,,-46.0625,44.7188,4.0000,-46.0625,44.7188,-46.0625,44.7188,-47.5625,43.1458,-44.5625,46.2917
1048453,Curtain Wall Grids,Grid Line,,BBoxCenter,,-46.5833,43.2500,29.0833,-46.5833,43.2500,-46.5833,43.2500,-46.5833,42.7500,-46.5833,43.7500
1048475,Curtain Wall Mullions,"2.5"" x 5"" rectangular (Orange)",,Point,180.0000,-41.3958,43.2500,0.2083,-41.3958,43.2500,-41.3958,43.2500,-41.6042,43.0417,-41.3958,43.4583
1048482,Curtain Wall Mullions,"2.5"" x 5"" rectangular (Orange)",,Point,180.0000,-47.7708,43.2500,4.1042,-47.7708,43.2500,-47.7708,43.2500,-47.7708,43.0417,-47.5625,43.4583
1048527,Curtain Wall Grids,Grid Line,,BBoxCenter,,-42.5833,43.2500,-1.9167,-42.5833,43.2500,-42.5833,43.2500,-42.5833,42.7500,-42.5833,43.7500
1048528,Curtain Panels,Glazed,,BBoxCenter,,-42.0417,43.3542,2.1042,-42.0417,43.3542,-42.0417,43.3542,-42.4792,43.3125,-41.6042,43.3958
1048539,Curtain Wall Mullions,"2.5"" x 5"" rectangular (Orange)",,Point,180.0000,-42.5833,43.2500,0.0000,-42.5833,43.2500,-42.5833,43.2500,-42.5833,43.0417,-41.3958,43.4583
1048549,Curtain Wall Mullions,"2.5"" x 5"" rectangular (Black)",,Point,180.0000,-42.5833,43.2500,0.2083,-42.5833,43.2500,-42.5833,43.2500,-42.6875,43.0417,-42.4792,43.4583
1048604,Curtain Wall Grids,Grid Line,,BBoxCenter,,-44.4583,43.2500,29.0833,-44.4583,43.2500,-44.4583,43.2500,-44.4583,42.7500,-44.4583,43.7500
1048605,Curtain Panels,Glazed,,BBoxCenter,,-43.5208,43.3542,2.1042,-43.5208,43.3542,-43.5208,43.3542,-44.3542,43.3125,-42.6875,43.3958
1048620,Curtain Wall Mullions,"2.5"" x 5"" rectangular (Orange)",,Point,180.0000,-44.5625,43.2500,0.0000,-44.5625,43.2500,-44.5625,43.2500,-44.5625,43.0417,-42.5833,43.4583
1048634,Curtain Wall Mullions,"2.5"" x 5"" rectangular (Black)",,Point,180.0000,-44.4583,43.2500,0.2083,-44.4583,43.2500,-44.4583,43.2500,-44.5625,43.0417,-44.3542,43.4583
1069270,Cameras,Rooftop Seating Looking toward bandstand,,BBoxCenter,,-13.4018,-39.5300,51.2486,-13.4018,-39.5300,-13.4018,-39.5300,-76.3174,-85.9585,49.5138,6.8985
1135921,Food Service Equipment,"31""",,Point,,-85.4792,35.1198,-5.9167,-85.4792,35.1198,-85.4792,35.1198,-86.7812,31.4363,-84.1562,35.6198
1135922,Food Service Equipment,"28"" x 34""",,Point,180.0000,-71.6979,27.1720,-5.9167,-71.6979,27.1720,-71.6979,27.1720,-72.8385,25.7709,-70.5573,29.5138
1135923,Food Service Equipment,"39"" x 34""",,Point,180.0000,-74.6687,27.0455,-5.9167,-74.6687,27.0455,-74.6687,27.0455,-76.1172,25.7397,-72.8672,29.3328
1135924,Food Service Equipment,Refrig_Base_wDrawers,,Point,,-84.0729,35.1250,-5.9167,-84.0729,35.1250,-84.0729,35.1250,-84.0729,30.3333,-80.5729,35.1339
1135925,Food Service Equipment,"36"" x 38""",,Point,,-82.3125,35.2083,-3.9167,-82.3125,35.2083,-82.3125,35.2083,-83.9792,32.0417,-80.6458,35.2083
1135926,Food Service Equipment,"56"" x 38""",,Point,,-73.1354,33.6774,-5.9167,-73.1354,33.6774,-73.1354,33.6774,-75.4479,32.0940,-70.8229,35.2607
1135927,Food Service Equipment,"72"" Length",,Point,,-74.0000,21.1792,-5.9167,-74.0000,21.1792,-74.0000,21.1792,-77.0000,19.9034,-71.0000,24.8042
1135928,Food Service Equipment,Beverage Dispenser,,Point,,-78.7500,23.6375,-5.9167,-78.7500,23.6375,-78.7500,23.6375,-80.2500,21.3915,-77.2500,24.8042
1135929,Food Service Equipment,"60"" x 24""",,Point,,-84.0417,41.3333,-2.4167,-84.0417,41.3333,-84.0417,41.3333,-86.5417,39.3333,-81.5417,41.5833
1135930,Food Service Equipment,"38"" x 24""",,Point,,-93.4062,41.3333,-2.4167,-93.4062,41.3333,-93.4062,41.3333,-94.9896,39.3333,-91.8229,41.5833
1135931,Food Service Equipment,Refrig Prep,,Point,180.0000,-76.1611,25.7611,-5.9167,-76.1611,25.7611,-76.1611,25.7611,-82.1611,25.6778,-76.1611,28.2716
1135932,Plumbing Fixtures,"91"" Width",1,Point,,-74.6250,40.4583,-5.9167,-74.6250,40.4583,-74.6250,40.4583,-78.2500,38.3842,-71.0000,41.5833
1135933,Plumbing Fixtures,"101"" Width",2,Point,,-94.8229,40.2917,-5.9167,-94.8229,40.2917,-94.8229,40.2917,-99.0312,38.4305,-90.6146,41.5833
1135934,Food Service Equipment,"72"" x 30""",,Point,,-89.7083,39.0313,-5.9167,-89.7083,39.0313,-89.7083,39.0313,-89.7083,37.3065,-84.0417,41.5313
1135935,Food Service Equipment,"72"" x 30""",,Point,,-84.0000,39.0313,-5.9167,-84.0000,39.0313,-84.0000,39.0313,-84.0000,37.3065,-78.3333,41.5313
1135936,Food Service Equipment,"48"" x 24""",,Point,,-96.9896,41.3333,-2.4167,-96.9896,41.3333,-96.9896,41.3333,-98.9896,39.3333,-94.9896,41.5833
1135937,Food Service Equipment,"84"" x 30""",,Point,,-90.0937,25.4792,-5.9167,-90.0937,25.4792,-90.0937,25.4792,-90.0937,24.2667,-83.0937,27.9792
1135938,Food Service Equipment,"38"" x 24""",,Point,,-88.1250,41.3333,-2.4167,-88.1250,41.3333,-88.1250,41.3333,-89.7083,39.3333,-86.5417,41.5833
1135939,Food Service Equipment,"60"" x 31""",,Point,,-78.0312,33.9125,-5.9167,-78.0312,33.9125,-78.0312,33.9125,-80.5312,32.6209,-75.5312,35.2042
1135940,Plumbing Fixtures,Hand Sink,193,Point,180.0000,-91.4115,34.6458,-3.4167,-91.4115,34.6458,-91.4115,34.6458,-92.1979,34.6458,-90.6250,35.8750
1135941,Specialty Equipment,TrashContainer,,Point,90.0000,-87.9896,9.7083,-5.9167,-87.9896,9.7083,-87.9896,9.7083,-89.9896,9.7083,-87.9896,11.7083
1135942,Specialty Equipment,TrashContainer,,Point,360.0000,-106.1250,16.0417,-5.9167,-106.1250,16.0417,-106.1250,16.0417,-106.1250,16.0417,-104.1250,18.0417
1135943,Specialty Equipment,Trash Can,,Point,,-93.4583,36.3125,-5.9167,-93.4583,36.3125,-93.4583,36.3125,-93.4583,34.6458,-92.5417,36.3125
1135944,Specialty Equipment,Trash Can,,Point,,-98.7854,40.8750,-5.9167,-98.7854,40.8750,-98.7854,40.8750,-98.7854,39.2083,-97.8687,40.8750
1135945,Specialty Equipment,Trash Can,,Point,,-83.0833,27.5625,-5.9167,-83.0833,27.5625,-83.0833,27.5625,-83.0833,25.8958,-82.1667,27.5625
1135946,Specialty Equipment,Soap Dispenser,,Point,180.0000,-90.8291,34.6458,-1.8958,-90.8291,34.6458,-90.8291,34.6458,-91.0374,34.6458,-90.6207,35.0024
1135947,Specialty Equipment,Motion_Towel_Dispenser,,Point,180.0000,-93.0000,34.6458,-2.0223,-93.0000,34.6458,-93.0000,34.6458,-93.6250,34.6458,-92.3750,35.4615
1135948,Plumbing Fixtures,"30""x22""",194,Point,90.0000,-99.0729,35.8958,-5.9167,-99.0729,35.8958,-99.0729,35.8958,-99.0729,34.6458,-97.2396,37.1458
1135949,Walls,"Interior - 4 7/8"" Partition (NR)",,CurveMidpt,,-87.4089,19.0885,-5.9167,-87.4089,19.0885,-87.4089,19.0885,-90.4792,18.8854,-84.1354,19.2917
1135950,Walls,"Interior - 4 7/8"" Partition (NR)",,CurveMidpt,,-84.3385,20.5651,-5.9167,-84.3385,20.5651,-84.3385,20.5651,-84.5417,19.0885,-84.1354,22.0417
1135951,Casework,"36""",,Point,180.0000,-85.9802,19.2917,-5.9167,-85.9802,19.2917,-85.9802,19.2917,-87.5417,19.2917,-84.5417,22.0285
1135952,Casework,"27""",,Point,180.0000,-88.6052,19.2917,-5.9167,-88.6052,19.2917,-88.6052,19.2917,-89.7917,19.2917,-87.5417,22.0285
1135955,Plumbing Fixtures,Mop Sink Faucet,195,Point,90.0000,-99.0729,35.8958,-2.9167,-99.0729,35.8958,-99.0729,35.8958,-99.0731,35.3567,-98.1875,36.4350
1135956,Plumbing Fixtures,Faucet_Combo,196,Point,,-74.6250,41.4167,-2.6667,-74.6250,41.4167,-74.6250,41.4167,-75.1447,40.0532,-74.0494,41.4167
1135957,Plumbing Fixtures,Faucet_Swing,197,Point,,-95.2979,41.4167,-2.6667,-95.2979,41.4167,-95.2979,41.4167,-95.5088,39.9907,-94.2433,41.4595
1135958,Food Service Equipment,Twist Waste,,Point,270.0000,-95.8542,40.2917,-4.3750,-95.8542,40.2917,-95.8542,40.2917,-96.0365,39.2604,-95.6719,40.4740
1135959,Food Service Equipment,Twist Waste,,Point,270.0000,-93.7917,40.2917,-4.3750,-93.7917,40.2917,-93.7917,40.2917,-93.9740,39.2604,-93.6094,40.4740
1135960,Food Service Equipment,Twist Waste,,Point,270.0000,-76.0833,40.4583,-4.3750,-76.0833,40.4583,-76.0833,40.4583,-76.2656,39.4271,-75.9010,40.6406
1135961,Food Service Equipment,Twist Waste,,Point,270.0000,-74.6250,40.4583,-4.3750,-74.6250,40.4583,-74.6250,40.4583,-74.8073,39.4271,-74.4427,40.6406
1135962,Food Service Equipment,Twist Waste,,Point,270.0000,-73.1667,40.4583,-4.3750,-73.1667,40.4583,-73.1667,40.4583,-73.3490,39.4271,-72.9844,40.6406
1135968,Specialty Equipment,Trash Can,,Point,,-72.1667,41.2500,-5.9167,-72.1667,41.2500,-72.1667,41.2500,-72.1667,39.5833,-71.2500,41.2500
1135969,Walls,"Interior - 4 7/8"" Partition (NR)",,CurveMidpt,,-78.7812,35.6198,-5.9167,-78.7812,35.6198,-78.7812,35.6198,-86.7812,35.4167,-70.7812,35.8229
1135970,Food Service Equipment,Hood_wPSP,,Point,,-82.7812,33.4115,0.7500,-82.7812,33.4115,-82.7812,33.4115,-86.7812,30.6615,-78.7812,35.4115
1135971,Food Service Equipment,Hood_wPSP,,Point,,-74.7812,33.4115,0.7500,-74.7812,33.4115,-74.7812,33.4115,-78.7812,30.6615,-70.7812,35.4115
1135972,Plumbing Fixtures,Partial Grate,3,Point,,-76.0833,40.4583,-5.9167,-76.0833,40.4583,-76.0833,40.4583,-76.6443,39.8974,-75.5224,41.0193
1135973,Plumbing Fixtures,Partial Grate,4,Point,,-95.8542,40.2917,-5.9167,-95.8542,40.2917,-95.8542,40.2917,-96.4151,39.7307,-95.2932,40.8526
1135974,Plumbing Fixtures,Full Grate,5,Point,,-80.9062,33.9167,-5.9167,-80.9062,33.9167,-80.9062,33.9167,-81.4672,33.3557,-80.3453,34.4776
1135975,Food Service Equipment,"36"" x 19""",,Point,,-82.1726,35.4115,-2.2500,-82.1726,35.4115,-82.1726,35.4115,-83.8133,33.6061,-80.8133,35.4115
1135976,Specialty Equipment,"16"" x 18"" x 19"" - Cash Drawer",,Point,180.0000,-86.0061,20.5000,-2.9167,-86.0061,20.5000,-86.0061,20.5000,-86.6728,19.7500,-85.3394,21.2500
1135977,Casework,"18"" Depth",,Point,180.0000,-83.6250,18.3750,-5.9167,-83.6250,18.3750,-83.6250,18.3750,-89.7917,18.3750,-83.6250,22.1250
1135978,Casework,3' Height,,Point,,-89.7917,21.2917,-5.9167,-89.7917,21.2917,-89.7917,21.2917,-89.7917,15.8450,-84.5417,21.3750
1158107,Columns,Flex,,Point,,-2.0917,-30.9562,0.0000,-2.0917,-30.9562,-2.0917,-30.9562,-3.0448,-31.9094,-1.1385,-29.6854
1160909,Columns,Flex,,Point,,3.4083,-30.9562,0.0000,3.4083,-30.9562,3.4083,-30.9562,2.4552,-31.9094,4.3615,-29.6854
1161167,Columns,Flex,,Point,,-14.5760,-30.9562,0.0000,-14.5760,-30.9562,-14.5760,-30.9562,-15.5292,-31.9094,-13.6229,-29.6854
1161179,Columns,Flex,,Point,,-20.0760,-30.9562,0.0000,-20.0760,-30.9562,-20.0760,-30.9562,-21.0292,-31.9094,-19.1229,-29.6854
1164441,Floors,Sidewalk,,BBoxCenter,,-8.3339,-31.7437,-3.0417,-8.3339,-31.7437,-8.3339,-31.7437,-20.9275,-34.5812,4.2598,-28.9063
1175905,Elevations,Elevation 2,,BBoxCenter,,-9.4379,-13.3030,-5.9167,-9.4379,-13.3030,-9.4379,-13.3030,-12.4379,-16.3030,-6.4379,-10.3030
1175906,Views,Residential Lobby - South,,BBoxCenter,,-8.4379,-14.4045,-5.9167,-8.4379,-14.4045,-8.4379,-14.4045,-9.8521,-16.5060,-7.0237,-12.3030
1176382,Walls,"Chase - GWB & Metal Stud 3 1/8""",,CurveMidpt,,2.7135,-28.4453,-3.4583,2.7135,-28.4453,2.7135,-28.4453,2.5833,-28.7240,2.8437,-28.1667
1226933,Walls,"Core - Concrete 12""",,CurveMidpt,,41.2500,-11.8750,0.0000,41.2500,-11.8750,41.2500,-11.8750,40.7500,-26.1250,41.7500,2.3750
1227304,Floors,Landscape - Lawn,,BBoxCenter,,-71.4740,-18.5833,-4.0833,-71.4740,-18.5833,-71.4740,-18.5833,-92.6667,-28.6146,-50.2812,-8.5521
1232102,Site,Tree Grate,,Point,90.0000,-88.3333,-26.5250,-3.9167,-88.3333,-26.5250,-88.3333,-26.5250,-90.3333,-28.5250,-86.3333,-24.5250
1232103,Site,Tree Grate,,Point,90.0000,-88.3333,-10.6354,-3.9167,-88.3333,-10.6354,-88.3333,-10.6354,-90.3333,-12.6354,-86.3333,-8.6354
1232143,Site,Tree Grate,,Point,90.0000,-72.3333,-26.5281,-3.9167,-72.3333,-26.5281,-72.3333,-26.5281,-74.3333,-28.5281,-70.3333,-24.5281
1232144,Site,Tree Grate,,Point,90.0000,-72.3333,-10.6385,-3.9167,-72.3333,-10.6385,-72.3333,-10.6385,-74.3333,-12.6385,-70.3333,-8.6385
1232185,Site,Tree Grate,,Point,90.0000,-56.3333,-26.5313,-3.9167,-56.3333,-26.5313,-56.3333,-26.5313,-58.3333,-28.5313,-54.3333,-24.5313
1232186,Site,Tree Grate,,Point,90.0000,-56.3333,-10.6417,-3.9167,-56.3333,-10.6417,-56.3333,-10.6417,-58.3333,-12.6417,-54.3333,-8.6417
1232234,Site,Tree Grate,,Point,90.0000,-80.3333,-18.5521,-3.9167,-80.3333,-18.5521,-80.3333,-18.5521,-82.3333,-20.5521,-78.3333,-16.5521
1232264,Site,Tree Grate,,Point,90.0000,-64.3333,-18.5552,-3.9167,-64.3333,-18.5552,-64.3333,-18.5552,-66.3333,-20.5552,-62.3333,-16.5552
1233135,Planting,15' Canopy,,Point,,-104.2708,-26.5589,-5.2500,-104.2708,-26.5589,-104.2708,-26.5589,-111.9792,-34.2672,-96.5625,-18.5994
1233374,Planting,15' Canopy,,Point,,-104.2708,-10.6621,-5.2500,-104.2708,-10.6621,-104.2708,-10.6621,-111.9792,-18.3704,-96.5625,-2.7026
1233380,Planting,15' Canopy,,Point,,-88.3308,-10.6590,-4.4167,-88.3308,-10.6590,-88.3308,-10.6590,-96.0392,-18.3673,-80.6225,-2.6995
1233388,Planting,15' Canopy,,Point,,-88.3308,-26.5495,-4.4167,-88.3308,-26.5495,-88.3308,-26.5495,-96.0392,-34.2579,-80.6225,-18.5901
1233396,Planting,15' Canopy,,Point,,-80.2920,-18.5750,-4.4167,-80.2920,-18.5750,-80.2920,-18.5750,-88.0003,-26.2834,-72.5836,-10.6156
1233404,Planting,15' Canopy,,Point,,-72.3333,-10.6590,-4.4167,-72.3333,-10.6590,-72.3333,-10.6590,-80.0517,-18.3773,-64.6150,-2.6995
1233412,Planting,15' Canopy,,Point,,-72.3333,-26.5495,-4.4167,-72.3333,-26.5495,-72.3333,-26.5495,-80.0517,-34.2679,-64.6150,-18.5901
1233420,Planting,15' Canopy,,Point,,-64.2920,-18.5750,-4.4167,-64.2920,-18.5750,-64.2920,-18.5750,-72.0003,-26.2834,-56.5836,-10.6156
1233428,Planting,15' Canopy,,Point,,-56.3258,-10.6590,-4.4167,-56.3258,-10.6590,-56.3258,-10.6590,-64.0342,-18.3673,-48.6175,-2.6995
1233438,Planting,15' Canopy,,Point,,-56.3258,-26.5495,-4.4167,-56.3258,-26.5495,-56.3258,-26.5495,-64.0342,-34.2579,-48.6175,-18.5901
1235756,Floors,Hardscape - Brick Walk,,BBoxCenter,,-95.0781,-5.4948,-5.8334,-95.0781,-5.4948,-95.0781,-5.4948,-99.2500,-29.2500,-90.9063,18.2604
1235943,Floors,Landscape - Lawn,,BBoxCenter,,-105.7187,-18.5833,-5.2500,-105.7187,-18.5833,-105.7187,-18.5833,-111.5000,-28.6146,-99.9375,-8.5521
1235954,Site,Tree Grate,,Point,90.0000,-104.2708,-26.5313,-5.0833,-104.2708,-26.5313,-104.2708,-26.5313,-106.2708,-28.5313,-102.2708,-24.5313
1235955,Site,Tree Grate,,Point,90.0000,-104.2708,-10.6354,-5.0833,-104.2708,-10.6354,-104.2708,-10.6354,-106.2708,-12.6354,-102.2708,-8.6354
1240635,Stairs,Stair,,BBoxCenter,,-51.3561,33.9982,-0.2083,-51.3561,33.9982,-51.3561,33.9982,-54.8874,24.5399,-47.8249,43.4566
1240636,Railings,Pipe-Wall Mount,,BBoxCenter,,-51.6131,32.9774,2.4375,-51.6131,32.9774,-51.6131,32.9774,-56.1374,22.3732,-47.0888,43.5816
1240640,Railings,Glass Panel - Bottom Fill (Extension Bottom),,BBoxCenter,,-69.1895,31.1180,1.6826,-69.1895,31.1180,-69.1895,31.1180,-86.8041,22.5295,-51.5749,39.7066
1240644,Handrails,Pipe - Wall Mount,,BBoxCenter,,-47.9499,30.3114,1.4082,-47.9499,30.3114,-47.9499,30.3114,-48.0749,22.3732,-47.8249,38.2495
1240676,Supports,Metal - Circular,,Point,,-47.8249,22.4357,-3.0833,-47.8249,22.4357,-47.8249,22.4357,-47.9499,22.4116,-47.0888,22.6232
1240677,Supports,Metal - Circular,,Point,270.0000,-48.0124,25.5663,-1.9983,-48.0124,25.5663,-48.0124,25.5663,-48.0365,24.8303,-47.8249,25.6913
1240678,Supports,Metal - Circular,,Point,270.0000,-48.0124,28.6138,-0.1006,-48.0124,28.6138,-48.0124,28.6138,-48.0365,27.8778,-47.8249,28.7388
1240811,Runs,"2"" Tread 1"" Nosing 1/4"" Riser",,BBoxCenter,,-49.7416,31.4670,-0.2083,-49.7416,31.4670,-49.7416,31.4670,-51.6582,24.5399,-47.8249,38.3941
1240813,Supports,"Stringer - 2"" Width",,BBoxCenter,,-51.7416,31.6540,-0.2083,-51.7416,31.6540,-51.7416,31.6540,-51.8249,24.5399,-51.6582,38.7681
1240814,Supports,"Stringer - 2"" Width",,BBoxCenter,,-47.9082,31.6540,-0.2083,-47.9082,31.6540,-47.9082,31.6540,-47.9916,24.5399,-47.8249,38.7681
1240916,Runs,"2"" Tread 1"" Nosing 1/4"" Riser",,BBoxCenter,,-53.5645,41.5399,-0.2083,-53.5645,41.5399,-53.5645,41.5399,-54.9916,39.6232,-52.1374,43.4566
1240918,Landings,Non-Monolithic Landing,,BBoxCenter,,-50.1061,40.7899,-0.2083,-50.1061,40.7899,-50.1061,40.7899,-52.2207,38.2899,-47.9916,43.2899
1240920,Supports,"Stringer - 2"" Width",,BBoxCenter,,-53.2728,39.5399,-0.1432,-53.2728,39.5399,-53.2728,39.5399,-54.8874,39.4566,-51.6582,39.6232
1240921,Supports,"Stringer - 2"" Width",,BBoxCenter,,-53.1502,43.3732,-0.1432,-53.1502,43.3732,-53.1502,43.3732,-54.8874,43.2899,-51.4130,43.4566
1240922,Supports,"Stringer - 2"" Width",,BBoxCenter,,-51.8978,39.6232,-0.2083,-51.8978,39.6232,-51.8978,39.6232,-52.1374,39.6232,-51.6582,39.6232
1240924,Supports,"Stringer - 2"" Width",,BBoxCenter,,-47.9082,40.8732,-0.2083,-47.9082,40.8732,-47.9082,40.8732,-47.9916,38.2899,-47.8249,43.4566
1240959,Supports,"Stringer - 2"" Width",,BBoxCenter,,-51.7416,38.9566,-0.2083,-51.7416,38.9566,-51.7416,38.9566,-51.8249,38.2899,-51.6582,39.6232
1240960,Supports,"Stringer - 2"" Width",,BBoxCenter,,-49.9811,43.3732,-0.2083,-49.9811,43.3732,-49.9811,43.3732,-52.1374,43.2899,-47.8249,43.4566
1244066,Walls,"Core - Concrete 12""",,CurveMidpt,,-100.1250,42.7370,-5.9167,-100.1250,42.7370,-100.1250,42.7370,-100.6250,41.6979,-99.6250,43.2500
1245348,Walls,"Core - Concrete 12""",,CurveMidpt,,-49.2500,27.3542,-3.4583,-49.2500,27.3542,-49.2500,27.3542,-49.7500,18.4844,-48.7500,36.2240
1247377,Walls,"Interior - 4 7/8"" Partition (NR)",,CurveMidpt,,-57.7656,28.3073,-5.9167,-57.7656,28.3073,-57.7656,28.3073,-57.9688,20.1875,-57.5625,36.2240
1247474,Walls,"Interior - 4 7/8"" Partition (NR)",,CurveMidpt,,-61.5078,20.3906,-5.9167,-61.5078,20.3906,-61.5078,20.3906,-65.5521,20.1875,-57.7656,20.5938
1247521,Walls,"Interior - 4 7/8"" Partition (NR)",,CurveMidpt,,-61.5078,28.1302,-5.9167,-61.5078,28.1302,-61.5078,28.1302,-65.2500,27.9271,-57.7656,28.3333
1247720,Doors,"36"" x 84""",101C,Point,90.0000,-57.7656,25.9896,-5.9167,-57.7656,25.9896,-57.7656,25.9896,-60.9688,24.3229,-57.5208,27.6563
1247789,Doors,"36"" x 84""",101B,Point,270.0000,-57.7656,30.2708,-5.9167,-57.7656,30.2708,-57.7656,30.2708,-60.9688,28.6042,-57.5208,31.9375
1248166,Specialty Equipment,Grab Bar,,Point,270.0000,-64.9688,20.5938,-5.9167,-64.9688,20.5938,-64.9688,20.5938,-64.9688,20.5938,-60.2188,24.3438
1248448,Plumbing Fixtures,"19"" Seat Height",6,Point,270.0000,-65.2500,22.0938,-5.3333,-65.2500,22.0938,-65.2500,22.0938,-64.9479,21.2604,-62.5313,22.9271
1248519,Plumbing Fixtures,"22"" x 27""",7,Point,270.0000,-65.2500,26.5104,-4.5321,-65.2500,26.5104,-65.2500,26.5104,-64.9479,25.5938,-61.8326,27.4271
1248617,Specialty Equipment,"28"" x 48""",,Point,270.0000,-65.2500,26.5104,-2.4167,-65.2500,26.5104,-65.2500,26.5104,-64.9479,25.3438,-63.6505,27.6771
1248771,Plumbing Fixtures,Floor Drain-2D,9,Point,180.0000,-61.1979,24.0938,-3.4583,-61.1979,24.0938,-61.1979,24.0938,-61.7146,23.5938,-60.6979,24.5938
1248926,Specialty Equipment,Grab Bar,,Point,90.0000,-64.9688,35.6667,-5.9167,-64.9688,35.6667,-64.9688,35.6667,-64.9688,31.9167,-60.2188,35.6667
1248927,Plumbing Fixtures,"19"" Seat Height",10,Point,90.0000,-65.2500,34.1667,-5.3333,-65.2500,34.1667,-65.2500,34.1667,-64.9479,33.3333,-62.5313,35.0000
1248928,Plumbing Fixtures,"22"" x 27""",11,Point,90.0000,-65.2500,29.7500,-4.5321,-65.2500,29.7500,-65.2500,29.7500,-64.9479,28.8333,-61.8326,30.6667
1248929,Specialty Equipment,"28"" x 48""",,Point,90.0000,-65.2500,29.7500,-2.4167,-65.2500,29.7500,-65.2500,29.7500,-64.9479,28.5833,-63.6505,30.9167
1248934,Plumbing Fixtures,Floor Drain-2D,12,Point,180.0000,-61.1979,32.1667,-3.4583,-61.1979,32.1667,-61.1979,32.1667,-61.7146,31.6667,-60.6979,32.6667
1250036,Walls,"Interior - 4 7/8"" Partition (NR)",,CurveMidpt,,-56.0833,33.3802,-5.9167,-56.0833,33.3802,-56.0833,33.3802,-57.7656,33.1771,-54.4010,33.5833
1250146,Doors,"26"" x 84""",101A,Point,360.0000,-56.1250,33.3802,-5.9167,-56.1250,33.3802,-56.1250,33.3802,-57.3750,31.0104,-54.8750,33.6250
1257762,Walls,"Exterior - 10 1/4"" Rainscreen w Insultation on Metal Stud",,CurveMidpt,,-95.3021,18.6875,-5.9167,-95.3021,18.6875,-95.3021,18.6875,-100.1250,18.2604,-90.4792,19.1146
1257796,Doors,"36"" x 84"" (90 MIN)",S11B,Point,180.0000,-95.7604,18.6875,-5.6667,-95.7604,18.6875,-95.7604,18.6875,-97.4271,15.2604,-94.0938,19.1563
1258318,Walls,"Exterior - 10 1/4"" Rainscreen w Insultation on Metal Stud",,CurveMidpt,,-90.4792,13.8802,-5.9167,-90.4792,13.8802,-90.4792,13.8802,-90.9063,8.6458,-90.0521,19.1146
1263678,Walls,"Chase - GWB & Metal Stud 4 1/4""",,CurveMidpt,,-50.4271,24.7526,-5.9167,-50.4271,24.7526,-50.4271,24.7526,-50.6042,9.6615,-50.2500,39.8438
1269640,Elevations,Elevation 1,,BBoxCenter,,-84.9039,36.0349,-5.9167,-84.9039,36.0349,-84.9039,36.0349,-87.9039,33.0349,-81.9039,39.0349
1269641,Views,Café Kitchen A,,BBoxCenter,,-83.9039,39.1364,-5.9167,-83.9039,39.1364,-83.9039,39.1364,-85.3181,37.0349,-82.4897,41.2379
1270819,Top Rails,"Elliptical - 1 1/2"" x 1 1/8"" (Extension Bottom)",,BBoxCenter,,-51.6999,30.3844,0.8374,-51.6999,30.3844,-51.6999,30.3844,-51.8249,22.5295,-51.5749,38.2393
1272069,Walls,Block 37 Pilaster,,CurveMidpt,,-50.2708,-27.7125,-5.9167,-50.2708,-27.7125,-50.2708,-27.7125,-50.6042,-28.6750,-49.9375,-26.7500
1272219,Walls,Block 37 Pilaster,,CurveMidpt,,-50.0104,-28.6750,-5.9167,-50.0104,-28.6750,-50.0104,-28.6750,-50.6042,-29.0083,-49.7500,-28.3416
1275285,Grids,1,,BBoxCenter,,-110.5000,16.6172,-1.9167,-110.5000,16.6172,-110.5000,16.6172,-112.5000,-43.5614,-108.5000,76.7958
1275286,Grids,E,,BBoxCenter,,-18.7451,41.4583,-1.9167,-18.7451,41.4583,-18.7451,41.4583,-127.2600,39.4583,89.7698,43.4583
1275287,Grids,D,,BBoxCenter,,-18.7451,19.2083,-1.9167,-18.7451,19.2083,-18.7451,19.2083,-127.2600,17.2083,89.7698,21.2083
1275288,Grids,C,,BBoxCenter,,-18.7451,2.5000,-1.9167,-18.7451,2.5000,-18.7451,2.5000,-127.2600,0.5000,89.7698,4.5000
1275289,Grids,A,,BBoxCenter,,-18.7451,-27.5417,-1.9167,-18.7451,-27.5417,-18.7451,-27.5417,-127.2600,-29.5417,89.7698,-25.5417
1275290,Grids,B,,BBoxCenter,,-18.7451,-12.7083,-1.9167,-18.7451,-12.7083,-18.7451,-12.7083,-127.2600,-14.7083,89.7698,-10.7083
1275291,Grids,4,,BBoxCenter,,-49.2500,16.6172,-1.9167,-49.2500,16.6172,-49.2500,16.6172,-51.2500,-43.5614,-47.2500,76.7958
1275292,Grids,5,,BBoxCenter,,-20.2500,16.6172,-1.9167,-20.2500,16.6172,-20.2500,16.6172,-22.2500,-43.5614,-18.2500,76.7958
1275293,Grids,6,,BBoxCenter,,3.5833,16.6172,-1.9167,3.5833,16.6172,3.5833,16.6172,1.5833,-43.5614,5.5833,76.7958
1275294,Grids,8,,BBoxCenter,,41.2500,16.6172,-1.9167,41.2500,16.6172,41.2500,16.6172,39.2500,-43.5614,43.2500,76.7958
1275295,Grids,9,,BBoxCenter,,64.1132,16.7306,-1.9167,64.1132,16.7306,64.1132,16.7306,55.2013,-43.5614,73.0250,77.0226
1275296,Grids,7,,BBoxCenter,,23.9167,16.6172,-1.9167,23.9167,16.6172,23.9167,16.6172,21.9167,-43.5614,25.9167,76.7958
1275297,Grids,2,,BBoxCenter,,-90.7917,16.6172,-1.9167,-90.7917,16.6172,-90.7917,16.6172,-92.7917,-43.5614,-88.7917,76.7958
1275298,Grids,3,,BBoxCenter,,-70.0000,16.6172,-1.9167,-70.0000,16.6172,-70.0000,16.6172,-72.0000,-43.5614,-68.0000,76.7958
1275300,Grids,B.1,,BBoxCenter,,-18.7451,-5.7917,-1.9167,-18.7451,-5.7917,-18.7451,-5.7917,-127.2600,-7.7917,89.7698,-3.7917
1275779,Columns,"24""D x 24""W",,Point,,-20.2500,19.2083,0.0000,-20.2500,19.2083,-20.2500,19.2083,-21.2500,18.2083,-19.2500,20.2083
1275855,Columns,"24""D x 24""W",,Point,,-20.2500,2.5000,0.0000,-20.2500,2.5000,-20.2500,2.5000,-21.2500,1.5000,-19.2500,3.5000
1275998,Columns,"24""D x 24""W",,Point,,-20.2500,-12.7083,0.0000,-20.2500,-12.7083,-20.2500,-12.7083,-21.2500,-13.7083,-19.2500,-11.7083
1295809,Walls,"Chase - GWB & Metal Stud 3 1/8""",,CurveMidpt,,-1.1484,28.0885,-3.4583,-1.1484,28.0885,-1.1484,28.0885,-6.3437,27.9583,3.9167,28.2188
1296422,Walls,"Chase - GWB & Metal Stud 3 1/8""",,CurveMidpt,,-6.2135,23.3698,-3.4583,-6.2135,23.3698,-6.2135,23.3698,-6.3437,18.6510,-6.0833,28.0885
1299174,Walls,"Party - 6 1/8"" (2-hr)",,CurveMidpt,,41.2604,-28.3385,0.0000,41.2604,-28.3385,41.2604,-28.3385,40.7708,-30.0521,41.7500,-26.6250
1299759,Walls,"Core - Concrete 12""",,CurveMidpt,,45.9375,2.3750,0.0000,45.9375,2.3750,45.9375,2.3750,40.7500,1.8750,51.1250,2.8750
1300087,Walls,"Core - Concrete 12""",,CurveMidpt,,45.8125,-20.1250,-16.9167,45.8125,-20.1250,45.8125,-20.1250,41.0000,-20.6250,50.6250,-19.6250
1300707,Walls,"Chase - GWB & Metal Stud 3 1/8""",,CurveMidpt,,40.1198,-12.6849,-3.4583,40.1198,-12.6849,40.1198,-12.6849,39.9896,-28.3750,40.2500,3.0052
1300708,Walls,"Chase - GWB & Metal Stud 3 1/8""",,CurveMidpt,,51.2552,-11.8750,0.0000,51.2552,-11.8750,51.2552,-11.8750,51.1250,-26.6250,51.3854,2.8750
1300721,Walls,"Chase - GWB & Metal Stud 3 1/8""",,CurveMidpt,,-39.2448,27.4401,-3.4583,-39.2448,27.4401,-39.2448,27.4401,-39.3750,18.4479,-39.1146,36.3021
1300836,Walls,"Exterior - 5 3/8"" Rainscreen w Insultation (for Concrete Core Walls)",,CurveMidpt,,-105.2135,18.4844,-5.9167,-105.2135,18.4844,-105.2135,18.4844,-110.9323,18.2604,-99.4948,18.7083
1300879,Walls,"Chase - GWB & Metal Stud 3 1/8""",,CurveMidpt,,-1.0443,18.7448,-3.4583,-1.0443,18.7448,-1.0443,18.7448,-6.0833,18.6146,4.0729,18.8750
1301079,Walls,"Chase - GWB & Metal Stud 4 1/4""",,CurveMidpt,,46.2292,9.0833,0.0000,46.2292,9.0833,46.2292,9.0833,41.2500,8.9062,51.3854,9.2604
1301204,Walls,"Chase - GWB & Metal Stud 4 1/4""",,CurveMidpt,,51.2083,5.7292,0.0000,51.2083,5.7292,51.2083,5.7292,51.0313,2.3750,51.3854,9.0833
1301579,Walls,"Chase - GWB & Metal Stud 3 1/8""",,CurveMidpt,,40.6849,3.0052,-3.4583,40.6849,3.0052,40.6849,3.0052,39.9896,2.8750,41.2500,3.1354
1304481,Walls,"Chase - GWB & Metal Stud 4 1/4""",,CurveMidpt,,-94.8151,34.4688,-5.9167,-94.8151,34.4688,-94.8151,34.4688,-99.6250,34.2917,-90.1042,34.6458
1304482,Walls,"Chase - GWB & Metal Stud 6 5/8""",,CurveMidpt,,-99.3490,38.3464,-5.9167,-99.3490,38.3464,-99.3490,38.3464,-99.6250,34.4688,-99.0729,42.2240
1304483,Walls,"Chase - GWB & Metal Stud 3 1/8""",,CurveMidpt,,-94.9010,25.0781,-5.9167,-94.9010,25.0781,-94.9010,25.0781,-99.6250,24.9479,-90.3073,25.2083
1304484,Walls,"Chase - GWB & Metal Stud 4 1/4""",,CurveMidpt,,-90.2812,29.8568,-5.9167,-90.2812,29.8568,-90.2812,29.8568,-90.4583,25.2448,-90.1042,34.4688
1304485,Walls,"Chase - GWB & Metal Stud 3 1/8""",,CurveMidpt,,-99.4948,21.9193,-5.9167,-99.4948,21.9193,-99.4948,21.9193,-99.6250,18.7604,-99.3646,25.0781
1305280,Walls,Block 37 Pilaster,,CurveMidpt,,-50.0104,-26.7500,-5.9167,-50.0104,-26.7500,-50.0104,-26.7500,-50.6042,-27.0833,-49.7500,-26.4167
1306938,Walls,"Chase - GWB & Metal Stud 3 1/8""",,CurveMidpt,,-43.8166,18.5781,-3.4583,-43.8166,18.5781,-43.8166,18.5781,-48.5186,18.4479,-39.2448,18.7083
1307445,Walls,"Furring - GWB & Channels 1 7/8""",,CurveMidpt,,3.9948,19.4766,-3.4583,3.9948,19.4766,3.9948,19.4766,3.9167,18.7448,4.0729,20.4635
1337960,Doors,Access Door,107A,Point,180.0000,-4.2500,36.3021,-3.4583,-4.2500,36.3021,-4.2500,36.3021,-8.9167,33.6927,0.4167,37.9203
1342183,Walls,"Chase - GWB & Metal Stud 3 1/8""",,CurveMidpt,,-48.9546,18.0781,-3.4583,-48.9546,18.0781,-48.9546,18.0781,-49.5208,17.9479,-48.2582,18.2083
1342227,Walls,"Chase - GWB & Metal Stud 3 1/8""",,CurveMidpt,,-48.3884,18.3281,-3.4583,-48.3884,18.3281,-48.3884,18.3281,-48.5186,18.0781,-48.2582,18.5781
1343128,Walls,"Party - 6 1/8"" (2-hr)",,CurveMidpt,,-49.5208,14.3542,-3.4583,-49.5208,14.3542,-49.5208,14.3542,-50.0104,9.5000,-49.0312,19.2083
1350835,Dimensions,"Linear - 3/32"" Trebuchet MS",,BBoxCenter,,-24.3727,52.4022,-5.9167,-24.3727,52.4022,-24.3727,52.4022,-111.8750,37.3281,63.1296,67.4762
1351094,Dimensions,"Linear - 3/32"" Trebuchet MS",,BBoxCenter,,-24.4037,57.3631,-5.9167,-24.4037,57.3631,-24.4037,57.3631,-111.9370,44.2500,63.1296,70.4762
1351130,Dimensions,"Linear - 3/32"" Trebuchet MS",,BBoxCenter,,-24.3727,58.8631,-5.9167,-24.3727,58.8631,-24.3727,58.8631,-111.8750,44.2500,63.1296,73.4762
1351566,Dimensions,"Linear - 3/32"" Trebuchet MS",,BBoxCenter,,-34.8854,15.6634,-5.9167,-34.8854,15.6634,-34.8854,15.6634,-49.4062,13.3789,-20.3646,17.9479
1351693,Dimensions,"Linear - 3/32"" Trebuchet MS",,BBoxCenter,,-32.1028,27.1120,-5.9167,-32.1028,27.1120,-32.1028,27.1120,-38.6146,18.0729,-25.5909,36.1510
1351748,Dimensions,"Linear - 3/32"" Trebuchet MS",,BBoxCenter,,-98.1961,44.7691,-5.9167,-98.1961,44.7691,-98.1961,44.7691,-99.4227,42.3750,-96.9696,47.1631
1352201,Dimensions,"Linear - 3/32"" Trebuchet MS",,BBoxCenter,,-107.1535,15.9080,-5.9167,-107.1535,15.9080,-107.1535,15.9080,-114.0571,12.6077,-100.2500,19.2083
1355006,Dimensions,"Linear - 3/32"" Trebuchet MS",,BBoxCenter,,-0.0625,-22.8192,-5.9167,-0.0625,-22.8192,-0.0625,-22.8192,-50.6250,-24.0088,50.5000,-21.6296
1355076,Dimensions,"Linear - 3/32"" Trebuchet MS",,BBoxCenter,,32.6875,32.3494,-5.9167,32.6875,32.3494,32.6875,32.3494,24.2396,30.5321,41.1354,34.1667
1355083,Dimensions,"Linear - 3/32"" Trebuchet MS",,BBoxCenter,,47.8750,32.8650,-5.9167,47.8750,32.8650,47.8750,32.8650,41.3646,30.5321,54.3854,35.1979
1355097,Dimensions,"Linear - 3/32"" Trebuchet MS",,BBoxCenter,,47.8293,7.5365,-5.9167,47.8293,7.5365,47.8293,7.5365,41.8067,-27.0000,53.8519,42.0729
1355121,Dimensions,"Linear - 3/32"" Trebuchet MS",,BBoxCenter,,13.6331,27.2682,-5.9167,13.6331,27.2682,13.6331,27.2682,9.4167,11.4115,17.8496,43.1250
1355217,Dimensions,"Linear - 3/32"" Trebuchet MS",,BBoxCenter,,-8.7368,31.9974,-5.9167,-8.7368,31.9974,-8.7368,31.9974,-10.6298,27.8438,-6.8437,36.1510
1358055,Lines,Detail Lines,,CurveMidpt,,46.3854,5.8906,-5.9167,46.3854,5.8906,46.3854,5.8906,41.7396,2.8750,51.0313,8.9062
1358133,Lines,Detail Lines,,CurveMidpt,,46.3854,5.8906,-5.9167,46.3854,5.8906,46.3854,5.8906,41.7396,2.8750,51.0313,8.9062
1358281,Text Notes,"3/32"" Trebuchet MS .8",,BBoxCenter,,6.7640,26.9920,0.0000,6.7640,26.9920,6.7640,26.9920,4.2565,24.3520,9.2714,29.6320
1362084,Views,Enlarged Residential Lobby Plan,,BBoxCenter,,-3.5007,-6.5058,-3.9167,-3.5007,-6.5058,-3.5007,-6.5058,-21.9189,-33.9668,14.9175,20.9552
1362233,Walls,"Chase - GWB & Metal Stud 3 1/8""",,CurveMidpt,,4.4531,-29.1292,-3.4583,4.4531,-29.1292,4.4531,-29.1292,4.3229,-30.0916,4.5833,-28.1667
1362515,Columns,"24""D x 24""W",,Point,,23.9167,-27.5417,0.0000,23.9167,-27.5417,23.9167,-27.5417,22.9167,-28.5417,24.9167,-26.5417
1362571,Columns,"24""D x 24""W",,Point,,23.9167,-12.7083,0.0000,23.9167,-12.7083,23.9167,-12.7083,22.9167,-13.7083,24.9167,-11.7083
1362616,Columns,"24""D x 24""W",,Point,,23.9167,2.5000,0.0000,23.9167,2.5000,23.9167,2.5000,22.9167,1.5000,24.9167,3.5000
1362675,Columns,"24""D x 24""W",,Point,,23.9167,19.2083,0.0000,23.9167,19.2083,23.9167,19.2083,22.9167,18.2083,24.9167,20.2083
1362742,Columns,"24""D x 24""W",,Point,,23.9167,41.4583,0.0000,23.9167,41.4583,23.9167,41.4583,22.9167,40.4583,24.9167,42.4583
1362837,Columns,"24""D x 24""W",,Point,,41.2500,19.2083,0.0000,41.2500,19.2083,41.2500,19.2083,40.2500,18.2083,42.2500,20.2083
1362908,Columns,"24""D x 24""W",,Point,,64.6314,19.2083,0.0000,64.6314,19.2083,64.6314,19.2083,63.6314,18.2083,65.6314,20.2083
1363010,Columns,"24""D x 24""W",,Point,,68.8333,-12.7083,0.0000,68.8333,-12.7083,68.8333,-12.7083,67.8333,-13.7083,69.8333,-11.7083
1363187,Columns,"24""D x 24""W",,Point,,61.7022,41.4583,0.0000,61.7022,41.4583,61.7022,41.4583,60.7022,40.4583,62.7022,42.4583
1363212,Columns,"24""D x 24""W",,Point,,-20.2500,41.4583,0.0000,-20.2500,41.4583,-20.2500,41.4583,-21.2500,40.4583,-19.2500,42.4583
1363706,Columns,"24""D x 24""W",,Point,,3.5833,-12.7083,0.0000,3.5833,-12.7083,3.5833,-12.7083,2.5833,-13.7083,4.5833,-11.7083
1363785,Columns,"24""D x 24""W",,Point,,3.5833,2.5000,0.0000,3.5833,2.5000,3.5833,2.5000,2.5833,1.5000,4.5833,3.5000
1374411,Columns,"24""D x 24""W",,Point,,-90.7917,19.2083,0.0000,-90.7917,19.2083,-90.7917,19.2083,-91.7917,18.2604,-89.7917,20.2604
1388593,Walls,"Interior - 4 7/8"" Partition (NR)",,CurveMidpt,,-31.9115,28.3854,-3.4583,-31.9115,28.3854,-31.9115,28.3854,-32.1146,20.2656,-31.7083,36.3021
1388594,Walls,"Interior - 4 7/8"" Partition (NR)",,CurveMidpt,,-35.5781,20.4688,-3.4583,-35.5781,20.4688,-35.5781,20.4688,-39.2448,20.2656,-31.9115,20.6719
1388595,Walls,"Interior - 4 7/8"" Partition (NR)",,CurveMidpt,,-35.5781,28.2083,-3.4583,-35.5781,28.2083,-35.5781,28.2083,-39.2448,28.0052,-31.9115,28.4115
1388596,Doors,"36"" x 84""",105B,Point,90.0000,-31.9115,26.0677,-3.4583,-31.9115,26.0677,-31.9115,26.0677,-35.1146,24.4010,-31.6667,27.7344
1388597,Doors,"36"" x 84""",105A,Point,270.0000,-31.9115,30.3490,-3.4583,-31.9115,30.3490,-31.9115,30.3490,-35.1146,28.6823,-31.6667,32.0156
1389104,Specialty Equipment,Grab Bar,,Point,270.0000,-39.1354,20.6719,-3.4583,-39.1354,20.6719,-39.1354,20.6719,-39.1354,20.6719,-34.3854,24.4219
1389105,Plumbing Fixtures,"19"" Seat Height",181,Point,270.0000,-39.2448,22.1719,-2.8750,-39.2448,22.1719,-39.2448,22.1719,-39.1146,21.3385,-36.5781,23.0052
1389106,Plumbing Fixtures,"22"" x 27""",182,Point,270.0000,-39.2448,26.5885,-2.0738,-39.2448,26.5885,-39.2448,26.5885,-39.1146,25.6719,-35.8274,27.5052
1389107,Specialty Equipment,"28"" x 48""",,Point,270.0000,-39.2448,26.5885,0.0417,-39.2448,26.5885,-39.2448,26.5885,-39.1146,25.4219,-37.6453,27.7552
1389108,Plumbing Fixtures,Floor Drain-2D,183,Point,180.0000,-35.6250,24.1719,-1.0000,-35.6250,24.1719,-35.6250,24.1719,-36.1417,23.6719,-35.1250,24.6719
1389109,Specialty Equipment,Grab Bar,,Point,90.0000,-39.1354,35.7448,-3.4583,-39.1354,35.7448,-39.1354,35.7448,-39.1354,31.9948,-34.3854,35.7448
1389110,Plumbing Fixtures,"19"" Seat Height",184,Point,90.0000,-39.2448,34.2448,-2.8750,-39.2448,34.2448,-39.2448,34.2448,-39.1146,33.4115,-36.5781,35.0781
1389111,Plumbing Fixtures,"22"" x 27""",210,Point,90.0000,-39.2448,29.8281,-2.0738,-39.2448,29.8281,-39.2448,29.8281,-39.1146,28.9115,-35.8274,30.7448
1389112,Specialty Equipment,"28"" x 48""",,Point,90.0000,-39.2448,29.8281,0.0417,-39.2448,29.8281,-39.2448,29.8281,-39.1146,28.6615,-37.6453,30.9948
1389113,Plumbing Fixtures,Floor Drain-2D,211,Point,180.0000,-35.6250,32.2448,-1.0000,-35.6250,32.2448,-35.6250,32.2448,-36.1417,31.7448,-35.1250,32.7448
1389610,Walls,"Interior - 4 7/8"" Partition (NR)",,CurveMidpt,,24.8177,38.3438,-3.4583,24.8177,38.3438,24.8177,38.3438,24.6146,34.2604,25.0208,42.2240
1389860,Walls,"Chase - GWB & Metal Stud 4 1/4""",,CurveMidpt,,40.2708,38.3438,-3.4583,40.2708,38.3438,40.2708,38.3438,40.0938,34.4635,40.4479,42.2240
1390239,Specialty Equipment,"28"" x 48""",,Point,180.0000,30.8808,42.2240,0.0417,30.8808,42.2240,30.8808,42.2240,29.7141,40.6244,32.0475,41.6979
1390240,Specialty Equipment,Grab Bar,,Point,180.0000,25.0208,41.6667,-3.4583,25.0208,41.6667,25.0208,41.6667,25.0208,36.9167,28.7708,41.6667
1390242,Plumbing Fixtures,Floor Drain-2D,216,Point,180.0000,28.5208,37.9167,-3.4583,28.5208,37.9167,28.5208,37.9167,28.0041,37.4167,29.0208,38.4167
1390329,Doors,"36"" x 84""",108A,Point,,30.4167,34.4635,-3.4583,30.4167,34.4635,30.4167,34.4635,28.7500,34.2187,32.0833,37.6667
1390768,Walls,"Interior - 4 7/8"" Partition (NR)",,CurveMidpt,,49.4635,34.3073,0.0000,49.4635,34.3073,49.4635,34.3073,49.2604,26.1875,49.6667,42.2240
1390769,Walls,"Interior - 4 7/8"" Partition (NR)",,CurveMidpt,,45.3568,26.3906,0.0000,45.3568,26.3906,45.3568,26.3906,41.2500,26.1875,49.4635,26.5938
1390770,Walls,"Interior - 4 7/8"" Partition (NR)",,CurveMidpt,,45.7734,34.1302,0.0000,45.7734,34.1302,45.7734,34.1302,42.0833,33.9271,49.4635,34.3333
1390771,Doors,"36"" x 84""",109B,Point,90.0000,49.4635,31.9896,0.0000,49.4635,31.9896,49.4635,31.9896,46.2604,30.3229,49.7083,33.6563
1390772,Doors,"36"" x 84""",109C,Point,270.0000,49.4635,36.2708,0.0000,49.4635,36.2708,49.4635,36.2708,46.2604,34.6042,49.7083,37.9375
1390774,Specialty Equipment,Grab Bar,,Point,270.0000,42.2396,26.5938,0.0000,42.2396,26.5938,42.2396,26.5938,42.2396,26.5938,46.9896,30.3438
1390775,Plumbing Fixtures,"19"" Seat Height",218,Point,270.0000,42.0833,28.0938,0.5833,42.0833,28.0938,42.0833,28.0938,42.2604,27.2604,44.7500,28.9271
1390776,Plumbing Fixtures,"22"" x 27""",219,Point,270.0000,42.0833,32.5104,1.3844,42.0833,32.5104,42.0833,32.5104,42.2604,31.5938,45.5007,33.4271
1390779,Specialty Equipment,Grab Bar,,Point,90.0000,42.2396,41.6667,0.0000,42.2396,41.6667,42.2396,41.6667,42.2396,37.9167,46.9896,41.6667
1390780,Plumbing Fixtures,"19"" Seat Height",221,Point,90.0000,42.0833,40.1667,0.5833,42.0833,40.1667,42.0833,40.1667,42.2604,39.3333,44.7500,41.0000
1390781,Plumbing Fixtures,"22"" x 27""",222,Point,90.0000,42.0833,35.7500,1.3844,42.0833,35.7500,42.0833,35.7500,42.2604,34.8333,45.5007,36.6667
1391115,Walls,"Chase - GWB & Metal Stud 4 1/4""",,CurveMidpt,,42.0833,34.3073,0.0000,42.0833,34.3073,42.0833,34.3073,41.9063,26.3906,42.2604,42.2240
1391816,Plumbing Fixtures,Floor Drain-2D,224,Point,,45.4271,38.1667,0.0000,45.4271,38.1667,45.4271,38.1667,44.9271,37.6667,45.9438,38.6667
1391901,Plumbing Fixtures,Floor Drain-2D,225,Point,,45.4271,30.4271,0.0000,45.4271,30.4271,45.4271,30.4271,44.9271,29.9271,45.9438,30.9271
1392181,Specialty Equipment,"28"" x 48""",,Point,270.0000,42.0833,32.5104,3.5000,42.0833,32.5104,42.0833,32.5104,42.2604,31.3438,43.6829,33.6771
1392182,Specialty Equipment,"28"" x 48""",,Point,90.0000,42.0833,35.7500,3.5000,42.0833,35.7500,42.0833,35.7500,42.2604,34.5833,43.6829,36.9167
1392615,Walls,"Interior - 4 7/8"" Partition (NR)",,CurveMidpt,,-12.5573,11.1276,-3.4583,-12.5573,11.1276,-12.5573,11.1276,-12.7604,3.3385,-12.3542,18.9167
1392646,Doors,"36"" x 84""",106F,Point,90.0000,-12.5573,16.6771,-3.4583,-12.5573,16.6771,-12.5573,16.6771,-15.7604,15.0104,-12.3125,18.3438
1392647,Plumbing Fixtures,"19"" Seat Height",226,Point,270.0000,-20.2500,12.7813,-2.8750,-20.2500,12.7813,-20.2500,12.7813,-19.7604,11.9479,-17.3438,13.6146
1392648,Plumbing Fixtures,"22"" x 27""",227,Point,270.0000,-20.2500,17.0313,-2.0738,-20.2500,17.0313,-20.2500,17.0313,-19.7604,16.1146,-16.8326,17.9479
1392649,Specialty Equipment,"28"" x 48""",,Point,270.0000,-20.2500,17.0313,0.0417,-20.2500,17.0313,-20.2500,17.0313,-19.7604,15.8646,-18.6505,18.1979
1392652,Plumbing Fixtures,Floor Drain-2D,228,Point,180.0000,-16.0104,14.6146,-3.4583,-16.0104,14.6146,-16.0104,14.6146,-16.5271,14.1146,-15.5104,15.1146
1392744,Specialty Equipment,Grab Bar,,Point,270.0000,-19.7604,11.2813,-3.4583,-19.7604,11.2813,-19.7604,11.2813,-19.7604,11.2813,-15.0104,15.0313
1392956,Walls,"Interior - 4 7/8"" Partition (NR)",,CurveMidpt,,-16.4036,11.0781,-3.4583,-16.4036,11.0781,-16.4036,11.0781,-20.2500,10.8750,-12.5573,11.2813
1393334,Plumbing Fixtures,Floor Drain-2D,229,Point,180.0000,-16.0104,7.3750,-3.4583,-16.0104,7.3750,-16.0104,7.3750,-16.5271,6.8750,-15.5104,7.8750
1393384,Walls,"Interior - 4 7/8"" Partition (NR)",,CurveMidpt,,-16.4036,3.3385,-3.4583,-16.4036,3.3385,-16.4036,3.3385,-20.2500,3.1354,-12.3542,3.5417
1393512,Plumbing Fixtures,"19"" Seat Height",230,Point,90.0000,-20.2500,9.3750,-2.8750,-20.2500,9.3750,-20.2500,9.3750,-19.7604,8.5417,-17.3438,10.2083
1393513,Plumbing Fixtures,"22"" x 27""",231,Point,90.0000,-20.2500,4.9583,-2.0738,-20.2500,4.9583,-20.2500,4.9583,-19.7604,4.0417,-16.8326,5.8750
1393514,Specialty Equipment,"28"" x 48""",,Point,90.0000,-20.2500,4.9583,0.0417,-20.2500,4.9583,-20.2500,4.9583,-19.7604,3.7917,-18.6505,6.1250
1393516,Specialty Equipment,Grab Bar,,Point,90.0000,-19.7604,10.8750,-3.4583,-19.7604,10.8750,-19.7604,10.8750,-19.7604,7.1250,-15.0104,10.8750
1393544,Doors,"36"" x 84""",106E,Point,270.0000,-12.5573,5.4792,-3.4583,-12.5573,5.4792,-12.5573,5.4792,-15.7604,3.8125,-12.3125,7.1458
1413471,Cameras,Green Roof - By Stair 1,,BBoxCenter,,133.9126,-41.4454,64.3333,133.9126,-41.4454,133.9126,-41.4454,-98.4946,-307.5293,366.3198,224.6386
1417475,Specialty Equipment,Wheel Chair Circle,,Point,360.0000,-60.5521,24.2604,-5.9167,-60.5521,24.2604,-60.5521,24.2604,-63.0521,21.7604,-58.0521,26.7604
1417476,Specialty Equipment,ADA Clear Space,,Point,45.0000,-61.1066,23.6098,-5.9167,-61.1066,23.6098,-61.1066,23.6098,-63.4047,21.3117,-58.8085,25.9079
1417662,Specialty Equipment,Wheel Chair Circle,,Point,360.0000,-60.5521,32.0000,-5.9167,-60.5521,32.0000,-60.5521,32.0000,-63.0521,29.5000,-58.0521,34.5000
1417686,Specialty Equipment,ADA Clear Space,,Point,315.0000,-61.1066,32.6506,-5.9167,-61.1066,32.6506,-61.1066,32.6506,-63.4047,30.3525,-58.8085,34.9487
1417800,Specialty Equipment,Wheel Chair Circle,,Point,360.0000,-34.7604,24.3385,-3.4583,-34.7604,24.3385,-34.7604,24.3385,-37.2604,21.8385,-32.2604,26.8385
1417801,Specialty Equipment,ADA Clear Space,,Point,45.0000,-35.3149,23.6879,-3.4583,-35.3149,23.6879,-35.3149,23.6879,-37.6130,21.3898,-33.0168,25.9860
1417802,Specialty Equipment,Wheel Chair Circle,,Point,360.0000,-34.7604,32.0781,-3.4583,-34.7604,32.0781,-34.7604,32.0781,-37.2604,29.5781,-32.2604,34.5781
1417803,Specialty Equipment,ADA Clear Space,,Point,315.0000,-35.3149,32.7287,-3.4583,-35.3149,32.7287,-35.3149,32.7287,-37.6130,30.4306,-33.0168,35.0268
1418027,Specialty Equipment,Wheel Chair Circle,,Point,360.0000,-15.4062,7.2917,-3.4583,-15.4062,7.2917,-15.4062,7.2917,-17.9063,4.7917,-12.9062,9.7917
1418028,Specialty Equipment,ADA Clear Space,,Point,135.0000,-15.8774,7.5577,-3.4583,-15.8774,7.5577,-15.8774,7.5577,-18.1755,5.2596,-13.5793,9.8558
1418029,Specialty Equipment,Wheel Chair Circle,,Point,360.0000,-15.4062,14.9479,-3.4583,-15.4062,14.9479,-15.4062,14.9479,-17.9062,12.4479,-12.9062,17.4479
1418030,Specialty Equipment,ADA Clear Space,,Point,315.0000,-15.9608,15.5985,-3.4583,-15.9608,15.5985,-15.9608,15.5985,-18.2588,13.3004,-13.6627,17.8966
1418223,Specialty Equipment,Wheel Chair Circle,,Point,360.0000,46.6146,30.2604,0.0000,46.6146,30.2604,46.6146,30.2604,44.1146,27.7604,49.1146,32.7604
1418224,Specialty Equipment,ADA Clear Space,,Point,45.0000,46.0601,29.6098,0.0000,46.0601,29.6098,46.0601,29.6098,43.7620,27.3117,48.3582,31.9079
1418225,Specialty Equipment,Wheel Chair Circle,,Point,360.0000,46.6146,38.0000,0.0000,46.6146,38.0000,46.6146,38.0000,44.1146,35.5000,49.1146,40.5000
1418226,Specialty Equipment,ADA Clear Space,,Point,315.0000,46.0601,38.6506,0.0000,46.0601,38.6506,46.0601,38.6506,43.7620,36.3525,48.3582,40.9487
1418563,Specialty Equipment,Wheel Chair Circle,,Point,360.0000,28.6042,37.4167,-3.4583,28.6042,37.4167,28.6042,37.4167,26.1042,34.9167,31.1042,39.9167
1418564,Specialty Equipment,ADA Clear Space,,Point,315.0000,28.0497,38.0673,-3.4583,28.0497,38.0673,28.0497,38.0673,25.7516,35.7692,30.3478,40.3654
1418644,Specialty Equipment,ADA Clear Space,,Point,225.0000,37.0649,38.0673,-3.4583,37.0649,38.0673,37.0649,38.0673,34.7668,35.7692,39.3630,40.3654
1423874,Floors,Finish Floor - Laminate,,BBoxCenter,,-35.1927,3.8526,-3.7083,-35.1927,3.8526,-35.1927,3.8526,-49.7500,-28.1229,-20.6354,35.8281
1423980,Floors,Finish Floor - Laminate,,BBoxCenter,,56.3955,6.4775,-0.2500,56.3955,6.4775,56.3955,6.4775,41.6354,-29.2951,71.1557,42.2500
1423991,Floors,"Metal Stud 10"" - Laminate Finish",,BBoxCenter,,22.5953,-16.7917,-1.9271,22.5953,-16.7917,22.5953,-16.7917,3.9167,-30.2917,41.2740,-3.2917
1435929,Cameras,Unit 302 - Toward Windows,,BBoxCenter,,-69.6303,-53.8899,22.9578,-69.6303,-53.8899,-69.6303,-53.8899,-114.7448,-100.5566,-24.5158,-7.2232
1435943,Cameras,Unit 302 - Toward Interior,,BBoxCenter,,-5.8442,21.0110,24.7808,-5.8442,21.0110,-5.8442,21.0110,-47.8132,-27.3833,36.1249,69.4053
1436876,Columns,"24""D x 22""W",,Point,,-49.2500,2.5000,0.0000,-49.2500,2.5000,-49.2500,2.5000,-49.9167,1.5000,-48.0833,3.5000
1438929,Columns,"24""D x 20""W",,Point,,-49.2500,-12.7083,0.0000,-49.2500,-12.7083,-49.2500,-12.7083,-49.9167,-13.7083,-48.2500,-11.7083
1439352,Walls,"Chase - GWB & Metal Stud 6 5/8""",,CurveMidpt,,-34.3453,-27.8989,-3.4583,-34.3453,-27.8989,-34.3453,-27.8989,-48.5708,-28.1750,-20.2500,-27.6229
1440827,Columns,"20""D x 24""W",,Point,,-20.2500,-27.5417,0.0000,-20.2500,-27.5417,-20.2500,-27.5417,-21.2500,-28.1667,-19.2500,-26.5000
1441960,Walls,"Chase - GWB & Metal Stud 3 1/8""",,CurveMidpt,,-48.4406,-27.0927,-3.4583,-48.4406,-27.0927,-48.4406,-27.0927,-48.5708,-27.8989,-48.3104,-26.2865
1441977,Walls,"Chase - GWB & Metal Stud 3 1/8""",,CurveMidpt,,-49.0406,-26.2865,-3.4583,-49.0406,-26.2865,-49.0406,-26.2865,-49.6406,-26.4167,-48.3104,-26.1562
1442347,Walls,Block 37 Storefront,,CurveMidpt,,-35.2500,-28.1229,-3.4583,-35.2500,-28.1229,-35.2500,-28.1229,-47.2500,-28.6229,-23.2500,-27.6229
1442348,Curtain Panels,Solid,,BBoxCenter,,-45.8646,-28.1646,-2.2630,-45.8646,-28.1646,-45.8646,-28.1646,-47.0417,-28.2687,-44.6875,-28.0604
1442352,Curtain Wall Grids,Grid Line,,BBoxCenter,,-44.5833,-28.1229,-1.9167,-44.5833,-28.1229,-44.5833,-28.1229,-44.5833,-28.6229,-44.5833,-27.6229
1442353,Curtain Panels,Solid,,BBoxCenter,,-42.2500,-28.1646,-2.2216,-42.2500,-28.1646,-42.2500,-28.1646,-44.4792,-28.2687,-40.0208,-28.0604
1442354,Curtain Wall Grids,Grid Line,,BBoxCenter,,-39.9167,-28.1229,1.7440,-39.9167,-28.1229,-39.9167,-28.1229,-39.9167,-28.6229,-39.9167,-27.6229
1442355,Curtain Panels,Empty,,BBoxCenter,,-35.2500,-28.1229,-1.5285,-35.2500,-28.1229,-35.2500,-28.1229,-39.6042,-28.2896,-30.8958,-27.9562
1442356,Curtain Wall Grids,Grid Line,,BBoxCenter,,-36.8056,-28.1229,1.7440,-36.8056,-28.1229,-36.8056,-28.1229,-36.8056,-28.6229,-36.8056,-27.6229
1442358,Curtain Wall Grids,Grid Line,,BBoxCenter,,-30.5833,-28.1229,1.7440,-30.5833,-28.1229,-30.5833,-28.1229,-30.5833,-28.6229,-30.5833,-27.6229
1442359,Curtain Panels,Solid,,BBoxCenter,,-28.2500,-28.1646,-1.9958,-28.2500,-28.1646,-28.2500,-28.1646,-30.4792,-28.2687,-26.0208,-28.0604
1442380,Curtain Wall Mullions,"2.5"" x 5"" rectangular",,Point,180.0000,-23.2500,-28.1229,-3.0711,-23.2500,-28.1229,-23.2500,-28.1229,-23.4583,-28.3312,-23.2500,-27.9146
1442383,Curtain Wall Mullions,"2.5"" x 5"" rectangular",,Point,180.0000,-47.2500,-28.1229,4.6042,-47.2500,-28.1229,-47.2500,-28.1229,-47.2500,-28.3312,-47.0417,-27.9146
1442389,Curtain Wall Mullions,"2.5"" x 5"" rectangular",,Point,180.0000,-44.5833,-28.1229,-3.7592,-44.5833,-28.1229,-44.5833,-28.1229,-44.6875,-28.3312,-44.4792,-27.9146
1442390,Curtain Wall Mullions,"5"" x 5"" rectangular (Off Center-Left)",,Point,180.0000,-39.9167,-28.1229,-3.6087,-39.9167,-28.1229,-39.9167,-28.1229,-40.0208,-28.3312,-39.6042,-27.9146
1442392,Curtain Wall Mullions,"5"" x 5"" rectangular (Off Center-Right)",,Point,180.0000,-30.5833,-28.1229,-3.3076,-30.5833,-28.1229,-30.5833,-28.1229,-30.8958,-28.3312,-30.4792,-27.9146
1442638,Curtain Wall Grids,Grid Line,,BBoxCenter,,-25.9167,-28.1229,-1.9167,-25.9167,-28.1229,-25.9167,-28.1229,-25.9167,-28.6229,-25.9167,-27.6229
1442639,Curtain Panels,Solid,,BBoxCenter,,-24.6354,-28.1646,-1.9206,-24.6354,-28.1646,-24.6354,-28.1646,-25.8125,-28.2687,-23.4583,-28.0604
1442653,Curtain Wall Mullions,"2.5"" x 5"" rectangular",,Point,180.0000,-25.9167,-28.1229,-3.1571,-25.9167,-28.1229,-25.9167,-28.1229,-26.0208,-28.3312,-25.8125,-27.9146
1443390,Curtain Wall Mullions,"2.5"" x 5"" rectangular",,Point,180.0000,-44.5833,-28.1229,-3.7592,-44.5833,-28.1229,-44.5833,-28.1229,-44.5901,-28.3312,-39.6042,-27.9146
1443393,Curtain Wall Mullions,"2.5"" x 5"" rectangular",,Point,180.0000,-30.5833,-28.1229,-3.3076,-30.5833,-28.1229,-30.5833,-28.1229,-30.6942,-28.3312,-25.9167,-27.9146
1443394,Curtain Wall Mullions,"2.5"" x 5"" rectangular",,Point,180.0000,-25.9167,-28.1229,-3.1571,-25.9167,-28.1229,-25.9167,-28.1229,-25.9234,-28.3312,-23.2500,-27.9146
1443472,Curtain Panels,Glazed,,BBoxCenter,,-45.8646,-28.2271,-0.0729,-45.8646,-28.2271,-45.8646,-28.2271,-47.0417,-28.2687,-44.6875,-28.1854
1443473,Curtain Panels,Glazed,,BBoxCenter,,-42.2500,-28.2271,-0.0729,-42.2500,-28.2271,-42.2500,-28.2271,-44.4792,-28.2687,-40.0208,-28.1854
1443476,Curtain Panels,Glazed,,BBoxCenter,,-28.2500,-28.2271,-0.0729,-28.2500,-28.2271,-28.2500,-28.2271,-30.4792,-28.2687,-26.0208,-28.1854
1443477,Curtain Panels,Glazed,,BBoxCenter,,-24.6354,-28.2271,-0.0729,-24.6354,-28.2271,-24.6354,-28.2271,-25.8125,-28.2687,-23.4583,-28.1854
1443498,Curtain Wall Mullions,"2.5"" x 5"" rectangular",,Point,180.0000,-23.2500,-28.1229,-0.7917,-23.2500,-28.1229,-23.2500,-28.1229,-23.4583,-28.3312,-23.2500,-27.9146
1443499,Curtain Wall Mullions,"2.5"" x 5"" rectangular",,Point,180.0000,-47.2500,-28.1229,-0.7917,-47.2500,-28.1229,-47.2500,-28.1229,-47.2500,-28.3312,-47.0417,-27.9146
1443500,Curtain Wall Mullions,"2.5"" x 5"" rectangular",,Point,180.0000,-44.6875,-28.1229,-0.7917,-44.6875,-28.1229,-44.6875,-28.1229,-47.0417,-28.3312,-44.6875,-27.9146
1443501,Curtain Wall Mullions,"2.5"" x 5"" rectangular",,Point,180.0000,-40.0208,-28.1229,-0.7917,-40.0208,-28.1229,-40.0208,-28.1229,-44.4792,-28.3312,-40.0208,-27.9146
1443504,Curtain Wall Mullions,"2.5"" x 5"" rectangular",,Point,180.0000,-26.0208,-28.1229,-0.7917,-26.0208,-28.1229,-26.0208,-28.1229,-30.4792,-28.3312,-26.0208,-27.9146
1443505,Curtain Wall Mullions,"2.5"" x 5"" rectangular",,Point,180.0000,-23.4583,-28.1229,-0.7917,-23.4583,-28.1229,-23.4583,-28.1229,-25.8125,-28.3312,-23.4583,-27.9146
1443506,Curtain Wall Mullions,"2.5"" x 5"" rectangular",,Point,180.0000,-44.5833,-28.1229,-0.7917,-44.5833,-28.1229,-44.5833,-28.1229,-44.6875,-28.3312,-44.4792,-27.9146
1443507,Curtain Wall Mullions,"5"" x 5"" rectangular (Off Center-Left)",,Point,180.0000,-39.9167,-28.1229,-0.7917,-39.9167,-28.1229,-39.9167,-28.1229,-40.0208,-28.3312,-39.6042,-27.9146
1443509,Curtain Wall Mullions,"5"" x 5"" rectangular (Off Center-Right)",,Point,180.0000,-30.5833,-28.1229,-0.7917,-30.5833,-28.1229,-30.5833,-28.1229,-30.8958,-28.3312,-30.4792,-27.9146
1443510,Curtain Wall Mullions,"2.5"" x 5"" rectangular",,Point,180.0000,-25.9167,-28.1229,-0.7917,-25.9167,-28.1229,-25.9167,-28.1229,-26.0208,-28.3312,-25.8125,-27.9146
1443811,Curtain Wall Grids,Grid Line,,BBoxCenter,,-33.6944,-28.1229,1.7440,-33.6944,-28.1229,-33.6944,-28.1229,-33.6944,-28.6229,-33.6944,-27.6229
1444916,Walls,Block 37 Storefront,,CurveMidpt,,-39.8125,-27.2271,-3.4583,-39.8125,-27.2271,-39.8125,-27.2271,-40.3125,-28.3312,-39.3125,-26.1229
1444917,Curtain Panels,Solid,,BBoxCenter,,-39.7708,-27.1229,-2.1464,-39.7708,-27.1229,-39.7708,-27.1229,-39.8750,-27.9146,-39.6667,-26.3312
1445109,Curtain Wall Mullions,"5"" x 5"" rectangular (Off Center-Right)",,Point,270.0000,-39.8125,-28.3312,4.7083,-39.8125,-28.3312,-39.8125,-28.3312,-40.0208,-28.3312,-39.6042,-27.9146
1445199,Walls,Block 37 Storefront,,CurveMidpt,,-30.6875,-27.2271,-3.4583,-30.6875,-27.2271,-30.6875,-27.2271,-31.1875,-28.3312,-30.1875,-26.1229
1445200,Curtain Panels,Solid,,BBoxCenter,,-30.7292,-27.1229,-1.9992,-30.7292,-27.1229,-30.7292,-27.1229,-30.8333,-27.9146,-30.6250,-26.3312
1445204,Curtain Wall Mullions,"5"" x 5"" rectangular (Off Center-Right)",,Point,180.0000,-30.6875,-28.3312,-3.3110,-30.6875,-28.3312,-30.6875,-28.3312,-30.8958,-28.3312,-30.4792,-27.9146
1445372,Curtain Wall Mullions,"2.5"" x 5"" rectangular",,Point,240.0000,-39.8125,-27.9146,-3.6053,-39.8125,-27.9146,-39.8125,-27.9146,-40.0208,-27.9146,-39.6042,-26.3312
1445375,Curtain Wall Mullions,"2.5"" x 5"" rectangular",,Point,120.0000,-30.6875,-26.3312,-3.3110,-30.6875,-26.3312,-30.6875,-26.3312,-30.8958,-27.9146,-30.4792,-26.3312
1446479,Walls,_Not Defined,,CurveMidpt,,-35.2500,-26.1229,-3.4583,-35.2500,-26.1229,-35.2500,-26.1229,-39.8125,-26.6229,-30.6875,-25.6229
1446480,Curtain Panels,Solid,,BBoxCenter,,-39.0260,-26.1646,-2.1430,-39.0260,-26.1646,-39.0260,-26.1646,-39.6042,-26.2687,-38.4479,-26.0604
1446484,Curtain Wall Grids,Grid Line,,BBoxCenter,,-38.3438,-26.1229,-1.9167,-38.3438,-26.1229,-38.3438,-26.1229,-38.3438,-26.6229,-38.3438,-25.6229
1446485,Curtain Panels,Threshold,,BBoxCenter,,-35.1875,-26.1646,-3.4440,-35.1875,-26.1646,-35.1875,-26.1646,-38.2396,-26.4146,-32.1354,-25.9146
1446493,Curtain Wall Mullions,"5"" x 5"" Quad Corner",,Point,180.0000,-39.8125,-26.1229,4.7083,-39.8125,-26.1229,-39.8125,-26.1229,-40.0208,-26.3312,-39.6042,-25.9146
1446494,Curtain Wall Mullions,"2.5"" x 5"" rectangular",,Point,180.0000,-38.3438,-26.1229,-3.5580,-38.3438,-26.1229,-38.3438,-26.1229,-38.4479,-26.3312,-38.2396,-25.9146
1446601,Curtain Wall Grids,Grid Line,,BBoxCenter,,-32.1354,-26.1229,-1.9167,-32.1354,-26.1229,-32.1354,-26.1229,-32.1354,-26.6229,-32.1354,-25.6229
1446617,Curtain Panels,Solid,,BBoxCenter,,-31.5156,-26.1646,-2.1146,-31.5156,-26.1646,-31.5156,-26.1646,-32.1354,-26.2687,-30.8958,-26.0604
1446705,Doors,Door-Curtain-Wall-Double-Storefront,105D,BBoxCenter,,-35.2396,-27.5916,0.5833,-35.2396,-27.5916,-35.2396,-27.5916,-38.2396,-29.1646,-32.2396,-26.0187
1446720,Curtain Wall Mullions,"5"" x 5"" Quad Corner",,Point,180.0000,-39.8125,-26.1229,-3.3333,-39.8125,-26.1229,-39.8125,-26.1229,-40.0208,-26.3312,-39.6042,-25.9146
1446724,Curtain Wall Mullions,"2.5"" x 5"" rectangular",,Point,180.0000,-38.3438,-26.1229,-3.3333,-38.3438,-26.1229,-38.3438,-26.1229,-38.4479,-26.3312,-38.2396,-25.9146
1446725,Curtain Wall Mullions,"2.5"" x 5"" rectangular",,Point,180.0000,-32.1354,-26.1229,-3.3333,-32.1354,-26.1229,-32.1354,-26.1229,-32.2396,-26.3312,-32.0313,-25.9146
1447005,Curtain Wall Mullions,"2.5"" x 5"" rectangular",,Point,180.0000,-39.8125,-26.1229,-3.6053,-39.8125,-26.1229,-39.8125,-26.1229,-39.6109,-26.3312,-38.2396,-25.9146
1447302,Curtain Wall Mullions,"5"" x 5"" Quad Corner",,Point,180.0000,-30.6875,-26.1229,-3.3110,-30.6875,-26.1229,-30.6875,-26.1229,-30.8958,-26.3312,-30.4792,-25.9146
1447329,Curtain Wall Mullions,"2.5"" x 5"" rectangular",,Point,180.0000,-31.3803,-26.1229,-3.3333,-31.3803,-26.1229,-31.3803,-26.1229,-31.3871,-26.3312,-30.6875,-25.9146
1447330,Curtain Wall Mullions,"2.5"" x 5"" rectangular",,Point,180.0000,-32.1354,-26.1229,-3.3577,-32.1354,-26.1229,-32.1354,-26.1229,-32.1421,-26.3312,-31.3803,-25.9146
1447957,Curtain Panels,Glazed,,BBoxCenter,,-39.0260,-26.2271,-0.0729,-39.0260,-26.2271,-39.0260,-26.2271,-39.6042,-26.2687,-38.4479,-26.1854
1447959,Curtain Panels,Glazed,,BBoxCenter,,-31.4635,-26.2271,-0.0729,-31.4635,-26.2271,-31.4635,-26.2271,-32.0313,-26.2687,-30.8958,-26.1854
1447974,Curtain Wall Mullions,"5"" x 5"" Quad Corner",,Point,180.0000,-39.8125,-26.1229,-0.7917,-39.8125,-26.1229,-39.8125,-26.1229,-40.0208,-26.3312,-39.6042,-25.9146
1447975,Curtain Wall Mullions,"2.5"" x 5"" rectangular",,Point,180.0000,-38.3438,-26.1229,-0.7917,-38.3438,-26.1229,-38.3438,-26.1229,-38.4479,-26.3312,-38.2396,-25.9146
1447976,Curtain Wall Mullions,"2.5"" x 5"" rectangular",,Point,180.0000,-32.1354,-26.1229,-0.7917,-32.1354,-26.1229,-32.1354,-26.1229,-32.2396,-26.3312,-32.0313,-25.9146
1447977,Curtain Wall Mullions,"5"" x 5"" Quad Corner",,Point,180.0000,-30.6875,-26.1229,-0.7917,-30.6875,-26.1229,-30.6875,-26.1229,-30.8958,-26.3312,-30.4792,-25.9146
1448030,Curtain Wall Mullions,"2.5"" x 5"" rectangular",,Point,180.0000,-30.8958,-26.1229,-0.7917,-30.8958,-26.1229,-30.8958,-26.1229,-32.0313,-26.3312,-30.8958,-25.9146
1448031,Curtain Wall Mullions,"2.5"" x 5"" rectangular",,Point,180.0000,-38.4479,-26.1229,-0.7917,-38.4479,-26.1229,-38.4479,-26.1229,-39.6042,-26.3312,-38.4479,-25.9146
1448144,Curtain Panels,Glazed,,BBoxCenter,,-30.7917,-27.1229,-0.0729,-30.7917,-27.1229,-30.7917,-27.1229,-30.8333,-27.9146,-30.7500,-26.3312
1448151,Curtain Wall Mullions,"5"" x 5"" rectangular (Off Center-Right)",,Point,180.0000,-30.6875,-28.3312,-0.7917,-30.6875,-28.3312,-30.6875,-28.3312,-30.8958,-28.3312,-30.4792,-27.9146
1448153,Curtain Wall Mullions,"2.5"" x 5"" rectangular",,Point,120.0000,-30.6875,-27.9146,-0.7917,-30.6875,-27.9146,-30.6875,-27.9146,-30.8958,-27.9146,-30.4792,-26.3312
1448243,Curtain Panels,Glazed,,BBoxCenter,,-39.7083,-27.1229,-0.0729,-39.7083,-27.1229,-39.7083,-27.1229,-39.7500,-27.9146,-39.6667,-26.3312
1448251,Curtain Wall Mullions,"5"" x 5"" rectangular (Off Center-Right)",,Point,270.0000,-39.8125,-28.3312,-0.7917,-39.8125,-28.3312,-39.8125,-28.3312,-40.0208,-28.3312,-39.6042,-27.9146
1448252,Curtain Wall Mullions,"2.5"" x 5"" rectangular",,Point,240.0000,-39.8125,-26.3312,-0.7917,-39.8125,-26.3312,-39.8125,-26.3312,-40.0208,-27.9146,-39.6042,-26.3312
1456456,Walls,Retaining - Split Face CMU,,CurveMidpt,,-71.6276,-28.9323,-5.9167,-71.6276,-28.9323,-71.6276,-28.9323,-93.3854,-29.3333,-50.2708,-28.5313
1456605,Wall Sweeps,,,BBoxCenter,,-71.9948,-28.9323,-3.2917,-71.9948,-28.9323,-71.9948,-28.9323,-93.3854,-29.3333,-50.6042,-28.5313
1456886,Walls,Retaining - Split Face CMU,,CurveMidpt,,-92.9844,-11.5000,-5.9167,-92.9844,-11.5000,-92.9844,-11.5000,-93.3854,-15.1667,-92.5833,-7.8333
1456887,Wall Sweeps,,,BBoxCenter,,-92.9844,-11.5000,-3.2917,-92.9844,-11.5000,-92.9844,-11.5000,-93.3854,-15.1667,-92.5833,-7.8333
1456979,Walls,Retaining - Split Face CMU,,CurveMidpt,,-71.5807,-8.2344,-5.9167,-71.5807,-8.2344,-71.5807,-8.2344,-93.3854,-8.6354,-50.1771,-7.8333
1456980,Wall Sweeps,,,BBoxCenter,,-71.8177,-8.2344,-3.2917,-71.8177,-8.2344,-71.8177,-8.2344,-93.3854,-8.6354,-50.2500,-7.8333
1457057,Walls,Retaining - Split Face CMU,,CurveMidpt,,-99.6198,-18.5833,-5.9167,-99.6198,-18.5833,-99.6198,-18.5833,-100.0208,-29.3333,-99.2187,-7.8333
1457058,Wall Sweeps,,,BBoxCenter,,-99.6198,-18.5833,-4.7917,-99.6198,-18.5833,-99.6198,-18.5833,-100.0208,-29.3333,-99.2187,-7.8333
1457059,Walls,Retaining - Split Face CMU,,CurveMidpt,,-105.5599,-8.2344,-5.9167,-105.5599,-8.2344,-105.5599,-8.2344,-111.5000,-8.6354,-99.2187,-7.8333
1457060,Wall Sweeps,,,BBoxCenter,,-105.3594,-8.2344,-4.7917,-105.3594,-8.2344,-105.3594,-8.2344,-111.5000,-8.6354,-99.2187,-7.8333
1458752,Walls,Retaining - Split Face CMU,,CurveMidpt,,-92.9844,-25.6667,-5.9167,-92.9844,-25.6667,-92.9844,-25.6667,-93.3854,-29.3333,-92.5833,-22.0000
1458753,Wall Sweeps,,,BBoxCenter,,-92.9844,-25.6667,-3.2917,-92.9844,-25.6667,-92.9844,-25.6667,-93.3854,-29.3333,-92.5833,-22.0000
1459015,Floors,Hardscape - Brick Walk,,BBoxCenter,,-92.1927,-18.5833,-4.8333,-92.1927,-18.5833,-92.1927,-18.5833,-93.3021,-22.0833,-91.0833,-15.0833
1459117,Floors,Roof - Porcelain Float Deck 2'x2',,BBoxCenter,,-80.8750,5.1719,-5.8333,-80.8750,5.1719,-80.8750,5.1719,-111.5000,-7.9167,-50.2500,18.2604
1474830,Walls,"Exterior - 5 3/8"" Rainscreen w Insultation (for Concrete Core Walls)",,CurveMidpt,,-105.4505,43.9740,-5.9167,-105.4505,43.9740,-105.4505,43.9740,-111.5000,43.7500,-99.1771,44.1979
1475270,Walls,"Exterior - 5 3/8"" Rainscreen w Insultation (for Concrete Core Walls)",,CurveMidpt,,-99.4010,43.0990,-5.9167,-99.4010,43.0990,-99.4010,43.0990,-99.6250,42.2240,-99.1771,43.9740
1475387,Walls,"Exterior - 5 3/8"" Rainscreen w Insultation (for Concrete Core Walls)",,CurveMidpt,,-49.9740,39.4870,-3.4583,-49.9740,39.4870,-49.9740,39.4870,-50.1979,36.2240,-49.7500,42.7500
1475400,Walls,"Exterior - 5 3/8"" Rainscreen w Insultation (for Concrete Core Walls)",,CurveMidpt,,-39.1510,39.5260,-3.4583,-39.1510,39.5260,-39.1510,39.5260,-39.3750,36.3021,-38.9271,42.7500
1475443,Walls,"Exterior - 5 3/8"" Rainscreen w Insultation (for Concrete Core Walls)",,CurveMidpt,,-44.5625,43.9740,-3.4583,-44.5625,43.9740,-44.5625,43.9740,-50.1979,43.7500,-38.9271,44.1979
1475676,Walls,"Exterior - 5 3/8"" Rainscreen w Insultation (for Concrete Core Walls)",,CurveMidpt,,-49.9740,43.0990,-3.4583,-49.9740,43.0990,-49.9740,43.0990,-50.1979,42.2240,-49.7500,43.9740
1475677,Walls,"Exterior - 5 3/8"" Rainscreen w Insultation (for Concrete Core Walls)",,CurveMidpt,,-39.1510,43.0990,-3.4583,-39.1510,43.0990,-39.1510,43.0990,-39.3750,42.2240,-38.9271,43.9740
1483746,Walls,"Chase - GWB & Metal Stud 4 1/4""",,CurveMidpt,,-104.6510,41.9410,-5.9167,-104.6510,41.9410,-104.6510,41.9410,-109.1771,41.7500,-100.1250,43.1252
1501152,Floors,Finish Floor - Terrazo,,BBoxCenter,,-8.3333,-12.6094,-2.7083,-8.3333,-12.6094,-8.3333,-12.6094,-19.8646,-28.4063,3.1979,3.1875
1501264,Ramps,Ramp (Wood),,BBoxCenter,,0.9271,6.5000,-1.4583,0.9271,6.5000,0.9271,6.5000,-0.5729,0.5000,2.4271,12.5000
1501284,Railings,Glass Panel - Bottom Fill (Extension Top and Bottom),,BBoxCenter,,-0.5521,6.5000,-1.4123,-0.5521,6.5000,-0.5521,6.5000,-0.6979,-0.5938,-0.4062,13.5937
1501288,Railings,Glass Panel - Bottom Fill (Extension Top and Bottom),,BBoxCenter,,2.4063,6.5000,-1.4123,2.4063,6.5000,2.4063,6.5000,2.2604,-0.5938,2.5521,13.5937
1501317,Top Rails,"Elliptical - 1 1/2"" x 1 1/8"" (Extension Top and Bottom)",,BBoxCenter,,-0.5729,6.5000,-0.7552,-0.5729,6.5000,-0.5729,6.5000,-0.6979,-0.5938,-0.4479,13.5937
1501328,Top Rails,"Elliptical - 1 1/2"" x 1 1/8"" (Extension Top and Bottom)",,BBoxCenter,,2.4271,6.5000,-0.7552,2.4271,6.5000,2.4271,6.5000,2.3021,-0.5938,2.5521,13.5937
1501921,Stairs,Stair,,BBoxCenter,,-3.3542,1.2187,-2.9583,-3.3542,1.2187,-3.3542,1.2187,-5.8542,0.3021,-0.8542,2.1354
1502184,Walls,"Chase - GWB & Metal Stud 3 1/8""",,CurveMidpt,,-19.3802,-28.4453,-3.4583,-19.3802,-28.4453,-19.3802,-28.4453,-19.5104,-28.7240,-19.2500,-28.1667
1504319,Columns,"20""D x 24""W",,Point,,3.5833,-27.5417,0.0000,3.5833,-27.5417,3.5833,-27.5417,2.5833,-28.1667,4.5833,-26.5000
1505924,Walls,"Exterior - GWB on Metal Stud w Insulated Panel 8 7/8""",,CurveMidpt,,-8.3333,-28.7240,-3.4583,-8.3333,-28.7240,-8.3333,-28.7240,-19.7500,-29.0938,3.0833,-28.3542
1506352,Doors,"78"" x 108""",106C,Point,180.0000,-8.3333,-28.7240,-2.4583,-8.3333,-28.7240,-8.3333,-28.7240,-11.7552,-34.1457,-5.0625,-22.7971
1506500,Walls,Block 39 Storefront,,CurveMidpt,,-8.3333,-28.6875,-3.4583,-8.3333,-28.6875,-8.3333,-28.6875,-19.3802,-29.1875,2.7135,-28.1875
1506505,Curtain Wall Mullions,"2.5"" x 5"" rectangular",,Point,180.0000,2.5833,-28.6875,-1.9583,2.5833,-28.6875,2.5833,-28.6875,2.3750,-28.8958,2.5833,-28.4792
1506523,Curtain Wall Mullions,"2.5"" x 5"" rectangular",,Point,180.0000,-11.6042,-28.6875,-1.9583,-11.6042,-28.6875,-11.6042,-28.6875,-11.8125,-28.8958,-11.6042,-28.4792
1506524,Curtain Wall Mullions,"2.5"" x 5"" rectangular",,Point,180.0000,-5.0625,-28.6875,6.5729,-5.0625,-28.6875,-5.0625,-28.6875,-5.0625,-28.8958,-4.8542,-28.4792
1513749,Curtain Wall Grids,Grid Line,,BBoxCenter,,-15.6042,-28.6875,-1.9167,-15.6042,-28.6875,-15.6042,-28.6875,-15.6042,-29.1875,-15.6042,-28.1875
1513819,Curtain Panels,Glazed,,BBoxCenter,,-14.6042,-28.7917,-0.5833,-14.6042,-28.7917,-14.6042,-28.7917,-15.5000,-28.8333,-13.7083,-28.7500
1513828,Curtain Wall Mullions,"2.5"" x 5"" rectangular",,Point,180.0000,-15.6042,-28.6875,-1.9583,-15.6042,-28.6875,-15.6042,-28.6875,-15.7083,-28.8958,-15.5000,-28.4792
1513842,Curtain Wall Grids,Grid Line,,BBoxCenter,,-1.0635,-28.6875,-1.9167,-1.0635,-28.6875,-1.0635,-28.6875,-1.0635,-29.1875,-1.0635,-28.1875
1513906,Curtain Wall Mullions,"2.5"" x 5"" rectangular",,Point,180.0000,-1.0635,-28.6875,-1.9583,-1.0635,-28.6875,-1.0635,-28.6875,-1.1677,-28.8958,-0.9594,-28.4792
1514008,Curtain Wall Mullions,"2.5"" x 5"" rectangular",,Point,180.0000,-19.2500,-28.6875,6.6979,-19.2500,-28.6875,-19.2500,-28.6875,-19.2500,-28.8958,-19.0417,-28.4792
1514312,Curtain Wall Grids,Grid Line,,BBoxCenter,,-13.6042,-28.6875,-1.9167,-13.6042,-28.6875,-13.6042,-28.6875,-13.6042,-29.1875,-13.6042,-28.1875
1514356,Curtain Panels,Glazed,,BBoxCenter,,-8.5417,-28.7917,-0.5833,-8.5417,-28.7917,-8.5417,-28.7917,-13.5000,-28.8333,-3.5833,-28.7500
1514369,Curtain Wall Mullions,"2.5"" x 5"" rectangular",,Point,180.0000,-13.6042,-28.6875,-1.9583,-13.6042,-28.6875,-13.6042,-28.6875,-13.7083,-28.8958,-13.5000,-28.4792
1514393,Curtain Wall Grids,Grid Line,,BBoxCenter,,-3.4792,-28.6875,-1.9167,-3.4792,-28.6875,-3.4792,-28.6875,-3.4792,-29.1875,-3.4792,-28.1875
1514483,Curtain Panels,Glazed,,BBoxCenter,,-2.2714,-28.7917,-0.5833,-2.2714,-28.7917,-2.2714,-28.7917,-3.3750,-28.8333,-1.1677,-28.7500
1514495,Curtain Wall Mullions,"2.5"" x 5"" rectangular",,Point,180.0000,-3.4792,-28.6875,-1.9583,-3.4792,-28.6875,-3.4792,-28.6875,-3.5833,-28.8958,-3.3750,-28.4792
1514788,Doors,"36"" x 96"" Storefront",106D,Point,180.0000,-17.3750,-28.7240,-2.4583,-17.3750,-28.7240,-17.3750,-28.7240,-19.1042,-31.9063,-15.7083,-28.3125
1514845,Curtain Wall Mullions,"3"" x 5"" rectangular",,Point,180.0000,-13.5000,-28.6875,-1.9583,-13.5000,-28.6875,-13.5000,-28.6875,-13.5000,-28.8958,-11.8125,-28.4792
1516379,Curtain Wall Mullions,"3"" x 5"" rectangular",,Point,180.0000,-15.5000,-28.6875,-1.9583,-15.5000,-28.6875,-15.5000,-28.6875,-15.5000,-28.8958,-13.7083,-28.4792
1516507,Doors,"36"" x 96"" Storefront",106B,Point,360.0000,0.7073,-28.7240,-2.4583,0.7073,-28.7240,0.7073,-28.7240,-0.9594,-31.9063,2.4365,-28.3125
1516515,Curtain Wall Mullions,"3"" x 5"" rectangular",,Point,180.0000,-4.8542,-28.6875,-1.9583,-4.8542,-28.6875,-4.8542,-28.6875,-4.8542,-28.8958,-3.5833,-28.4792
1516518,Curtain Wall Mullions,"3"" x 5"" rectangular",,Point,180.0000,-3.3750,-28.6875,-1.9583,-3.3750,-28.6875,-3.3750,-28.6875,-3.3750,-28.8958,-1.1677,-28.4792
1534835,Walls,"Chase - GWB & Metal Stud 3 1/8""",,CurveMidpt,,70.1446,-24.8947,0.0000,70.1446,-24.8947,70.1446,-24.8947,69.5519,-25.0996,70.6083,-24.7068
1534836,Walls,"Chase - GWB & Metal Stud 3 1/8""",,CurveMidpt,,69.7846,-25.6119,0.0000,69.7846,-25.6119,69.7846,-25.6119,69.5859,-26.2872,70.0004,-24.9365
1538585,Walls,"Chase - GWB & Metal Stud 6 5/8""",,CurveMidpt,,23.9583,-30.3281,-3.4583,23.9583,-30.3281,23.9583,-30.3281,22.9167,-30.6042,25.0000,-30.0521
1543392,Walls,"Chase - GWB & Metal Stud 3 1/8""",,CurveMidpt,,40.4453,-28.3750,-3.4583,40.4453,-28.3750,40.4453,-28.3750,39.9896,-28.5052,40.7708,-28.2448
1545977,Walls,"Exterior - 5 3/8"" Rainscreen w Insultation (for Concrete Core Walls)",,CurveMidpt,,47.2091,-26.8490,0.0000,47.2091,-26.8490,47.2091,-26.8490,43.1514,-27.0729,51.2669,-26.6250
1546499,Walls,"Chase - GWB & Metal Stud 6 5/8""",,CurveMidpt,,52.2963,-28.8625,0.0000,52.2963,-28.8625,52.2963,-28.8625,50.9874,-29.3037,53.0837,-28.4899
1547379,Walls,"Chase - GWB & Metal Stud 6 5/8""",,CurveMidpt,,69.7215,-26.5684,0.0000,69.7215,-26.5684,69.7215,-26.5684,69.3704,-26.8835,70.0725,-26.2532
1554318,Floors,Sidewalk,,BBoxCenter,,22.3609,-29.7333,-2.1667,22.3609,-29.7333,22.3609,-29.7333,3.4083,-31.5083,41.3134,-27.9583
1554694,Floors,Sidewalk,,BBoxCenter,,47.1752,-28.1441,-0.3750,47.1752,-28.1441,47.1752,-28.1441,43.3753,-29.6632,50.9751,-26.6250
1555261,Walls,_Not Defined,,CurveMidpt,,46.7917,-25.9167,0.0000,46.7917,-25.9167,46.7917,-25.9167,43.9583,-26.4167,49.6250,-25.4167
1555262,Curtain Panels,Glazed,,BBoxCenter,,48.3958,-26.0208,2.1875,48.3958,-26.0208,48.3958,-26.0208,47.3750,-26.0625,49.4167,-25.9792
1555264,Curtain Wall Mullions,"2.5"" x 5"" rectangular",,Point,90.0000,49.4167,-25.9167,0.1667,49.4167,-25.9167,49.4167,-25.9167,47.3750,-26.1250,49.4167,-25.7083
1555265,Curtain Wall Mullions,"2.5"" x 5"" rectangular",,Point,180.0000,43.9583,-25.9167,0.1667,43.9583,-25.9167,43.9583,-25.9167,43.9583,-26.1250,44.1667,-25.7083
1555322,Floors,Sidewalk,,BBoxCenter,,60.3106,-27.4275,-0.7684,60.3106,-27.4275,60.3106,-27.4275,51.0595,-30.2090,69.5617,-24.6460
1556525,Stairs,Stair,,BBoxCenter,,-17.2604,-6.4375,2.8125,-17.2604,-6.4375,-17.2604,-6.4375,-19.0937,-14.6875,-15.4271,1.8125
1556760,Runs,"2 1/2"" Tread Square Nosing No Riser",,BBoxCenter,,-17.2604,-6.3125,2.8125,-17.2604,-6.3125,-17.2604,-6.3125,-19.1771,-14.6875,-15.3437,2.0625
1556787,Stair Paths,Standard,,BBoxCenter,,-17.4625,-9.5568,1.8191,-17.4625,-9.5568,-17.4625,-9.5568,-18.1647,-15.3428,-16.7604,-3.7708
1557298,Supports,"Carriage - 24"" Width",,BBoxCenter,,-17.2604,-6.3125,2.8125,-17.2604,-6.3125,-17.2604,-6.3125,-18.2604,-14.6875,-16.2604,2.0625
1558043,Doors,"36"" x 84"" (45 MIN)",106A,Point,270.0000,3.5833,15.9583,-3.4583,3.5833,15.9583,3.5833,15.9583,3.0521,14.2292,6.9896,17.6250
1558044,Walls,"Party - 6 1/8"" (2-hr)",,CurveMidpt,,3.5833,-4.3818,-3.4583,3.5833,-4.3818,3.5833,-4.3818,3.0938,-27.5083,4.0729,18.7448
1563533,Hardscape,"72""L x 24""W x 24""H",,Point,90.0000,-16.3731,-6.4479,-2.4583,-16.3731,-6.4479,-16.3731,-6.4479,-17.3731,-9.4479,-15.3731,-3.4479
1563617,Hardscape,"42""""L x 20""W x 24""H",,Point,180.0000,-17.1231,-2.2812,-2.4583,-17.1231,-2.2812,-17.1231,-2.2812,-18.8731,-3.1146,-15.3731,-1.4479
1563804,Runs,"2"" Tread 1"" Nosing 1/4"" Riser (Wood)",,BBoxCenter,,-3.3542,1.2187,-2.7083,-3.3542,1.2187,-3.3542,1.2187,-5.8542,0.3021,-0.8542,2.1354
1563808,Supports,"Carriage - 2"" Width",,BBoxCenter,,-0.9375,1.2187,-2.6192,-0.9375,1.2187,-0.9375,1.2187,-1.0208,0.3021,-0.8542,2.1354
1563809,Supports,"Carriage - 2"" Width",,BBoxCenter,,-5.7708,1.2187,-2.6192,-5.7708,1.2187,-5.7708,1.2187,-5.8542,0.3021,-5.6875,2.1354
1564343,Railings,Glass Panel - Bottom Fill (Extension Bottom),,BBoxCenter,,-8.9687,1.9115,-1.1615,-8.9687,1.9115,-8.9687,1.9115,-12.2917,-0.3229,-5.6458,4.1458
1564347,Railings,Glass Panel - Bottom Fill (Extension Top and Bottom),,BBoxCenter,,-0.9896,1.6771,-1.1615,-0.9896,1.6771,-0.9896,1.6771,-1.1667,-0.7917,-0.8125,4.1458
1564377,Top Rails,"Elliptical - 1 1/2"" x 1 1/8"" (Extension Top and Bottom)",,BBoxCenter,,-0.9375,1.6771,-0.7552,-0.9375,1.6771,-0.9375,1.6771,-1.0625,-0.7917,-0.8125,4.1458
1564621,Supports,"Carriage - 2"" Width",,BBoxCenter,,-3.3542,1.2187,-2.6192,-3.3542,1.2187,-3.3542,1.2187,-3.4375,0.3021,-3.2708,2.1354
1564925,Top Rails,"Elliptical - 1 1/2"" x 1 1/8"" (Extension Bottom)",,BBoxCenter,,-8.9583,1.9115,-0.7552,-8.9583,1.9115,-8.9583,1.9115,-12.2708,-0.3229,-5.6458,4.1458
1593644,Walls,_Not Defined,,CurveMidpt,,54.8775,-28.6172,0.0000,54.8775,-28.6172,54.8775,-28.6172,52.9946,-29.3522,56.7604,-27.8822
1593647,Walls,_Not Defined,,CurveMidpt,,56.5429,-27.2212,0.0000,56.5429,-27.2212,56.5429,-27.2212,55.8949,-28.4432,57.1909,-25.9993
1593650,Walls,_Not Defined,,CurveMidpt,,60.9347,-25.4663,0.0000,60.9347,-25.4663,60.9347,-25.4663,56.3253,-26.5602,65.5441,-24.3723
1593654,Walls,_Not Defined,,CurveMidpt,,65.6311,-26.0247,0.0000,65.6311,-26.0247,65.6311,-26.0247,64.9831,-27.2467,66.2791,-24.8028
1593657,Walls,_Not Defined,,CurveMidpt,,67.6011,-26.9421,0.0000,67.6011,-26.9421,67.6011,-26.9421,65.7181,-27.6771,69.4840,-26.2071
1593661,Curtain Panels,Glazed,,BBoxCenter,,54.8395,-28.7273,3.0937,54.8395,-28.7273,54.8395,-28.7273,53.2746,-28.9739,56.4044,-28.4806
1593662,Curtain Wall Mullions,"5"" V Corner",,Point,180.0000,56.6952,-28.3779,1.9792,56.6952,-28.3779,56.6952,-28.3779,56.3446,-28.6252,56.9289,-28.0409
1593663,Curtain Wall Mullions,"2.5"" x 5"" rectangular",,Point,185.3014,56.3853,-28.4187,2.0833,56.3853,-28.4187,56.3853,-28.4187,53.2392,-29.0358,56.4125,-28.2121
1593665,Curtain Panels,Glazed,,BBoxCenter,,57.1891,-26.0645,3.0938,57.1891,-26.0645,57.1891,-26.0645,56.6053,-26.1819,57.7729,-25.9470
1593666,Curtain Wall Mullions,"5"" x 5"" Quad Corner",,Point,180.0000,65.4788,-24.8680,1.9792,65.4788,-24.8680,65.4788,-24.8680,65.2451,-25.1018,65.7126,-24.6343
1593667,Curtain Wall Mullions,"2.5"" x 5"" rectangular",,Point,185.3014,57.7538,-25.8850,2.0833,57.7538,-25.8850,57.7538,-25.8850,56.5700,-26.2439,57.7810,-25.6785
1593669,Curtain Panels,Glazed,,BBoxCenter,,56.6394,-27.1560,3.0938,56.6394,-27.1560,56.6394,-27.1560,56.4798,-28.0599,56.7990,-26.2520
1593670,Curtain Wall Mullions,"2.5"" x 5"" rectangular",,Point,244.2314,56.4178,-26.2711,2.0833,56.4178,-26.2711,56.4178,-26.2711,56.2112,-28.0953,56.8609,-26.2439
1593672,Curtain Panels,Glazed,,BBoxCenter,,67.6663,-27.0386,3.0938,67.6663,-27.0386,67.6663,-27.0386,66.1014,-27.2852,69.2312,-26.7920
1593673,Curtain Wall Mullions,"2.5"" x 5"" rectangular",,Point,180.0000,69.4187,-26.7028,1.9792,69.4187,-26.7028,69.4187,-26.7028,69.1850,-26.9365,69.4459,-26.4963
1593674,Curtain Wall Mullions,"2.5"" x 5"" rectangular",,Point,185.3014,69.2122,-26.7300,2.0833,69.2122,-26.7300,69.2122,-26.7300,66.0660,-27.3472,69.2394,-26.5234
1593676,Curtain Panels,Glazed,,BBoxCenter,,65.5211,-25.9867,3.0938,65.5211,-25.9867,65.5211,-25.9867,65.3615,-26.8906,65.6807,-25.0827
1593677,Curtain Wall Mullions,"2.5"" x 5"" rectangular",,Point,124.4206,65.7426,-26.8716,2.0833,65.7426,-26.8716,65.7426,-26.8716,65.2995,-26.8988,65.9492,-25.0474
1593678,Curtain Panels,"Exterior - GWB on Metal Stud w Insulated Panel 8 7/8""",,CurveMidpt,,54.8775,-28.6172,0.0000,54.8775,-28.6172,54.8775,-28.6172,53.0116,-29.2231,56.7190,-28.0595
1593679,Curtain Panels,"Exterior - GWB on Metal Stud w Insulated Panel 8 7/8""",,CurveMidpt,,56.5429,-27.2212,0.0000,56.5429,-27.2212,56.5429,-27.2212,55.9757,-28.7928,57.1101,-25.6496
1593680,Curtain Wall Grids,Grid Line,,BBoxCenter,,57.8571,-25.8714,-1.9167,57.8571,-25.8714,57.8571,-25.8714,57.7919,-26.3672,57.9224,-25.3757
1593681,Curtain Panels,Threshold,,BBoxCenter,,60.9402,-25.5076,-0.2083,60.9402,-25.5076,60.9402,-25.5076,57.9332,-26.1470,63.9471,-24.8681
1593684,Curtain Wall Mullions,"2.5"" x 5"" rectangular",,Point,180.0000,57.8571,-25.8714,-0.5000,57.8571,-25.8714,57.8571,-25.8714,57.7266,-26.0916,57.9876,-25.6513
1593685,Curtain Wall Mullions,"2.5"" x 5"" rectangular",,Point,180.0000,57.8571,-25.8714,2.0833,57.8571,-25.8714,57.8571,-25.8714,57.7266,-26.0916,57.9876,-25.6513
1593686,Curtain Wall Grids,Grid Line,,BBoxCenter,,64.0123,-25.0611,-1.9167,64.0123,-25.0611,64.0123,-25.0611,63.9471,-25.5568,64.0776,-24.5654
1593688,Curtain Panels,Glazed,,BBoxCenter,,64.7076,-25.0746,3.0938,64.7076,-25.0746,64.7076,-25.0746,64.1238,-25.1921,65.2913,-24.9572
1593690,Curtain Wall Mullions,"2.5"" x 5"" rectangular",,Point,185.3014,65.2723,-24.8952,2.0833,65.2723,-24.8952,65.2723,-24.8952,64.0884,-25.2541,65.2995,-24.6887
1593691,Curtain Wall Mullions,"2.5"" x 5"" rectangular",,Point,180.0000,64.0123,-25.0611,-0.5000,64.0123,-25.0611,64.0123,-25.0611,63.8819,-25.2812,64.1428,-24.8410
1593692,Curtain Wall Mullions,"2.5"" x 5"" rectangular",,Point,180.0000,64.0123,-25.0611,2.0833,64.0123,-25.0611,64.0123,-25.0611,63.8819,-25.2812,64.1428,-24.8410
1593693,Curtain Panels,"Exterior - GWB on Metal Stud w Insulated Panel 8 7/8""",,CurveMidpt,,57.0722,-25.9748,0.0000,57.0722,-25.9748,57.0722,-25.9748,56.3491,-26.3829,57.8021,-25.5184
1593694,Curtain Panels,"Exterior - GWB on Metal Stud w Insulated Panel 8 7/8""",,CurveMidpt,,64.7972,-24.9578,0.0000,64.7972,-24.9578,64.7972,-24.9578,64.0673,-25.4141,65.8937,-24.4531
1593695,Curtain Panels,"Exterior - GWB on Metal Stud w Insulated Panel 8 7/8""",,CurveMidpt,,65.6311,-26.0247,0.0000,65.6311,-26.0247,65.6311,-26.0247,65.1605,-27.5963,66.1983,-24.8266
1593696,Curtain Panels,"Exterior - GWB on Metal Stud w Insulated Panel 8 7/8""",,CurveMidpt,,67.6011,-26.9421,0.0000,67.6011,-26.9421,67.6011,-26.9421,65.7419,-27.4998,69.4670,-26.3362
1593700,Curtain Wall Mullions,"2.5"" x 5"" rectangular",,Point,187.5000,53.0599,-28.8565,6.6771,53.0599,-28.8565,53.0599,-28.8565,53.0327,-29.0630,53.2936,-28.6227
1593705,Curtain Wall Mullions,"5"" V Corner",,Point,187.5000,65.7834,-27.1814,6.6771,65.7834,-27.1814,65.7834,-27.1814,65.5361,-27.4151,66.1204,-26.8308
1593711,Curtain Wall Mullions,"5"" x 5"" Quad Corner",,Point,187.5000,56.3906,-26.0645,7.4375,56.3906,-26.0645,56.3906,-26.0645,56.1569,-26.2983,56.6243,-25.8308
1593725,Doors,Door-Curtain-Wall-Double-Storefront,109A,BBoxCenter,,61.1264,-26.9225,4.6562,61.1264,-26.9225,61.1264,-26.9225,57.9468,-28.8735,64.3061,-24.9714
1593727,Curtain Wall Mullions,"2.5"" x 5"" rectangular",,Point,180.0000,57.8571,-25.8714,0.0833,57.8571,-25.8714,57.8571,-25.8714,57.7266,-26.0916,57.9876,-25.6513
1593728,Curtain Wall Mullions,"2.5"" x 5"" rectangular",,Point,180.0000,64.0123,-25.0611,0.0833,64.0123,-25.0611,64.0123,-25.0611,63.8819,-25.2812,64.1428,-24.8410
1594191,Walls,"Chase - GWB & Metal Stud 6 5/8""",,CurveMidpt,,5.6250,-30.3281,-3.4583,5.6250,-30.3281,5.6250,-30.3281,4.5833,-30.6042,6.6667,-30.0521
1594192,Walls,_Not Defined,,CurveMidpt,,8.5000,-30.4219,0.0000,8.5000,-30.4219,8.5000,-30.4219,6.6667,-30.9219,10.3333,-29.9219
1594195,Walls,_Not Defined,,CurveMidpt,,10.3333,-29.2552,0.0000,10.3333,-29.2552,10.3333,-29.2552,9.8333,-30.4219,10.8333,-28.0885
1594198,Walls,_Not Defined,,CurveMidpt,,14.9167,-28.0885,0.0000,14.9167,-28.0885,14.9167,-28.0885,10.3333,-28.5885,19.5000,-27.5885
1594202,Walls,_Not Defined,,CurveMidpt,,19.5000,-29.2552,0.0000,19.5000,-29.2552,19.5000,-29.2552,19.0000,-30.4219,20.0000,-28.0885
1594205,Walls,_Not Defined,,CurveMidpt,,21.2083,-30.4219,0.0000,21.2083,-30.4219,21.2083,-30.4219,19.5000,-30.9219,22.9167,-29.9219
1594209,Curtain Panels,Glazed,,BBoxCenter,,8.4479,-30.5260,0.5312,8.4479,-30.5260,8.4479,-30.5260,6.8750,-30.5677,10.0208,-30.4844
1594210,Curtain Wall Mullions,"5"" V Corner",,Point,180.0000,10.3333,-30.4219,0.3125,10.3333,-30.4219,10.3333,-30.4219,10.0208,-30.6302,10.5417,-30.1094
1594211,Curtain Wall Mullions,"2.5"" x 5"" rectangular",,Point,180.0000,10.0208,-30.4219,0.4167,10.0208,-30.4219,10.0208,-30.4219,6.8750,-30.6302,10.0208,-30.2135
1594213,Curtain Panels,Glazed,,BBoxCenter,,11.1250,-28.1927,0.5313,11.1250,-28.1927,11.1250,-28.1927,10.5417,-28.2344,11.7083,-28.1510
1594214,Curtain Wall Mullions,"5"" x 5"" Quad Corner",,Point,180.0000,19.5000,-28.0885,0.3125,19.5000,-28.0885,19.5000,-28.0885,19.2917,-28.2969,19.7083,-27.8802
1594215,Curtain Wall Mullions,"2.5"" x 5"" rectangular",,Point,180.0000,11.7083,-28.0885,0.4167,11.7083,-28.0885,11.7083,-28.0885,10.5417,-28.2969,11.7083,-27.8802
1594217,Curtain Panels,Glazed,,BBoxCenter,,10.4375,-29.2031,0.5313,10.4375,-29.2031,10.4375,-29.2031,10.3958,-30.1094,10.4792,-28.2969
1594218,Curtain Wall Mullions,"2.5"" x 5"" rectangular",,Point,240.0000,10.3333,-28.2969,0.4167,10.3333,-28.2969,10.3333,-28.2969,10.1250,-30.1094,10.5417,-28.2969
1594220,Curtain Panels,Glazed,,BBoxCenter,,21.2604,-30.5260,0.5312,21.2604,-30.5260,21.2604,-30.5260,19.8125,-30.5677,22.7083,-30.4844
1594221,Curtain Wall Mullions,"2.5"" x 5"" rectangular",,Point,180.0000,22.9167,-30.4219,0.3125,22.9167,-30.4219,22.9167,-30.4219,22.7083,-30.6302,22.9167,-30.2135
1594222,Curtain Wall Mullions,"2.5"" x 5"" rectangular",,Point,180.0000,22.7083,-30.4219,0.4167,22.7083,-30.4219,22.7083,-30.4219,19.8125,-30.6302,22.7083,-30.2135
1594224,Curtain Panels,Glazed,,BBoxCenter,,19.3958,-29.2031,0.5313,19.3958,-29.2031,19.3958,-29.2031,19.3542,-30.1094,19.4375,-28.2969
1594225,Curtain Wall Mullions,"2.5"" x 5"" rectangular",,Point,120.0000,19.5000,-30.1094,0.4167,19.5000,-30.1094,19.5000,-30.1094,19.2917,-30.1094,19.7083,-28.2969
1594226,Curtain Panels,"Exterior - GWB on Metal Stud w Insulated Panel 8 7/8""",,CurveMidpt,,8.5000,-30.4219,0.0000,8.5000,-30.4219,8.5000,-30.4219,6.6667,-30.7917,10.3333,-30.0521
1594227,Curtain Panels,"Exterior - GWB on Metal Stud w Insulated Panel 8 7/8""",,CurveMidpt,,10.3333,-29.2552,0.0000,10.3333,-29.2552,10.3333,-29.2552,9.9635,-30.7917,10.7031,-27.7188
1594228,Curtain Wall Grids,Grid Line,,BBoxCenter,,11.8125,-28.0885,-1.9167,11.8125,-28.0885,11.8125,-28.0885,11.8125,-28.5885,11.8125,-27.5885
1594229,Curtain Panels,Threshold,,BBoxCenter,,14.9167,-28.1302,-1.5000,14.9167,-28.1302,14.9167,-28.1302,11.9167,-28.3802,17.9167,-27.8802
1594232,Curtain Wall Mullions,"2.5"" x 5"" rectangular",,Point,180.0000,11.8125,-28.0885,-1.6667,11.8125,-28.0885,11.8125,-28.0885,11.7083,-28.2969,11.9167,-27.8802
1594233,Curtain Wall Mullions,"2.5"" x 5"" rectangular",,Point,180.0000,11.8125,-28.0885,0.4167,11.8125,-28.0885,11.8125,-28.0885,11.7083,-28.2969,11.9167,-27.8802
1594234,Curtain Wall Grids,Grid Line,,BBoxCenter,,18.0208,-28.0885,-1.9167,18.0208,-28.0885,18.0208,-28.0885,18.0208,-28.5885,18.0208,-27.5885
1594236,Curtain Panels,Glazed,,BBoxCenter,,18.7083,-28.1927,0.5313,18.7083,-28.1927,18.7083,-28.1927,18.1250,-28.2344,19.2917,-28.1510
1594238,Curtain Wall Mullions,"2.5"" x 5"" rectangular",,Point,180.0000,19.2917,-28.0885,0.4167,19.2917,-28.0885,19.2917,-28.0885,18.1250,-28.2969,19.2917,-27.8802
1594239,Curtain Wall Mullions,"2.5"" x 5"" rectangular",,Point,180.0000,18.0208,-28.0885,-1.6667,18.0208,-28.0885,18.0208,-28.0885,17.9167,-28.2969,18.1250,-27.8802
1594240,Curtain Wall Mullions,"2.5"" x 5"" rectangular",,Point,180.0000,18.0208,-28.0885,0.4167,18.0208,-28.0885,18.0208,-28.0885,17.9167,-28.2969,18.1250,-27.8802
1594241,Curtain Panels,"Exterior - GWB on Metal Stud w Insulated Panel 8 7/8""",,CurveMidpt,,11.0208,-28.0885,0.0000,11.0208,-28.0885,11.0208,-28.0885,10.3333,-28.4583,11.7083,-27.7188
1594242,Curtain Panels,"Exterior - GWB on Metal Stud w Insulated Panel 8 7/8""",,CurveMidpt,,18.8125,-28.0885,0.0000,18.8125,-28.0885,18.8125,-28.0885,18.1250,-28.4583,19.8698,-27.7188
1594243,Curtain Panels,"Exterior - GWB on Metal Stud w Insulated Panel 8 7/8""",,CurveMidpt,,19.5000,-29.2552,0.0000,19.5000,-29.2552,19.5000,-29.2552,19.1302,-30.7917,19.8698,-28.0885
1594244,Curtain Panels,"Exterior - GWB on Metal Stud w Insulated Panel 8 7/8""",,CurveMidpt,,21.2083,-30.4219,0.0000,21.2083,-30.4219,21.2083,-30.4219,19.5000,-30.7917,22.9167,-30.0521
1594248,Curtain Wall Mullions,"2.5"" x 5"" rectangular",,Point,180.0000,6.6667,-30.4219,6.6771,6.6667,-30.4219,6.6667,-30.4219,6.6667,-30.6302,6.8750,-30.2135
1594253,Curtain Wall Mullions,"5"" V Corner",,Point,180.0000,19.5000,-30.4219,6.6771,19.5000,-30.4219,19.5000,-30.4219,19.2917,-30.6302,19.8125,-30.1094
1594259,Curtain Wall Mullions,"5"" x 5"" Quad Corner",,Point,180.0000,10.3333,-28.0885,6.6771,10.3333,-28.0885,10.3333,-28.0885,10.1250,-28.2969,10.5417,-27.8802
1594273,Doors,Door-Curtain-Wall-Double-Storefront,108D,BBoxCenter,,14.9167,-29.5573,3.0000,14.9167,-29.5573,14.9167,-29.5573,11.9167,-31.1302,17.9167,-27.9844
1594275,Curtain Wall Mullions,"2.5"" x 5"" rectangular",,Point,180.0000,11.8125,-28.0885,-1.3333,11.8125,-28.0885,11.8125,-28.0885,11.7083,-28.2969,11.9167,-27.8802
1594276,Curtain Wall Mullions,"2.5"" x 5"" rectangular",,Point,180.0000,18.0208,-28.0885,-1.3333,18.0208,-28.0885,18.0208,-28.0885,17.9167,-28.2969,18.1250,-27.8802
1594282,Walls,_Not Defined,,CurveMidpt,,26.8333,-30.4219,0.0000,26.8333,-30.4219,26.8333,-30.4219,25.0000,-30.9219,28.6667,-29.9219
1594285,Walls,_Not Defined,,CurveMidpt,,28.6667,-29.2552,0.0000,28.6667,-29.2552,28.6667,-29.2552,28.1667,-30.4219,29.1667,-28.0885
1594288,Walls,_Not Defined,,CurveMidpt,,33.2500,-28.0885,0.0000,33.2500,-28.0885,33.2500,-28.0885,28.6667,-28.5885,37.8333,-27.5885
1594292,Walls,_Not Defined,,CurveMidpt,,37.8333,-29.2552,0.0000,37.8333,-29.2552,37.8333,-29.2552,37.3333,-30.4219,38.3333,-28.0885
1594295,Walls,_Not Defined,,CurveMidpt,,39.5714,-30.4219,0.0000,39.5714,-30.4219,39.5714,-30.4219,37.8333,-30.9219,41.3094,-29.9219
1594299,Curtain Panels,Glazed,,BBoxCenter,,26.7812,-30.5260,0.5312,26.7812,-30.5260,26.7812,-30.5260,25.2083,-30.5677,28.3542,-30.4844
1594300,Curtain Wall Mullions,"5"" V Corner",,Point,180.0000,28.6667,-30.4219,0.3125,28.6667,-30.4219,28.6667,-30.4219,28.3542,-30.6302,28.8750,-30.1094
1594301,Curtain Wall Mullions,"2.5"" x 5"" rectangular",,Point,180.0000,28.3542,-30.4219,0.4167,28.3542,-30.4219,28.3542,-30.4219,25.2083,-30.6302,28.3542,-30.2135
1594303,Curtain Panels,Glazed,,BBoxCenter,,29.4583,-28.1927,0.5313,29.4583,-28.1927,29.4583,-28.1927,28.8750,-28.2344,30.0417,-28.1510
1594304,Curtain Wall Mullions,"5"" x 5"" Quad Corner",,Point,180.0000,37.8333,-28.0885,0.3125,37.8333,-28.0885,37.8333,-28.0885,37.6250,-28.2969,38.0417,-27.8802
1594305,Curtain Wall Mullions,"2.5"" x 5"" rectangular",,Point,180.0000,30.0417,-28.0885,0.4167,30.0417,-28.0885,30.0417,-28.0885,28.8750,-28.2969,30.0417,-27.8802
1594307,Curtain Panels,Glazed,,BBoxCenter,,28.7708,-29.2031,0.5313,28.7708,-29.2031,28.7708,-29.2031,28.7292,-30.1094,28.8125,-28.2969
1594308,Curtain Wall Mullions,"2.5"" x 5"" rectangular",,Point,240.0000,28.6667,-28.2969,0.4167,28.6667,-28.2969,28.6667,-28.2969,28.4583,-30.1094,28.8750,-28.2969
1594310,Curtain Panels,Glazed,,BBoxCenter,,39.6234,-30.5260,0.5312,39.6234,-30.5260,39.6234,-30.5260,38.1458,-30.5677,41.1010,-30.4844
1594311,Curtain Wall Mullions,"2.5"" x 5"" rectangular",,Point,180.0000,41.3094,-30.4219,0.5208,41.3094,-30.4219,41.3094,-30.4219,41.1010,-30.6302,41.3094,-30.2135
1594312,Curtain Wall Mullions,"2.5"" x 5"" rectangular",,Point,180.0000,41.3094,-30.4219,0.4167,41.3094,-30.4219,41.3094,-30.4219,38.1458,-30.6302,41.3094,-30.2135
1594314,Curtain Panels,Glazed,,BBoxCenter,,37.7292,-29.2031,0.5313,37.7292,-29.2031,37.7292,-29.2031,37.6875,-30.1094,37.7708,-28.2969
1594315,Curtain Wall Mullions,"2.5"" x 5"" rectangular",,Point,120.0000,37.8333,-30.1094,0.4167,37.8333,-30.1094,37.8333,-30.1094,37.6250,-30.1094,38.0417,-28.2969
1594316,Curtain Panels,"Exterior - GWB on Metal Stud w Insulated Panel 8 7/8""",,CurveMidpt,,26.8333,-30.4219,0.0000,26.8333,-30.4219,26.8333,-30.4219,25.0000,-30.7917,28.6667,-30.0521
1594317,Curtain Panels,"Exterior - GWB on Metal Stud w Insulated Panel 8 7/8""",,CurveMidpt,,28.6667,-29.2552,0.0000,28.6667,-29.2552,28.6667,-29.2552,28.2969,-30.7917,29.0365,-27.7188
1594318,Curtain Wall Grids,Grid Line,,BBoxCenter,,30.1458,-28.0885,-1.9167,30.1458,-28.0885,30.1458,-28.0885,30.1458,-28.5885,30.1458,-27.5885
1594319,Curtain Panels,Threshold,,BBoxCenter,,33.2500,-28.1302,-1.5000,33.2500,-28.1302,33.2500,-28.1302,30.2500,-28.3802,36.2500,-27.8802
1594322,Curtain Wall Mullions,"2.5"" x 5"" rectangular",,Point,180.0000,30.1458,-28.0885,-1.6667,30.1458,-28.0885,30.1458,-28.0885,30.0417,-28.2969,30.2500,-27.8802
1594323,Curtain Wall Mullions,"2.5"" x 5"" rectangular",,Point,180.0000,30.1458,-28.0885,0.4167,30.1458,-28.0885,30.1458,-28.0885,30.0417,-28.2969,30.2500,-27.8802
1594324,Curtain Wall Grids,Grid Line,,BBoxCenter,,36.3542,-28.0885,-1.9167,36.3542,-28.0885,36.3542,-28.0885,36.3542,-28.5885,36.3542,-27.5885
1594326,Curtain Panels,Glazed,,BBoxCenter,,37.0417,-28.1927,0.5313,37.0417,-28.1927,37.0417,-28.1927,36.4583,-28.2344,37.6250,-28.1510
1594328,Curtain Wall Mullions,"2.5"" x 5"" rectangular",,Point,180.0000,37.6250,-28.0885,0.4167,37.6250,-28.0885,37.6250,-28.0885,36.4583,-28.2969,37.6250,-27.8802
1594329,Curtain Wall Mullions,"2.5"" x 5"" rectangular",,Point,180.0000,36.3542,-28.0885,-1.6667,36.3542,-28.0885,36.3542,-28.0885,36.2500,-28.2969,36.4583,-27.8802
1594330,Curtain Wall Mullions,"2.5"" x 5"" rectangular",,Point,180.0000,36.3542,-28.0885,0.4167,36.3542,-28.0885,36.3542,-28.0885,36.2500,-28.2969,36.4583,-27.8802
1594331,Curtain Panels,"Exterior - GWB on Metal Stud w Insulated Panel 8 7/8""",,CurveMidpt,,29.3542,-28.0885,0.0000,29.3542,-28.0885,29.3542,-28.0885,28.6667,-28.4583,30.0417,-27.7188
1594332,Curtain Panels,"Exterior - GWB on Metal Stud w Insulated Panel 8 7/8""",,CurveMidpt,,37.1458,-28.0885,0.0000,37.1458,-28.0885,37.1458,-28.0885,36.4583,-28.4583,38.2031,-27.7188
1594333,Curtain Panels,"Exterior - GWB on Metal Stud w Insulated Panel 8 7/8""",,CurveMidpt,,37.8333,-29.2552,0.0000,37.8333,-29.2552,37.8333,-29.2552,37.4635,-30.7917,38.2031,-28.0885
1594337,Curtain Wall Mullions,"2.5"" x 5"" rectangular",,Point,180.0000,25.0000,-30.4219,6.6771,25.0000,-30.4219,25.0000,-30.4219,25.0000,-30.6302,25.2083,-30.2135
1594342,Curtain Wall Mullions,"5"" V Corner",,Point,180.0000,37.8333,-30.4219,6.6771,37.8333,-30.4219,37.8333,-30.4219,37.6250,-30.6302,38.1458,-30.1094
1594348,Curtain Wall Mullions,"5"" x 5"" Quad Corner",,Point,180.0000,28.6667,-28.0885,6.6771,28.6667,-28.0885,28.6667,-28.0885,28.4583,-28.2969,28.8750,-27.8802
1594362,Doors,Door-Curtain-Wall-Double-Storefront,108C,BBoxCenter,,33.2500,-29.5573,3.0000,33.2500,-29.5573,33.2500,-29.5573,30.2500,-31.1302,36.2500,-27.9844
1594364,Curtain Wall Mullions,"2.5"" x 5"" rectangular",,Point,180.0000,30.1458,-28.0885,-1.3333,30.1458,-28.0885,30.1458,-28.0885,30.0417,-28.2969,30.2500,-27.8802
1594365,Curtain Wall Mullions,"2.5"" x 5"" rectangular",,Point,180.0000,36.3542,-28.0885,-1.3333,36.3542,-28.0885,36.3542,-28.0885,36.2500,-28.2969,36.4583,-27.8802
1594371,Curtain Panels,"Exterior - GWB on Metal Stud w Insulated Panel 8 7/8""",,CurveMidpt,,39.5505,-30.4219,0.0000,39.5505,-30.4219,39.5505,-30.4219,37.8333,-30.7917,41.2677,-30.0521
1594519,Curtain Wall Mullions,End Cap for Storefront,,Point,180.0000,41.3094,-30.4219,-1.6667,41.3094,-30.4219,41.3094,-30.4219,41.2677,-30.7917,41.3094,-30.0521
1603042,Lighting Fixtures,100W - 120V,314,Point,90.0000,-20.2500,-5.7500,3.0833,-20.2500,-5.7500,-20.2500,-5.7500,-19.7604,-6.7500,-18.2499,-4.7500
1607299,Railings,Glass Panel - Bottom Fill (Extension Bottom),,BBoxCenter,,-15.3646,-6.7135,4.6368,-15.3646,-6.7135,-15.3646,-6.7135,-15.6354,-16.6979,-15.0937,3.2708
1607303,Railings,Glass Panel - Bottom Fill (Extension Top and Bottom),,BBoxCenter,,-18.9687,-6.8958,4.6368,-18.9687,-6.8958,-18.9687,-6.8958,-19.1354,-16.6979,-18.8021,2.9062
1607309,Top Rails,"Elliptical - 1 1/2"" x 1 1/8"" (Extension Bottom)",,BBoxCenter,,-15.5104,-7.4676,5.0006,-15.5104,-7.4676,-15.5104,-7.4676,-15.6354,-16.6979,-15.3854,1.7628
1607323,Top Rails,"Elliptical - 1 1/2"" x 1 1/8"" (Extension Top and Bottom)",,BBoxCenter,,-19.0104,-7.4676,5.0006,-19.0104,-7.4676,-19.0104,-7.4676,-19.1354,-16.6979,-18.8854,1.7628
1612921,Planting,"Hydrangea 3'-9""",,Point,,-16.4564,-4.6146,-0.7917,-16.4564,-4.6146,-16.4564,-4.6146,-18.7812,-6.9520,-13.9310,-2.2942
1613008,Planting,"Hydrangea 3'-9""",,Point,,-17.2064,-2.2396,-0.7917,-17.2064,-2.2396,-17.2064,-2.2396,-19.5312,-4.5770,-14.6810,0.0808
1613310,Planting,"Century 1'-10""",,Point,,-16.4564,-7.2812,-0.7917,-16.4564,-7.2812,-16.4564,-7.2812,-18.7812,-9.6016,-14.1317,-4.9609
1615650,Railings,_IBC-Pipe-Plate Stringer (Guardrail),,BBoxCenter,,-104.8125,41.6042,1.3900,-104.8125,41.6042,-104.8125,41.6042,-108.9375,41.4479,-100.6875,41.7604
1615865,Handrails,Pipe - Wall Mount,,BBoxCenter,,-108.6841,30.0842,0.3569,-108.6841,30.0842,-108.6841,30.0842,-109.1146,23.5208,-108.2535,36.6475
1618833,Walls,"Chase - GWB & Metal Stud 4 1/4""",,CurveMidpt,,-44.5625,41.9410,-3.4583,-44.5625,41.9410,-44.5625,41.9410,-49.2500,41.7500,-39.8750,43.1252
1622897,Supports,"_Stringer - 1/4"" Plate",,BBoxCenter,,-40.3854,39.8541,2.3125,-40.3854,39.8541,-40.3854,39.8541,-40.3958,36.9583,-40.3750,42.7499
1622898,Supports,"_Stringer - 1/4"" Plate",,BBoxCenter,,-40.8958,42.7395,2.3125,-40.8958,42.7395,-40.8958,42.7395,-41.4167,42.7291,-40.3750,42.7499
1622899,Supports,"_Stringer - 1/4"" Plate",,BBoxCenter,,-48.7396,40.1213,2.3125,-48.7396,40.1213,-48.7396,40.1213,-48.7500,37.4926,-48.7292,42.7499
1622900,Supports,"_Stringer - 1/4"" Plate",,BBoxCenter,,-45.0521,38.0015,2.3125,-45.0521,38.0015,-45.0521,38.0015,-45.0625,37.4926,-45.0417,38.5104
1622901,Supports,"_Stringer - 1/4"" Plate",,BBoxCenter,,-44.5625,38.4999,2.3125,-44.5625,38.4999,-44.5625,38.4999,-45.0625,38.4895,-44.0625,38.5104
1622902,Supports,"_Stringer - 1/4"" Plate",,BBoxCenter,,-44.0729,37.7343,2.3125,-44.0729,37.7343,-44.0729,37.7343,-44.0833,36.9583,-44.0625,38.5104
1623051,Supports,"_Stringer - 1/4"" Plate",,BBoxCenter,,-48.2500,42.7395,2.3125,-48.2500,42.7395,-48.2500,42.7395,-48.7500,42.7291,-47.7500,42.7499
1623144,Supports,"_Stringer - 1/4"" Plate",,BBoxCenter,,-47.7604,42.8854,2.3125,-47.7604,42.8854,-47.7604,42.8854,-47.7708,42.7291,-47.7500,43.0417
1623145,Supports,"_Stringer - 1/4"" Plate",,BBoxCenter,,-41.4063,42.8854,2.3125,-41.4063,42.8854,-41.4063,42.8854,-41.4167,42.7291,-41.3958,43.0417
1623273,Railings,Pipe-Wall Mount,,BBoxCenter,,-40.3854,31.4583,4.5000,-40.3854,31.4583,-40.3854,31.4583,-41.1215,23.7917,-39.6494,39.1250
1623348,Handrails,Pipe - Wall Mount,,BBoxCenter,,-48.6146,34.1150,1.0309,-48.6146,34.1150,-48.6146,34.1150,-48.7396,30.7604,-48.4896,37.4697
1623380,Supports,Metal - Circular,,Point,,-48.7396,30.8229,-0.6250,-48.7396,30.8229,-48.7396,30.8229,-48.8646,30.7987,-48.0035,31.0104
1623381,Supports,Metal - Circular,,Point,90.0000,-48.5521,33.4767,0.1731,-48.5521,33.4767,-48.5521,33.4767,-48.7396,33.3517,-48.5279,34.2128
1629426,Supports,"2'-8"" Picket",,Point,90.0000,-44.0729,25.6137,-3.1929,-44.0729,25.6137,-44.0729,25.6137,-44.0938,25.5929,-44.0521,25.6346
1629427,Supports,"2'-8"" Picket",,Point,90.0000,-44.0729,25.3318,-3.0204,-44.0729,25.3318,-44.0729,25.3318,-44.0938,25.3110,-44.0521,25.3526
1629808,Supports,"2'-8"" Picket",,Point,270.0000,-45.0521,30.4467,-2.8047,-45.0521,30.4467,-45.0521,30.4467,-45.0729,30.4259,-45.0313,30.4675
1629809,Supports,"2'-8"" Picket",,Point,270.0000,-45.0521,30.7751,-2.8047,-45.0521,30.7751,-45.0521,30.7751,-45.0729,30.7543,-45.0313,30.7959
1629810,Supports,"2'-8"" Picket",,Point,270.0000,-45.0521,31.1035,-2.8047,-45.0521,31.1035,-45.0521,31.1035,-45.0729,31.0827,-45.0313,31.1244
1629811,Supports,"2'-8"" Picket",,Point,270.0000,-45.0521,31.4319,-2.8047,-45.0521,31.4319,-45.0521,31.4319,-45.0729,31.4111,-45.0313,31.4528
1631810,Supports,"2'-8"" Picket",,Point,270.0000,-105.3021,24.5208,-5.2630,-105.3021,24.5208,-105.3021,24.5208,-105.3229,24.5000,-105.2813,24.5417
1631828,Supports,"2'-8"" Picket",,Point,270.0000,-45.0521,31.7604,-2.8047,-45.0521,31.7604,-45.0521,31.7604,-45.0729,31.7395,-45.0313,31.7812
1631830,Supports,"2'-8"" Picket",,Point,90.0000,-44.0729,25.0499,-2.8479,-44.0729,25.0499,-44.0729,25.0499,-44.0938,25.0290,-44.0521,25.0707
1631894,Supports,"2'-8"" Picket",,Point,90.0000,-44.0729,24.7292,-2.8047,-44.0729,24.7292,-44.0729,24.7292,-44.0938,24.7083,-44.0521,24.7500
1641593,Railings,_IBC-Pipe-Plate Stringer (Extension None),,BBoxCenter,,45.9375,-8.5208,-6.1356,45.9375,-8.5208,45.9375,-8.5208,45.1979,-15.3021,46.6771,-1.7396
1641621,Top Rails,"_IBC-Circular - 1 1/2"" (Extension None)",,BBoxCenter,,45.9375,-8.5208,-5.1250,45.9375,-8.5208,45.9375,-8.5208,45.3854,-15.1146,46.4896,-1.9271
1641645,Handrails,"_IBC-Bottom Rail Circular - 1 1/2""",,BBoxCenter,,45.9375,-8.5208,-7.6797,45.9375,-8.5208,45.9375,-8.5208,45.3854,-15.1146,46.4896,-1.9271
1641669,Handrails,"_IBC-Handrail Circular - 1 1/2"" (Extension None)",,BBoxCenter,,45.9375,-8.5208,-5.6250,45.9375,-8.5208,45.9375,-8.5208,45.1979,-15.3021,46.6771,-1.7396
1641790,Supports,"2'-8"" Picket",,Point,90.0000,46.4271,-4.4688,-2.5845,46.4271,-4.4688,46.4271,-4.4688,46.4063,-4.4897,46.4479,-4.4480
1641791,Supports,"2'-8"" Picket",,Point,90.0000,46.4271,-4.7507,-2.4098,46.4271,-4.7507,46.4271,-4.7507,46.4063,-4.7715,46.4479,-4.7299
1641792,Supports,"2'-8"" Picket",,Point,90.0000,46.4271,-5.0326,-2.2351,46.4271,-5.0326,46.4271,-5.0326,46.4063,-5.0534,46.4479,-5.0117
1641793,Supports,"2'-8"" Picket",,Point,90.0000,46.4271,-5.3144,-2.0604,46.4271,-5.3144,46.4271,-5.3144,46.4063,-5.3353,46.4479,-5.2936
1641794,Supports,"2'-8"" Picket",,Point,90.0000,46.4271,-5.5963,-1.8858,46.4271,-5.5963,46.4271,-5.5963,46.4063,-5.6171,46.4479,-5.5755
1641795,Supports,"2'-8"" Picket",,Point,90.0000,46.4271,-5.8782,-1.7111,46.4271,-5.8782,46.4271,-5.8782,46.4063,-5.8990,46.4479,-5.8573
1641796,Supports,"2'-8"" Picket",,Point,90.0000,46.4271,-6.1601,-1.5364,46.4271,-6.1601,46.4271,-6.1601,46.4063,-6.1809,46.4479,-6.1392
1641797,Supports,"2'-8"" Picket",,Point,90.0000,46.4271,-6.4419,-1.3617,46.4271,-6.4419,46.4271,-6.4419,46.4063,-6.4628,46.4479,-6.4211
1641798,Supports,"2'-8"" Picket",,Point,90.0000,46.4271,-6.7238,-1.1871,46.4271,-6.7238,46.4271,-6.7238,46.4063,-6.7446,46.4479,-6.7030
1641799,Supports,"2'-8"" Picket",,Point,90.0000,46.4271,-7.0057,-1.0124,46.4271,-7.0057,46.4271,-7.0057,46.4063,-7.0265,46.4479,-6.9848
1641800,Supports,"2'-8"" Picket",,Point,90.0000,46.4271,-7.2875,-0.8377,46.4271,-7.2875,46.4271,-7.2875,46.4063,-7.3084,46.4479,-7.2667
1641801,Supports,"2'-8"" Picket",,Point,90.0000,46.4271,-7.5694,-0.6630,46.4271,-7.5694,46.4271,-7.5694,46.4063,-7.5902,46.4479,-7.5486
1641802,Supports,"2'-8"" Picket",,Point,90.0000,46.4271,-7.8513,-0.4884,46.4271,-7.8513,46.4271,-7.8513,46.4063,-7.8721,46.4479,-7.8305
1641803,Supports,"2'-8"" Picket",,Point,90.0000,46.4271,-8.1332,-0.3137,46.4271,-8.1332,46.4271,-8.1332,46.4063,-8.1540,46.4479,-8.1123
1641804,Supports,"2'-8"" Picket",,Point,90.0000,46.4271,-8.4150,-0.1390,46.4271,-8.4150,46.4271,-8.4150,46.4063,-8.4359,46.4479,-8.3942
1641805,Supports,"2'-8"" Picket",,Point,90.0000,46.4271,-8.6969,0.0357,46.4271,-8.6969,46.4271,-8.6969,46.4063,-8.7177,46.4479,-8.6761
1641806,Supports,"2'-8"" Picket",,Point,90.0000,46.4271,-8.9788,0.2103,46.4271,-8.9788,46.4271,-8.9788,46.4063,-8.9996,46.4479,-8.9579
1641807,Supports,"2'-8"" Picket",,Point,90.0000,46.4271,-9.2606,0.3850,46.4271,-9.2606,46.4271,-9.2606,46.4063,-9.2815,46.4479,-9.2398
1646280,Railings,Pipe-Wall Mount,,BBoxCenter,,50.1146,-6.5625,1.1227,50.1146,-6.5625,50.1146,-6.5625,49.3785,-11.4792,50.8506,-1.6458
1646311,Railings,Pipe-Wall Mount,,BBoxCenter,,41.7604,-9.3125,-2.4922,41.7604,-9.3125,41.7604,-9.3125,41.0244,-16.0625,42.4965,-2.5625
1646430,Handrails,Pipe - Wall Mount,,BBoxCenter,,49.9896,-6.5625,0.7269,49.9896,-6.5625,49.9896,-6.5625,49.8646,-11.4792,50.1146,-1.6458
1646469,Supports,Metal - Circular,,Point,270.0000,49.9271,-8.1200,1.7329,49.9271,-8.1200,49.9271,-8.1200,49.9029,-8.8561,50.1146,-7.9950
1646470,Supports,Metal - Circular,,Point,,50.1146,-11.4167,2.9583,50.1146,-11.4167,50.1146,-11.4167,49.9896,-11.4408,50.8506,-11.2292
1646591,Railings,Pipe-Wall Mount,,BBoxCenter,,-100.6354,29.8125,-5.2928,-100.6354,29.8125,-100.6354,29.8125,-101.3715,24.4375,-99.8994,35.1875
1646672,Handrails,Pipe - Wall Mount,,BBoxCenter,,-100.6354,29.8125,-5.8761,-100.6354,29.8125,-100.6354,29.8125,-101.3715,24.4375,-99.8994,35.1875
1646798,Railings,Pipe-Wall Mount,,BBoxCenter,,-40.3854,30.4792,-3.5937,-40.3854,30.4792,-40.3854,30.4792,-41.1215,23.7292,-39.6494,37.2292
1646876,Handrails,Pipe - Wall Mount,,BBoxCenter,,-40.5104,30.4792,-4.0521,-40.5104,30.4792,-40.5104,30.4792,-40.6354,23.7292,-40.3854,37.2292
1646900,Supports,Metal - Circular,,Point,270.0000,-40.5729,27.1742,-2.0928,-40.5729,27.1742,-40.5729,27.1742,-40.5971,26.4382,-40.3854,27.2992
1646901,Supports,Metal - Circular,,Point,,-40.3854,23.7917,-0.6250,-40.3854,23.7917,-40.3854,23.7917,-40.5104,23.7675,-39.6494,23.9792
1647027,Cameras,Coord - Arch Floors,,BBoxCenter,,-46.4139,-75.5549,-6.1061,-46.4139,-75.5549,-46.4139,-75.5549,-115.2050,-132.8939,22.3771,-18.2159
1647049,Cameras,Coord - Arch Stairs,,BBoxCenter,,8.0931,-101.1925,3.2992,8.0931,-101.1925,8.0931,-101.1925,-42.5114,-145.1081,58.6975,-57.2770
1647060,Stairs,Stair,,BBoxCenter,,47.2638,-30.1600,-0.4583,47.2638,-30.1600,47.2638,-30.1600,43.0022,-31.6953,51.5253,-28.6247
1647253,Runs,"3/4"" Nosing (Solid Base)",,BBoxCenter,,47.2638,-30.1600,-0.1667,47.2638,-30.1600,47.2638,-30.1600,43.0022,-31.6953,51.5253,-28.6247
1647536,Stair Paths,Standard,,BBoxCenter,,47.0072,-29.8323,-0.1667,47.0072,-29.8323,47.0072,-29.8323,46.1896,-31.1514,47.8247,-28.5132
1647566,Curtain Wall Grids,Grid Line,,BBoxCenter,,47.2708,-25.9167,-1.9167,47.2708,-25.9167,47.2708,-25.9167,47.2708,-26.4167,47.2708,-25.4167
1647567,Doors,Door-Curtain-Wall-Single-Storefront,S31B,BBoxCenter,,45.6667,-27.3854,3.7500,45.6667,-27.3854,45.6667,-27.3854,44.1667,-28.9583,47.1667,-25.8125
1647575,Curtain Wall Mullions,"2.5"" x 5"" rectangular",,Point,180.0000,47.2708,-25.9167,0.1667,47.2708,-25.9167,47.2708,-25.9167,47.1667,-26.1250,47.3750,-25.7083
1648101,Curtain Wall Mullions,"2.5"" x 5"" rectangular",,Point,,49.6250,-25.9167,6.6771,49.6250,-25.9167,49.6250,-25.9167,49.4167,-26.1250,49.6250,-25.7083
1648646,Supports,"2'-8"" Picket",,Point,90.0000,46.4271,-9.5425,0.5597,46.4271,-9.5425,46.4271,-9.5425,46.4063,-9.5633,46.4479,-9.5217
1648647,Supports,"2'-8"" Picket",,Point,90.0000,46.4271,-9.8244,0.7344,46.4271,-9.8244,46.4271,-9.8244,46.4063,-9.8452,46.4479,-9.8036
1665020,Cameras,Coord - Arch Lighting,,BBoxCenter,,-66.5204,-78.1148,-3.4506,-66.5204,-78.1148,-66.5204,-78.1148,-115.1984,-137.9548,-17.8424,-18.2748
1668634,Lighting Fixtures,100W - 120V,422,Point,240.0000,-109.0000,39.7395,-3.2500,-109.0000,39.7395,-109.0000,39.7395,-109.2489,38.8709,-107.5115,40.6082
1668647,Lighting Fixtures,100W - 120V,434,Point,240.0000,-100.6250,39.7395,-3.2500,-100.6250,39.7395,-100.6250,39.7395,-102.1135,38.8709,-100.3761,40.6082
1673837,Walls,"Chase - GWB & Metal Stud 3 1/8""",,CurveMidpt,,-90.1146,21.4115,-5.9167,-90.1146,21.4115,-90.1146,21.4115,-90.3073,21.2813,-89.7917,21.5417
1673921,Walls,"Chase - GWB & Metal Stud 3 1/8""",,CurveMidpt,,-89.9219,20.7865,-5.9167,-89.9219,20.7865,-89.9219,20.7865,-90.0521,20.1615,-89.7917,21.4115
1677357,Walls,"Exterior - 12 5/8"" Rainscreen w Insultation on Metal Stud",,CurveMidpt,,51.4059,-27.9052,0.0000,51.4059,-27.9052,51.4059,-27.9052,50.7068,-28.9648,52.0305,-26.6250
1694179,Landings,Non-Monolithic Landing,,BBoxCenter,,45.9375,-16.5296,-8.3958,45.9375,-16.5296,45.9375,-16.5296,41.7708,-19.6042,50.1042,-13.4551
1694181,Supports,"_Stringer - 1/4"" Plate",,BBoxCenter,,41.7604,-16.5938,-8.3958,41.7604,-16.5938,41.7604,-16.5938,41.7500,-19.6250,41.7708,-13.5625
1694182,Supports,"_Stringer - 1/4"" Plate",,BBoxCenter,,45.9375,-19.6146,-8.3958,45.9375,-19.6146,45.9375,-19.6146,41.7500,-19.6250,50.1250,-19.6042
1694183,Supports,"_Stringer - 1/4"" Plate",,BBoxCenter,,50.1146,-16.8299,-8.3958,50.1146,-16.8299,50.1146,-16.8299,50.1042,-19.6250,50.1250,-14.0347
1694184,Supports,"_Stringer - 1/4"" Plate",,BBoxCenter,,46.4271,-14.5486,-8.3958,46.4271,-14.5486,46.4271,-14.5486,46.4167,-15.0625,46.4375,-14.0347
1694185,Supports,"_Stringer - 1/4"" Plate",,BBoxCenter,,45.9375,-15.0521,-8.3958,45.9375,-15.0521,45.9375,-15.0521,45.4375,-15.0625,46.4375,-15.0417
1694186,Supports,"_Stringer - 1/4"" Plate",,BBoxCenter,,45.4479,-14.3125,-8.3958,45.4479,-14.3125,45.4479,-14.3125,45.4375,-15.0625,45.4583,-13.5625
1694190,Doors,"36"" x 84""",S31A,Point,180.0000,43.8333,-20.1250,0.0000,43.8333,-20.1250,43.8333,-20.1250,42.1042,-23.5417,45.5000,-19.5833
1694194,Supports,"2'-8"" Picket",,Point,90.0000,46.4271,-10.4775,0.7786,46.4271,-10.4775,46.4271,-10.4775,46.4063,-10.4983,46.4479,-10.4566
1694195,Supports,"2'-8"" Picket",,Point,90.0000,46.4271,-10.8091,0.7786,46.4271,-10.8091,46.4271,-10.8091,46.4063,-10.8300,46.4479,-10.7883
1694196,Supports,"2'-8"" Picket",,Point,90.0000,46.4271,-11.1408,0.7786,46.4271,-11.1408,46.4271,-11.1408,46.4063,-11.1616,46.4479,-11.1199
1694197,Supports,"2'-8"" Picket",,Point,90.0000,46.4271,-11.4724,0.7786,46.4271,-11.4724,46.4271,-11.4724,46.4063,-11.4932,46.4479,-11.4516
1694198,Supports,"2'-8"" Picket",,Point,90.0000,46.4271,-11.8040,0.7786,46.4271,-11.8040,46.4271,-11.8040,46.4063,-11.8249,46.4479,-11.7832
1694199,Supports,"2'-8"" Picket",,Point,90.0000,46.4271,-12.1357,0.7786,46.4271,-12.1357,46.4271,-12.1357,46.4063,-12.1565,46.4479,-12.1149
1694200,Supports,"2'-8"" Picket",,Point,90.0000,46.4271,-12.4673,0.7786,46.4271,-12.4673,46.4271,-12.4673,46.4063,-12.4882,46.4479,-12.4465
1694201,Supports,"2'-8"" Picket",,Point,90.0000,46.4271,-12.7990,0.7786,46.4271,-12.7990,46.4271,-12.7990,46.4063,-12.8198,46.4479,-12.7781
1694202,Supports,"2'-8"" Picket",,Point,90.0000,46.4271,-13.1306,0.7786,46.4271,-13.1306,46.4271,-13.1306,46.4063,-13.1514,46.4479,-13.1098
1694203,Supports,"2'-8"" Picket",,Point,90.0000,46.4271,-13.4623,0.7786,46.4271,-13.4623,46.4271,-13.4623,46.4063,-13.4831,46.4479,-13.4414
1694204,Supports,"2'-8"" Picket",,Point,90.0000,46.4271,-13.7939,0.7786,46.4271,-13.7939,46.4271,-13.7939,46.4063,-13.8147,46.4479,-13.7731
1694205,Supports,"2'-8"" Picket",,Point,90.0000,46.4271,-14.1255,0.7786,46.4271,-14.1255,46.4271,-14.1255,46.4063,-14.1464,46.4479,-14.1047
1694206,Supports,"2'-8"" Picket",,Point,90.0000,46.4271,-14.4572,0.7786,46.4271,-14.4572,46.4271,-14.4572,46.4063,-14.4780,46.4479,-14.4363
1694207,Supports,"2'-8"" Picket",,Point,90.0000,46.4271,-14.7888,0.7786,46.4271,-14.7888,46.4271,-14.7888,46.4063,-14.8097,46.4479,-14.7680
1694208,Supports,"2'-8"" Picket",,Point,90.0000,46.4271,-15.1205,0.7786,46.4271,-15.1205,46.4271,-15.1205,46.4063,-15.1413,46.4479,-15.0996
1694209,Supports,"2'-8"" Picket",,Point,90.0000,46.4271,-15.4521,0.7786,46.4271,-15.4521,46.4271,-15.4521,46.4063,-15.4729,46.4479,-15.4313
1694210,Supports,"2'-8"" Picket",,Point,90.0000,46.4271,-15.7837,0.7786,46.4271,-15.7837,46.4271,-15.7837,46.4063,-15.8046,46.4479,-15.7629
1694211,Supports,"2'-8"" Picket",,Point,90.0000,46.4271,-16.1154,0.7786,46.4271,-16.1154,46.4271,-16.1154,46.4063,-16.1362,46.4479,-16.0946
1694212,Supports,"2'-8"" Picket",,Point,58.0756,46.4019,-16.4423,0.7786,46.4019,-16.4423,46.4019,-16.4423,46.3732,-16.4710,46.4306,-16.4136
1694213,Supports,"2'-8"" Picket",,Point,360.0000,46.0977,-16.5208,0.7786,46.0977,-16.5208,46.0977,-16.5208,46.0769,-16.5417,46.1185,-16.5000
1694214,Supports,"2'-8"" Picket",,Point,360.0000,45.7661,-16.5208,0.7786,45.7661,-16.5208,45.7661,-16.5208,45.7452,-16.5417,45.7869,-16.5000
1694215,Supports,"2'-8"" Picket",,Point,298.0664,45.4675,-16.4326,0.7786,45.4675,-16.4326,45.4675,-16.4326,45.4393,-16.4608,45.4957,-16.4044
1694216,Supports,"2'-8"" Picket",,Point,270.0000,45.4479,-16.1042,0.7786,45.4479,-16.1042,45.4479,-16.1042,45.4271,-16.1250,45.4687,-16.0833
1695854,Lighting Fixtures,100W - 120V,438,Point,120.0000,41.7500,-0.2917,4.5000,41.7500,-0.2917,41.7500,-0.2917,41.5011,-1.1603,43.2385,0.5770
1696148,Lighting Fixtures,100W - 120V,441,Point,120.0000,50.1250,-0.2917,4.5000,50.1250,-0.2917,50.1250,-0.2917,48.6365,-1.1603,50.3739,0.5770
1699539,Columns,"24""D x 24""W",,Point,,-110.5000,2.5000,0.0000,-110.5000,2.5000,-110.5000,2.5000,-111.3333,1.5000,-109.3333,3.5000
1700768,Walls,Storefront,,CurveMidpt,,-70.3646,8.9792,-5.9167,-70.3646,8.9792,-70.3646,8.9792,-90.4792,8.4792,-50.2500,9.4792
1700769,Curtain Panels,Glazed,,BBoxCenter,,-87.5124,8.8750,-2.8125,-87.5124,8.8750,-87.5124,8.8750,-89.8438,8.8333,-85.1810,8.9167
1700770,Curtain Wall Mullions,"2.5"" x 5"" rectangular",,Point,180.0000,-89.8438,8.9792,-3.9167,-89.8438,8.9792,-89.8438,8.9792,-89.8438,8.7708,-85.1810,9.1875
1700771,Curtain Wall Mullions,"2.5"" x 5"" rectangular",,Point,180.0000,-50.2500,8.9792,-3.9167,-50.2500,8.9792,-50.2500,8.9792,-50.4583,8.7708,-50.2500,9.1875
1700773,Curtain Wall Grids,Grid Line,,BBoxCenter,,-85.0768,8.9792,-1.9167,-85.0768,8.9792,-85.0768,8.9792,-85.0768,8.4792,-85.0768,9.4792
1700774,Curtain Panels,Glazed,,BBoxCenter,,-82.5892,8.8750,-2.8125,-82.5892,8.8750,-82.5892,8.8750,-84.9727,8.8333,-80.2057,8.9167
1700775,Curtain Wall Grids,Grid Line,,BBoxCenter,,-80.1016,8.9792,-1.9167,-80.1016,8.9792,-80.1016,8.9792,-80.1016,8.4792,-80.1016,9.4792
1700776,Curtain Panels,Glazed,,BBoxCenter,,-77.6139,8.8750,-2.8125,-77.6139,8.8750,-77.6139,8.8750,-79.9974,8.8333,-75.2305,8.9167
1700777,Curtain Wall Grids,Grid Line,,BBoxCenter,,-75.1263,8.9792,-1.9167,-75.1263,8.9792,-75.1263,8.9792,-75.1263,8.4792,-75.1263,9.4792
1700778,Curtain Panels,Glazed,,BBoxCenter,,-72.6387,8.8750,-2.8125,-72.6387,8.8750,-72.6387,8.8750,-75.0221,8.8333,-70.2552,8.9167
1700779,Curtain Wall Grids,Grid Line,,BBoxCenter,,-70.1510,8.9792,-1.9167,-70.1510,8.9792,-70.1510,8.9792,-70.1510,8.4792,-70.1510,9.4792
1700780,Curtain Panels,Glazed,,BBoxCenter,,-67.6634,8.8750,-2.8125,-67.6634,8.8750,-67.6634,8.8750,-70.0469,8.8333,-65.2799,8.9167
1700781,Curtain Wall Grids,Grid Line,,BBoxCenter,,-65.1758,8.9792,-1.9167,-65.1758,8.9792,-65.1758,8.9792,-65.1758,8.4792,-65.1758,9.4792
1700782,Curtain Panels,Glazed,,BBoxCenter,,-62.6882,8.8750,-2.8125,-62.6882,8.8750,-62.6882,8.8750,-65.0716,8.8333,-60.3047,8.9167
1700783,Curtain Wall Grids,Grid Line,,BBoxCenter,,-60.2005,8.9792,-1.9167,-60.2005,8.9792,-60.2005,8.9792,-60.2005,8.4792,-60.2005,9.4792
1700784,Curtain Panels,Glazed,,BBoxCenter,,-57.7129,8.8750,-2.8125,-57.7129,8.8750,-57.7129,8.8750,-60.0964,8.8333,-55.3294,8.9167
1700785,Curtain Wall Grids,Grid Line,,BBoxCenter,,-55.2253,8.9792,-1.9167,-55.2253,8.9792,-55.2253,8.9792,-55.2253,8.4792,-55.2253,9.4792
1700786,Curtain Panels,Glazed,,BBoxCenter,,-52.7897,8.8750,-2.8125,-52.7897,8.8750,-52.7897,8.8750,-55.1211,8.8333,-50.4583,8.9167
1700796,Curtain Wall Mullions,"2.5"" x 5"" rectangular",,Point,180.0000,-84.9727,8.9792,-3.9167,-84.9727,8.9792,-84.9727,8.9792,-84.9727,8.7708,-80.2057,9.1875
1700797,Curtain Wall Mullions,"2.5"" x 5"" rectangular",,Point,180.0000,-79.9974,8.9792,-3.9167,-79.9974,8.9792,-79.9974,8.9792,-79.9974,8.7708,-75.2305,9.1875
1700798,Curtain Wall Mullions,"2.5"" x 5"" rectangular",,Point,180.0000,-75.0221,8.9792,-3.9167,-75.0221,8.9792,-75.0221,8.9792,-75.0221,8.7708,-70.2552,9.1875
1700799,Curtain Wall Mullions,"2.5"" x 5"" rectangular",,Point,180.0000,-70.0469,8.9792,-3.9167,-70.0469,8.9792,-70.0469,8.9792,-70.0469,8.7708,-65.2799,9.1875
1700800,Curtain Wall Mullions,"2.5"" x 5"" rectangular",,Point,180.0000,-65.0716,8.9792,-3.9167,-65.0716,8.9792,-65.0716,8.9792,-65.0716,8.7708,-60.3047,9.1875
1700801,Curtain Wall Mullions,"2.5"" x 5"" rectangular",,Point,180.0000,-60.0964,8.9792,-3.9167,-60.0964,8.9792,-60.0964,8.9792,-60.0964,8.7708,-55.3294,9.1875
1700802,Curtain Wall Mullions,"2.5"" x 5"" rectangular",,Point,180.0000,-55.1211,8.9792,-3.9167,-55.1211,8.9792,-55.1211,8.9792,-55.1211,8.7708,-50.4583,9.1875
1700804,Curtain Wall Mullions,"2.5"" x 5"" rectangular",,Point,180.0000,-90.0521,8.9792,0.8333,-90.0521,8.9792,-90.0521,8.9792,-90.0521,8.7708,-89.8438,9.1875
1700812,Curtain Wall Mullions,"2.5"" x 5"" rectangular",,Point,180.0000,-85.0768,8.9792,-3.9167,-85.0768,8.9792,-85.0768,8.9792,-85.1810,8.7708,-84.9727,9.1875
1700813,Curtain Wall Mullions,"2.5"" x 5"" rectangular",,Point,180.0000,-80.1016,8.9792,-3.9167,-80.1016,8.9792,-80.1016,8.9792,-80.2057,8.7708,-79.9974,9.1875
1700814,Curtain Wall Mullions,"2.5"" x 5"" rectangular",,Point,180.0000,-75.1263,8.9792,-3.9167,-75.1263,8.9792,-75.1263,8.9792,-75.2305,8.7708,-75.0221,9.1875
1700815,Curtain Wall Mullions,"2.5"" x 5"" rectangular",,Point,180.0000,-70.1510,8.9792,-3.9167,-70.1510,8.9792,-70.1510,8.9792,-70.2552,8.7708,-70.0469,9.1875
1700816,Curtain Wall Mullions,"2.5"" x 5"" rectangular",,Point,180.0000,-65.1758,8.9792,-3.9167,-65.1758,8.9792,-65.1758,8.9792,-65.2799,8.7708,-65.0716,9.1875
1700817,Curtain Wall Mullions,"2.5"" x 5"" rectangular",,Point,180.0000,-60.2005,8.9792,-3.9167,-60.2005,8.9792,-60.2005,8.9792,-60.3047,8.7708,-60.0964,9.1875
1700818,Curtain Wall Mullions,"2.5"" x 5"" rectangular",,Point,180.0000,-55.2253,8.9792,-3.9167,-55.2253,8.9792,-55.2253,8.9792,-55.3294,8.7708,-55.1211,9.1875
1701123,Furniture,"36"" Diameter",,Point,,-83.6858,-3.7998,-5.7500,-83.6858,-3.7998,-83.6858,-3.7998,-85.9853,-6.0992,-81.3864,-1.5003
1701124,Furniture,Chair-Breuer,,Point,180.0000,-83.6857,-2.3063,-5.7500,-83.6857,-2.3063,-83.6857,-2.3063,-84.3954,-3.0992,-82.9767,-1.5003
1701125,Furniture,Chair-Breuer,,Point,270.0000,-85.1793,-3.7996,-5.7500,-85.1793,-3.7996,-85.1793,-3.7996,-85.9853,-4.5094,-84.3864,-3.0907
1701126,Furniture,Chair-Breuer,,Point,90.0000,-82.1923,-3.7999,-5.7500,-82.1923,-3.7999,-82.1923,-3.7999,-82.9853,-4.5089,-81.3864,-3.0902
1701127,Furniture,Chair-Breuer,,Point,360.0000,-83.6860,-5.2933,-5.7500,-83.6860,-5.2933,-83.6860,-5.2933,-84.3949,-6.0992,-82.9762,-4.5003
1701128,Furniture,"36"" Diameter",,Point,,-77.1858,-3.7998,-5.7500,-77.1858,-3.7998,-77.1858,-3.7998,-79.4853,-6.0992,-74.8864,-1.5003
1701129,Furniture,Chair-Breuer,,Point,180.0000,-77.1857,-2.3063,-5.7500,-77.1857,-2.3063,-77.1857,-2.3063,-77.8954,-3.0992,-76.4767,-1.5003
1701130,Furniture,Chair-Breuer,,Point,270.0000,-78.6793,-3.7996,-5.7500,-78.6793,-3.7996,-78.6793,-3.7996,-79.4853,-4.5094,-77.8864,-3.0907
1701131,Furniture,Chair-Breuer,,Point,90.0000,-75.6923,-3.7999,-5.7500,-75.6923,-3.7999,-75.6923,-3.7999,-76.4853,-4.5089,-74.8864,-3.0902
1701132,Furniture,Chair-Breuer,,Point,360.0000,-77.1860,-5.2933,-5.7500,-77.1860,-5.2933,-77.1860,-5.2933,-77.8949,-6.0992,-76.4762,-4.5003
1701133,Furniture,"36"" Diameter",,Point,,-70.1858,-3.7998,-5.7500,-70.1858,-3.7998,-70.1858,-3.7998,-72.4853,-6.0992,-67.8864,-1.5003
1701134,Furniture,Chair-Breuer,,Point,180.0000,-70.1857,-2.3063,-5.7500,-70.1857,-2.3063,-70.1857,-2.3063,-70.8954,-3.0992,-69.4767,-1.5003
1701135,Furniture,Chair-Breuer,,Point,270.0000,-71.6793,-3.7996,-5.7500,-71.6793,-3.7996,-71.6793,-3.7996,-72.4853,-4.5094,-70.8864,-3.0907
1701136,Furniture,Chair-Breuer,,Point,90.0000,-68.6923,-3.7999,-5.7500,-68.6923,-3.7999,-68.6923,-3.7999,-69.4853,-4.5089,-67.8864,-3.0902
1701137,Furniture,Chair-Breuer,,Point,360.0000,-70.1860,-5.2933,-5.7500,-70.1860,-5.2933,-70.1860,-5.2933,-70.8949,-6.0992,-69.4762,-4.5003
1701138,Furniture,"36"" Diameter",,Point,,-63.5192,-3.7998,-5.7500,-63.5192,-3.7998,-63.5192,-3.7998,-65.8186,-6.0992,-61.2197,-1.5003
1701139,Furniture,Chair-Breuer,,Point,180.0000,-63.5190,-2.3063,-5.7500,-63.5190,-2.3063,-63.5190,-2.3063,-64.2288,-3.0992,-62.8101,-1.5003
1701140,Furniture,Chair-Breuer,,Point,270.0000,-65.0127,-3.7996,-5.7500,-65.0127,-3.7996,-65.0127,-3.7996,-65.8186,-4.5094,-64.2197,-3.0907
1701141,Furniture,Chair-Breuer,,Point,90.0000,-62.0257,-3.7999,-5.7500,-62.0257,-3.7999,-62.0257,-3.7999,-62.8186,-4.5089,-61.2197,-3.0902
1701142,Furniture,Chair-Breuer,,Point,360.0000,-63.5193,-5.2933,-5.7500,-63.5193,-5.2933,-63.5193,-5.2933,-64.2283,-6.0992,-62.8096,-4.5003
1701143,Furniture,"36"" Diameter",,Point,,-57.4358,-3.7998,-5.7500,-57.4358,-3.7998,-57.4358,-3.7998,-59.7353,-6.0992,-55.1364,-1.5003
1701144,Furniture,Chair-Breuer,,Point,180.0000,-57.4357,-2.3063,-5.7500,-57.4357,-2.3063,-57.4357,-2.3063,-58.1454,-3.0992,-56.7267,-1.5003
1701145,Furniture,Chair-Breuer,,Point,270.0000,-58.9293,-3.7996,-5.7500,-58.9293,-3.7996,-58.9293,-3.7996,-59.7353,-4.5094,-58.1364,-3.0907
1701146,Furniture,Chair-Breuer,,Point,90.0000,-55.9423,-3.7999,-5.7500,-55.9423,-3.7999,-55.9423,-3.7999,-56.7353,-4.5089,-55.1364,-3.0902
1701147,Furniture,Chair-Breuer,,Point,360.0000,-57.4360,-5.2933,-5.7500,-57.4360,-5.2933,-57.4360,-5.2933,-58.1449,-6.0992,-56.7262,-4.5003
1701177,Furniture,"60"" Diameter",,Point,,-83.6858,4.2002,-5.7500,-83.6858,4.2002,-83.6858,4.2002,-86.8981,0.9008,-80.4735,7.4997
1701178,Furniture,Chair-Breuer,,Point,240.0000,-85.8453,5.4470,-5.7500,-85.8453,5.4470,-85.8453,5.4470,-86.8981,4.4358,-84.8041,6.4639
1701179,Furniture,Chair-Breuer,,Point,300.0000,-85.8453,2.9535,-5.7500,-85.8453,2.9535,-85.8453,2.9535,-86.8977,1.9358,-84.8037,3.9639
1701180,Furniture,Chair-Breuer,,Point,60.0000,-81.5264,2.9535,-5.7500,-81.5264,2.9535,-81.5264,2.9535,-82.5676,1.9365,-80.4735,3.9646
1701181,Furniture,Chair-Breuer,,Point,360.0000,-83.6858,1.7067,-5.7500,-83.6858,1.7067,-83.6858,1.7067,-84.3948,0.9008,-82.9761,2.4997
1701182,Furniture,"60"" Diameter",,Point,,-75.5192,4.2002,-5.7500,-75.5192,4.2002,-75.5192,4.2002,-78.7315,0.9008,-72.3069,7.4997
1701183,Furniture,Chair-Breuer,,Point,240.0000,-77.6786,5.4470,-5.7500,-77.6786,5.4470,-77.6786,5.4470,-78.7315,4.4358,-76.6374,6.4639
1701184,Furniture,Chair-Breuer,,Point,300.0000,-77.6786,2.9535,-5.7500,-77.6786,2.9535,-77.6786,2.9535,-78.7311,1.9358,-76.6370,3.9639
1701185,Furniture,Chair-Breuer,,Point,60.0000,-73.3597,2.9535,-5.7500,-73.3597,2.9535,-73.3597,2.9535,-74.4009,1.9365,-72.3069,3.9646
1701186,Furniture,Chair-Breuer,,Point,360.0000,-75.5192,1.7067,-5.7500,-75.5192,1.7067,-75.5192,1.7067,-76.2281,0.9008,-74.8094,2.4997
1701192,Furniture,"60"" Diameter",,Point,,-65.1858,4.2002,-5.7500,-65.1858,4.2002,-65.1858,4.2002,-68.3981,0.9008,-61.9735,7.4997
1701193,Furniture,Chair-Breuer,,Point,240.0000,-67.3453,5.4470,-5.7500,-67.3453,5.4470,-67.3453,5.4470,-68.3981,4.4358,-66.3041,6.4639
1701194,Furniture,Chair-Breuer,,Point,300.0000,-67.3453,2.9535,-5.7500,-67.3453,2.9535,-67.3453,2.9535,-68.3977,1.9358,-66.3037,3.9639
1701195,Furniture,Chair-Breuer,,Point,60.0000,-63.0264,2.9535,-5.7500,-63.0264,2.9535,-63.0264,2.9535,-64.0676,1.9365,-61.9735,3.9646
1701196,Furniture,Chair-Breuer,,Point,360.0000,-65.1858,1.7067,-5.7500,-65.1858,1.7067,-65.1858,1.7067,-65.8948,0.9008,-64.4761,2.4997
1701197,Furniture,"60"" Diameter",,Point,,-57.4358,4.2002,-5.7500,-57.4358,4.2002,-57.4358,4.2002,-60.6481,0.9008,-54.2235,7.4997
1701198,Furniture,Chair-Breuer,,Point,240.0000,-59.5953,5.4470,-5.7500,-59.5953,5.4470,-59.5953,5.4470,-60.6481,4.4358,-58.5541,6.4639
1701199,Furniture,Chair-Breuer,,Point,300.0000,-59.5953,2.9535,-5.7500,-59.5953,2.9535,-59.5953,2.9535,-60.6477,1.9358,-58.5537,3.9639
1701200,Furniture,Chair-Breuer,,Point,60.0000,-55.2764,2.9535,-5.7500,-55.2764,2.9535,-55.2764,2.9535,-56.3176,1.9365,-54.2235,3.9646
1701201,Furniture,Chair-Breuer,,Point,360.0000,-57.4358,1.7067,-5.7500,-57.4358,1.7067,-57.4358,1.7067,-58.1448,0.9008,-56.7261,2.4997
1701296,Furniture,Chair-Breuer,,Point,120.0000,-81.5264,5.4470,-5.7500,-81.5264,5.4470,-81.5264,5.4470,-82.5680,4.4365,-80.4740,6.4646
1701297,Furniture,Chair-Breuer,,Point,180.0000,-83.6858,6.6937,-5.7500,-83.6858,6.6937,-83.6858,6.6937,-84.3956,5.9008,-82.9769,7.4997
1701298,Furniture,Chair-Breuer,,Point,120.0000,-73.3597,5.4470,-5.7500,-73.3597,5.4470,-73.3597,5.4470,-74.4013,4.4365,-72.3073,6.4646
1701299,Furniture,Chair-Breuer,,Point,180.0000,-75.5192,6.6937,-5.7500,-75.5192,6.6937,-75.5192,6.6937,-76.2289,5.9008,-74.8102,7.4997
1701300,Furniture,Chair-Breuer,,Point,120.0000,-63.0264,5.4470,-5.7500,-63.0264,5.4470,-63.0264,5.4470,-64.0680,4.4365,-61.9740,6.4646
1701301,Furniture,Chair-Breuer,,Point,180.0000,-65.1858,6.6937,-5.7500,-65.1858,6.6937,-65.1858,6.6937,-65.8956,5.9008,-64.4769,7.4997
1701302,Furniture,Chair-Breuer,,Point,120.0000,-55.2764,5.4470,-5.7500,-55.2764,5.4470,-55.2764,5.4470,-56.3180,4.4365,-54.2240,6.4646
1701303,Furniture,Chair-Breuer,,Point,180.0000,-57.4358,6.6937,-5.7500,-57.4358,6.6937,-57.4358,6.6937,-58.1456,5.9008,-56.7269,7.4997
1918459,Columns,"18""D x 18""W",,Point,,3.5833,41.5000,0.0000,3.5833,41.5000,3.5833,41.5000,3.0000,40.5417,4.5000,42.0417
1920198,Walls,"Exterior - 12 5/8"" Rainscreen w Insultation on Metal Stud",,CurveMidpt,,63.0024,36.8374,0.0000,63.0024,36.8374,63.0024,36.8374,61.6935,31.3822,64.2331,42.7500
1920460,Walls,"Exterior - 12 5/8"" Rainscreen w Insultation on Metal Stud",,CurveMidpt,,51.7716,42.2240,0.0000,51.7716,42.2240,51.7716,42.2240,40.7604,41.6979,62.2933,42.7500
1921146,Plumbing Fixtures,"19"" Seat Height",84,Point,180.0000,26.5208,42.2240,-2.8750,26.5208,42.2240,26.5208,42.2240,25.6875,39.2813,27.3542,41.6979
1921147,Plumbing Fixtures,"19"" Seat Height",85,Point,180.0000,38.5938,42.2240,-2.8750,38.5938,42.2240,38.5938,42.2240,37.7604,39.2813,39.4271,41.6979
1921148,Plumbing Fixtures,"22"" x 27""",86,Point,180.0000,30.9375,42.2240,-2.0738,30.9375,42.2240,30.9375,42.2240,30.0208,38.8066,31.8542,41.6979
1921709,Doors,"60"" x 84""",109OPN,Point,,57.9063,42.2240,0.0000,57.9063,42.2240,57.9063,42.2240,55.4063,41.6979,60.4063,42.7500
1962606,Cameras,Coord - Arch Roofs,,BBoxCenter,,-46.4139,-75.5549,-6.1061,-46.4139,-75.5549,-46.4139,-75.5549,-115.2050,-132.8939,22.3771,-18.2159
1991314,Railings,Gate,,BBoxCenter,,49.9271,-16.2799,1.6250,49.9271,-16.2799,49.9271,-16.2799,49.8437,-16.3632,50.0104,-16.1966
1991775,Stair Paths,Standard,,BBoxCenter,,-105.0625,31.6776,-9.1009,-105.0625,31.6776,-105.0625,31.6776,-107.6458,25.0322,-102.4792,38.3229
1991826,Stair Paths,Standard,,BBoxCenter,,-107.3480,27.6099,-3.6367,-107.3480,27.6099,-107.3480,27.6099,-108.0501,25.0322,-106.6458,30.1875
1991879,Railings,Gate,,BBoxCenter,,-100.8750,23.9932,-4.2917,-100.8750,23.9932,-100.8750,23.9932,-100.9583,23.9099,-100.7917,24.0765
2011537,Walls,"Chase - GWB & Metal Stud 3 1/8""",,CurveMidpt,,-49.9740,9.6615,-5.9167,-49.9740,9.6615,-49.9740,9.6615,-50.6042,9.5313,-49.5208,9.7917
2024037,Elevations,Elevation 2,,BBoxCenter,,71.3355,9.3183,-5.9167,71.3355,9.3183,71.3355,9.3183,68.2135,6.1963,74.4574,12.4403
2024038,Views,East,,BBoxCenter,,70.8114,10.0117,-5.9167,70.8114,10.0117,70.8114,10.0117,69.0401,7.0229,72.5827,13.0006
2033670,Cameras,Camera in Stair 3 - Parking Level,,BBoxCenter,,35.1650,15.8680,-8.3086,35.1650,15.8680,35.1650,15.8680,6.0286,-19.0432,64.3014,50.7791
2035476,Views,Block 37 - Existing to New,,BBoxCenter,,-40.6587,-27.1894,-5.9167,-40.6587,-27.1894,-40.6587,-27.1894,-43.7322,-38.5008,-37.5851,-15.8780
2035492,Views,Block 39 - Existing to New,,BBoxCenter,,1.6018,-29.4576,-5.9167,1.6018,-29.4576,1.6018,-29.4576,-1.4718,-39.5765,4.6753,-19.3387
2035510,Views,Block 41 - Existing to New,,BBoxCenter,,27.5321,-30.4247,-5.9167,27.5321,-30.4247,27.5321,-30.4247,24.4585,-42.0449,30.6056,-18.8045
2035758,Views,Block 43 - Existing to New,,BBoxCenter,,64.0309,-27.0319,-5.9167,64.0309,-27.0319,64.0309,-27.0319,61.0842,-38.4026,66.9777,-15.6612
2065865,Generic Annotations,w Scale Label,,Point,,96.1865,-68.6567,-1.9167,96.1865,-68.6567,96.1865,-68.6567,95.2562,-71.6887,113.1121,-66.8686
2076994,Cameras,Camera - Unit 304 - Toward Core,,BBoxCenter,,-45.1612,-10.7294,24.9434,-45.1612,-10.7294,-45.1612,-10.7294,-81.9902,-61.4945,-8.3323,40.0357
2079927,Walls,"Chase - GWB & Metal Stud 4 1/4""",,CurveMidpt,,63.4327,0.8333,0.0000,63.4327,0.8333,63.4327,0.8333,63.2557,-1.8333,63.6098,3.5000
2079928,Walls,"Chase - GWB & Metal Stud 4 1/4""",,CurveMidpt,,65.4237,3.3229,0.0000,65.4237,3.3229,65.4237,3.3229,63.4327,3.1458,67.4147,3.5000
2080024,Walls,"Chase - GWB & Metal Stud 4 1/4""",,CurveMidpt,,65.7515,-1.6563,0.0000,65.7515,-1.6563,65.7515,-1.6563,63.4327,-1.8333,68.0702,-1.4792
2084878,Walls,"Chase - GWB & Metal Stud 4 1/4""",,CurveMidpt,,-19.6771,23.1198,-3.4583,-19.6771,23.1198,-19.6771,23.1198,-20.2500,22.9427,-18.9271,23.2969
2084901,Walls,"Chase - GWB & Metal Stud 4 1/4""",,CurveMidpt,,-19.1042,26.9427,-3.4583,-19.1042,26.9427,-19.1042,26.9427,-19.2812,23.1198,-18.9271,30.7656
2084918,Walls,"Chase - GWB & Metal Stud 4 1/4""",,CurveMidpt,,-19.6771,30.7656,-3.4583,-19.6771,30.7656,-19.6771,30.7656,-20.2500,30.5885,-18.9271,30.9427
2113471,Floors,Finish Floor - Terrazo,,BBoxCenter,,-4.3958,10.1042,-3.7083,-4.3958,10.1042,-4.3958,10.1042,-12.7083,0.5000,3.9167,19.7083
2113652,Floors,"Concrete Slab 4""",,BBoxCenter,,58.8343,39.5000,-0.1667,58.8343,39.5000,58.8343,39.5000,54.5625,36.2500,63.1060,42.7500
2113771,Floors,"Concrete Slab 4""",,BBoxCenter,,-17.8125,39.2891,-3.6250,-17.8125,39.2891,-17.8125,39.2891,-39.3750,35.8281,3.7500,42.7500
2113824,Floors,Finish Floor - Polished Concrete (Grey),,BBoxCenter,,-35.6146,28.2240,-3.7083,-35.6146,28.2240,-35.6146,28.2240,-39.1667,20.6198,-32.0625,35.8281
2113951,Floors,Finish Floor - Polished Concrete (Grey),,BBoxCenter,,-5.2708,24.7865,-3.7083,-5.2708,24.7865,-5.2708,24.7865,-19.8646,13.3906,9.3229,36.1823
2114076,Floors,Finish Floor - Polished Concrete (Grey),,BBoxCenter,,-16.2865,11.0781,-3.7083,-16.2865,11.0781,-16.2865,11.0781,-19.8646,3.4896,-12.7083,18.6667
2114194,Floors,Finish Floor - Polished Concrete (Grey),,BBoxCenter,,32.5573,38.1823,-3.7083,32.5573,38.1823,32.5573,38.1823,24.9688,34.6146,40.1458,41.7500
2114239,Floors,Finish Floor - Polished Concrete (Grey),,BBoxCenter,,45.4740,34.3958,-0.2500,45.4740,34.3958,45.4740,34.3958,41.6354,26.5417,49.3125,42.2500
2114314,Floors,Finish Floor - Polished Concrete (Grey),,BBoxCenter,,-75.0885,30.4323,-6.1667,-75.0885,30.4323,-75.0885,30.4323,-99.6250,19.1146,-50.5521,41.7500
2114548,Floors,"Concrete Slab 4""",,BBoxCenter,,-57.6250,39.2240,-6.0833,-57.6250,39.2240,-57.6250,39.2240,-65.5000,35.6979,-49.7500,42.7500
2114707,Floors,Finish Floor - Laminate,,BBoxCenter,,22.6927,17.2141,-3.7083,22.6927,17.2141,22.6927,17.2141,3.7500,-7.2905,41.6354,41.7188
2115148,Walls,"Chase - GWB & Metal Stud 4 1/4""",,CurveMidpt,,13.9146,-6.4688,-3.4583,13.9146,-6.4688,13.9146,-6.4688,3.9167,-6.6458,24.0895,-6.2917
2115248,Walls,"Chase - GWB & Metal Stud 4 1/4""",,CurveMidpt,,33.8906,-6.4688,-3.4583,33.8906,-6.4688,33.8906,-6.4688,27.5625,-6.6458,40.0417,-6.2917
2115286,Walls,"Chase - GWB & Metal Stud 4 1/4""",,CurveMidpt,,25.8260,-3.4688,-3.4583,25.8260,-3.4688,25.8260,-3.4688,23.7354,-3.6458,27.9167,-3.2917
2115342,Walls,"Chase - GWB & Metal Stud 4 1/4""",,CurveMidpt,,23.9125,-4.9688,-3.4583,23.9125,-4.9688,23.9125,-4.9688,23.7354,-6.4688,24.0895,-3.4688
2115392,Walls,"Chase - GWB & Metal Stud 4 1/4""",,CurveMidpt,,27.7396,-4.9688,-3.4583,27.7396,-4.9688,27.7396,-4.9688,27.5625,-6.4688,27.9167,-3.4688
2117477,Cameras,Coord - Arch Floors & Walls,,BBoxCenter,,-46.4139,-75.5549,-6.1061,-46.4139,-75.5549,-46.4139,-75.5549,-115.2050,-132.8939,22.3771,-18.2159
2120094,Stairs,Stair,,BBoxCenter,,-38.1146,46.1979,-2.9667,-38.1146,46.1979,-38.1146,46.1979,-44.1146,44.1979,-32.1146,48.1979
2120210,Stair Paths,Standard,,BBoxCenter,,-42.5864,46.1979,-0.7542,-42.5864,46.1979,-42.5864,46.1979,-45.0582,45.5427,-40.1146,46.8532
2121345,Views,Transverse Section - Stair 1,,BBoxCenter,,-102.0245,11.1909,-5.9167,-102.0245,11.1909,-102.0245,11.1909,-105.1025,-44.4184,-98.9465,66.8001
2121395,Views,Transverse Section - Elevator 1,,BBoxCenter,,-96.0245,11.1250,-5.9167,-96.0245,11.1250,-96.0245,11.1250,-99.1025,-44.5301,-92.9465,66.7801
2121412,Views,Transverse Section - Commercial - Grid 3,,BBoxCenter,,-74.0245,11.1909,-5.9167,-74.0245,11.1909,-74.0245,11.1909,-77.1025,-44.4184,-70.9465,66.8001
2121425,Views,Transverse Section - Commercial - Mezzanine Stair,,BBoxCenter,,-52.0245,11.1250,-5.9167,-52.0245,11.1250,-52.0245,11.1250,-55.1025,-44.5301,-48.9465,66.7801
2121440,Views,Transverse Section - Stair 2,,BBoxCenter,,-42.5245,11.1909,-5.9167,-42.5245,11.1909,-42.5245,11.1909,-45.6025,-44.4184,-39.4465,66.8001
2121736,Views,Transverse Section - Retail/Residential - Grid 5,,BBoxCenter,,-24.5245,11.1909,-5.9167,-24.5245,11.1909,-24.5245,11.1909,-27.6025,-44.4184,-21.4465,66.8001
2121835,Views,Transverse Section - Retail Lobby Stair,,BBoxCenter,,-12.7745,11.1909,-5.9167,-12.7745,11.1909,-12.7745,11.1909,-15.8525,-44.4184,-9.6965,66.8001
2121850,Views,Transverse Section - Elevator 2,,BBoxCenter,,-0.0245,11.1909,-5.9167,-0.0245,11.1909,-0.0245,11.1909,-3.1025,-44.4184,3.0535,66.8001
2121893,Views,Transverse Section - Retail/Residential - Grid 7,,BBoxCenter,,13.4755,11.1909,-5.9167,13.4755,11.1909,13.4755,11.1909,10.3975,-44.4184,16.5535,66.8001
2121925,Views,Transverse Section - Stair 3,,BBoxCenter,,48.4755,11.1909,-5.9167,48.4755,11.1909,48.4755,11.1909,45.3975,-44.4184,51.5535,66.8001
2121938,Views,Transverse Section - Retail/Residential - Grid 9,,BBoxCenter,,57.4755,11.1909,-5.9167,57.4755,11.1909,57.4755,11.1909,54.3975,-44.4184,60.5535,66.8001
2123753,Views,Transverse Section - Retail/Residential - Grid 8,,BBoxCenter,,31.4755,11.1909,-5.9167,31.4755,11.1909,31.4755,11.1909,28.3975,-44.4184,34.5535,66.8001
2131183,Walls,Retaining - Split Face CMU,,CurveMidpt,,-91.0234,-14.7656,-5.9167,-91.0234,-14.7656,-91.0234,-14.7656,-93.3854,-15.1667,-89.0625,-14.3646
2131185,Wall Sweeps,,,BBoxCenter,,-91.2240,-14.7656,-3.2917,-91.2240,-14.7656,-91.2240,-14.7656,-93.3854,-15.1667,-89.0625,-14.3646
2131312,Walls,Retaining - Split Face CMU,,CurveMidpt,,-91.0234,-22.4010,-5.9167,-91.0234,-22.4010,-91.0234,-22.4010,-93.3854,-22.8021,-89.0625,-22.0000
2131313,Wall Sweeps,,,BBoxCenter,,-91.2240,-22.4010,-3.2917,-91.2240,-22.4010,-91.2240,-22.4010,-93.3854,-22.8021,-89.0625,-22.0000
2132712,Floors,"Brick - 8""",,BBoxCenter,,-92.1927,-18.5833,-5.3333,-92.1927,-18.5833,-92.1927,-18.5833,-93.1354,-22.0833,-91.2500,-15.0833
2132872,Floors,"Brick - 8""",,BBoxCenter,,-90.1719,-18.5833,-4.5833,-90.1719,-18.5833,-90.1719,-18.5833,-91.1146,-22.0833,-89.2292,-15.0833
2132919,Floors,Hardscape - Brick Walk,,BBoxCenter,,-90.1719,-18.5833,-4.0833,-90.1719,-18.5833,-90.1719,-18.5833,-91.2812,-22.0833,-89.0625,-15.0833
2132985,Site,"72""",,Point,180.0000,-64.3333,-24.2188,-3.9167,-64.3333,-24.2188,-64.3333,-24.2188,-67.3333,-25.2188,-61.3333,-23.1724
2133094,Site,"72""",,Point,180.0000,-80.3333,-24.2188,-3.9167,-80.3333,-24.2188,-80.3333,-24.2188,-83.3333,-25.2188,-77.3333,-23.1724
2133171,Site,"72""",,Point,360.0000,-80.3333,-12.9479,-3.9167,-80.3333,-12.9479,-80.3333,-12.9479,-83.3333,-13.9943,-77.3333,-11.9479
2133242,Site,"72""",,Point,360.0000,-64.3333,-12.9479,-3.9167,-64.3333,-12.9479,-64.3333,-12.9479,-67.3333,-13.9943,-61.3333,-11.9479
2133510,Site,"72""",,Point,270.0000,-52.7500,-18.5552,-3.9167,-52.7500,-18.5552,-52.7500,-18.5552,-53.7964,-21.5552,-51.7500,-15.5552
2133962,Walls,Retaining - Split Face CMU,,CurveMidpt,,-105.5599,-28.9323,-5.9167,-105.5599,-28.9323,-105.5599,-28.9323,-111.5000,-29.3333,-99.2187,-28.5313
2133963,Wall Sweeps,,,BBoxCenter,,-105.3594,-28.9323,-4.7917,-105.3594,-28.9323,-105.3594,-28.9323,-111.5000,-29.3333,-99.2187,-28.5313
2140164,Columns,"24""D x 24""W",,Point,,-70.0000,19.2083,0.0000,-70.0000,19.2083,-70.0000,19.2083,-71.0000,18.2604,-69.0000,20.2604
2140760,Cameras,Camera - Commercial Space L3,,BBoxCenter,,-136.7890,-50.4461,37.7500,-136.7890,-50.4461,-136.7890,-50.4461,-221.4838,-141.4597,-52.0942,40.5675
2140770,Cameras,Camera - Commercial Space L4,,BBoxCenter,,-136.7890,-50.4461,49.8333,-136.7890,-50.4461,-136.7890,-50.4461,-221.4838,-141.4597,-52.0942,40.5675
2231512,Generic Annotations,Circle,,Point,,118.0225,-69.1887,-1.9167,118.0225,-69.1887,118.0225,-69.1887,115.5225,-71.6887,120.5225,-63.4128
2232921,Views,Café Kitchen Plan,,BBoxCenter,,-74.7834,30.0538,-3.9167,-74.7834,30.0538,-74.7834,30.0538,-100.2075,7.9883,-49.3592,52.1193
2233274,Columns,"24""D x 24""W",,Point,,-70.0000,41.4583,-0.0000,-70.0000,41.4583,-70.0000,41.4583,-71.0000,40.4583,-69.0000,42.4583
2233773,Columns,"24""D x 24""W",,Point,,-90.7917,41.4583,0.0000,-90.7917,41.4583,-90.7917,41.4583,-91.7917,40.4583,-89.7917,42.4583
2234674,Runs,"3/4"" Nosing",,BBoxCenter,,-38.1146,46.1979,-2.7208,-38.1146,46.1979,-38.1146,46.1979,-44.1146,44.1979,-32.1146,48.1979
2235181,Railings,_IBC-Pipe-Plate Stringer (Extension Top and Bottom),,BBoxCenter,,-37.1146,44.4583,-0.9583,-37.1146,44.4583,-37.1146,44.4583,-44.1146,44.3021,-30.1146,44.6146
2235281,Top Rails,"_IBC-Circular - 1 1/2"" (Extension Top and Bottom)",,BBoxCenter,,-37.0729,44.3646,-1.3000,-37.0729,44.3646,-37.0729,44.3646,-43.3646,44.3021,-30.7813,44.4271
2235296,Handrails,"_IBC-Bottom Rail Circular - 1 1/2""",,BBoxCenter,,-37.1146,44.3646,-2.2505,-37.1146,44.3646,-37.1146,44.3646,-43.3646,44.3021,-30.8646,44.4271
2235310,Handrails,"_IBC-Handrail Circular - 1 1/2"" (Extension Top and Bottom)",,BBoxCenter,,-37.1146,44.5521,-1.5500,-37.1146,44.5521,-37.1146,44.5521,-44.1146,44.4896,-30.1146,44.6146
2235454,Supports,"2'-8"" Picket",,Point,180.0000,-36.5219,44.3646,-2.6044,-36.5219,44.3646,-36.5219,44.3646,-36.5427,44.3438,-36.5011,44.3854
2235455,Supports,"2'-8"" Picket",,Point,180.0000,-36.8182,44.3646,-2.4587,-36.8182,44.3646,-36.8182,44.3646,-36.8391,44.3438,-36.7974,44.3854
2235456,Supports,"2'-8"" Picket",,Point,180.0000,-37.1146,44.3646,-2.3130,-37.1146,44.3646,-37.1146,44.3646,-37.1354,44.3438,-37.0938,44.3854
2235457,Supports,"2'-8"" Picket",,Point,180.0000,-37.4109,44.3646,-2.1673,-37.4109,44.3646,-37.4109,44.3646,-37.4318,44.3438,-37.3901,44.3854
2235458,Supports,"2'-8"" Picket",,Point,180.0000,-37.7073,44.3646,-2.0216,-37.7073,44.3646,-37.7073,44.3646,-37.7281,44.3438,-37.6864,44.3854
2235459,Supports,"2'-8"" Picket",,Point,180.0000,-38.0036,44.3646,-1.8759,-38.0036,44.3646,-38.0036,44.3646,-38.0244,44.3438,-37.9828,44.3854
2235460,Supports,"2'-8"" Picket",,Point,180.0000,-38.2999,44.3646,-1.7302,-38.2999,44.3646,-38.2999,44.3646,-38.3208,44.3438,-38.2791,44.3854
2235461,Supports,"2'-8"" Picket",,Point,180.0000,-38.5963,44.3646,-1.5845,-38.5963,44.3646,-38.5963,44.3646,-38.6171,44.3438,-38.5754,44.3854
2235462,Supports,"2'-8"" Picket",,Point,180.0000,-38.8926,44.3646,-1.4388,-38.8926,44.3646,-38.8926,44.3646,-38.9135,44.3438,-38.8718,44.3854
2235463,Supports,"2'-8"" Picket",,Point,180.0000,-39.1890,44.3646,-1.2931,-39.1890,44.3646,-39.1890,44.3646,-39.2098,44.3438,-39.1681,44.3854
2235464,Supports,"2'-8"" Picket",,Point,180.0000,-39.4853,44.3646,-1.1474,-39.4853,44.3646,-39.4853,44.3646,-39.5061,44.3438,-39.4645,44.3854
2235465,Supports,"2'-8"" Picket",,Point,180.0000,-39.7816,44.3646,-1.0017,-39.7816,44.3646,-39.7816,44.3646,-39.8025,44.3438,-39.7608,44.3854
2235466,Supports,"2'-8"" Picket",,Point,180.0000,-40.0780,44.3646,-0.8560,-40.0780,44.3646,-40.0780,44.3646,-40.0988,44.3438,-40.0571,44.3854
2235467,Supports,"2'-8"" Picket",,Point,180.0000,-40.3743,44.3646,-0.7103,-40.3743,44.3646,-40.3743,44.3646,-40.3952,44.3438,-40.3535,44.3854
2235468,Supports,"2'-8"" Picket",,Point,180.0000,-40.6707,44.3646,-0.5646,-40.6707,44.3646,-40.6707,44.3646,-40.6915,44.3438,-40.6498,44.3854
2235469,Supports,"2'-8"" Picket",,Point,180.0000,-40.9670,44.3646,-0.4189,-40.9670,44.3646,-40.9670,44.3646,-40.9878,44.3438,-40.9462,44.3854
2235470,Supports,"2'-8"" Picket",,Point,180.0000,-41.2633,44.3646,-0.2732,-41.2633,44.3646,-41.2633,44.3646,-41.2842,44.3438,-41.2425,44.3854
2235471,Supports,"2'-8"" Picket",,Point,180.0000,-41.5597,44.3646,-0.1275,-41.5597,44.3646,-41.5597,44.3646,-41.5805,44.3438,-41.5388,44.3854
2235472,Supports,"2'-8"" Picket",,Point,180.0000,-41.8560,44.3646,0.0182,-41.8560,44.3646,-41.8560,44.3646,-41.8769,44.3438,-41.8352,44.3854
2235473,Supports,"2'-8"" Picket",,Point,180.0000,-42.1524,44.3646,0.1639,-42.1524,44.3646,-42.1524,44.3646,-42.1732,44.3438,-42.1315,44.3854
2235474,Supports,"2'-8"" Picket",,Point,180.0000,-42.4487,44.3646,0.3096,-42.4487,44.3646,-42.4487,44.3646,-42.4695,44.3438,-42.4279,44.3854
2235475,Supports,"2'-8"" Picket",,Point,180.0000,-42.7450,44.3646,0.4553,-42.7450,44.3646,-42.7450,44.3646,-42.7659,44.3438,-42.7242,44.3854
2235476,Supports,"2'-8"" Picket",,Point,180.0000,-43.0414,44.3646,0.6010,-43.0414,44.3646,-43.0414,44.3646,-43.0622,44.3438,-43.0205,44.3854
2235477,Supports,"2'-8"" Picket",,Point,180.0000,-43.3646,44.3646,0.6370,-43.3646,44.3646,-43.3646,44.3646,-43.3854,44.3438,-43.3438,44.3854
2235608,Railings,_IBC-Pipe-Plate Stringer (Extension Bottom),,BBoxCenter,,-39.9375,46.1354,-0.9583,-39.9375,46.1354,-39.9375,46.1354,-49.7604,44.1771,-30.1146,48.0938
2235613,Top Rails,"_IBC-Circular - 1 1/2"" (Extension Bottom)",,BBoxCenter,,-40.2708,46.1458,-1.3000,-40.2708,46.1458,-40.2708,46.1458,-49.7604,44.1979,-30.7813,48.0938
2235628,Handrails,"_IBC-Bottom Rail Circular - 1 1/2""",,BBoxCenter,,-40.3125,46.1458,-2.2505,-40.3125,46.1458,-40.3125,46.1458,-49.7604,44.1979,-30.8646,48.0938
2235642,Handrails,"_IBC-Handrail Circular - 1 1/2"" (Extension Bottom)",,BBoxCenter,,-39.8438,46.0521,-1.5500,-39.8438,46.0521,-39.8438,46.0521,-49.5729,44.1979,-30.1146,47.9063
2235677,Supports,"2'-8"" Picket",,Point,360.0000,-36.5665,48.0313,-2.5825,-36.5665,48.0313,-36.5665,48.0313,-36.5874,48.0104,-36.5457,48.0521
2235678,Supports,"2'-8"" Picket",,Point,360.0000,-36.8652,48.0313,-2.4356,-36.8652,48.0313,-36.8652,48.0313,-36.8861,48.0104,-36.8444,48.0521
2235679,Supports,"2'-8"" Picket",,Point,360.0000,-37.1639,48.0313,-2.2888,-37.1639,48.0313,-37.1639,48.0313,-37.1848,48.0104,-37.1431,48.0521
2235680,Supports,"2'-8"" Picket",,Point,360.0000,-37.4626,48.0313,-2.1419,-37.4626,48.0313,-37.4626,48.0313,-37.4834,48.0104,-37.4418,48.0521
2235681,Supports,"2'-8"" Picket",,Point,360.0000,-37.7613,48.0313,-1.9951,-37.7613,48.0313,-37.7613,48.0313,-37.7821,48.0104,-37.7405,48.0521
2235682,Supports,"2'-8"" Picket",,Point,360.0000,-38.0600,48.0313,-1.8482,-38.0600,48.0313,-38.0600,48.0313,-38.0808,48.0104,-38.0392,48.0521
2235683,Supports,"2'-8"" Picket",,Point,360.0000,-38.3587,48.0313,-1.7013,-38.3587,48.0313,-38.3587,48.0313,-38.3795,48.0104,-38.3378,48.0521
2235684,Supports,"2'-8"" Picket",,Point,360.0000,-38.6574,48.0313,-1.5545,-38.6574,48.0313,-38.6574,48.0313,-38.6782,48.0104,-38.6365,48.0521
2235685,Supports,"2'-8"" Picket",,Point,360.0000,-38.9561,48.0313,-1.4076,-38.9561,48.0313,-38.9561,48.0313,-38.9769,48.0104,-38.9352,48.0521
2235686,Supports,"2'-8"" Picket",,Point,360.0000,-39.2547,48.0313,-1.2608,-39.2547,48.0313,-39.2547,48.0313,-39.2756,48.0104,-39.2339,48.0521
2235687,Supports,"2'-8"" Picket",,Point,360.0000,-39.5534,48.0313,-1.1139,-39.5534,48.0313,-39.5534,48.0313,-39.5743,48.0104,-39.5326,48.0521
2235688,Supports,"2'-8"" Picket",,Point,360.0000,-39.8521,48.0313,-0.9671,-39.8521,48.0313,-39.8521,48.0313,-39.8730,48.0104,-39.8313,48.0521
2235689,Supports,"2'-8"" Picket",,Point,360.0000,-40.1508,48.0313,-0.8202,-40.1508,48.0313,-40.1508,48.0313,-40.1716,48.0104,-40.1300,48.0521
2235690,Supports,"2'-8"" Picket",,Point,360.0000,-40.4495,48.0313,-0.6734,-40.4495,48.0313,-40.4495,48.0313,-40.4703,48.0104,-40.4287,48.0521
2235691,Supports,"2'-8"" Picket",,Point,360.0000,-40.7482,48.0313,-0.5265,-40.7482,48.0313,-40.7482,48.0313,-40.7690,48.0104,-40.7274,48.0521
2235692,Supports,"2'-8"" Picket",,Point,360.0000,-41.0469,48.0313,-0.3796,-41.0469,48.0313,-41.0469,48.0313,-41.0677,48.0104,-41.0261,48.0521
2235693,Supports,"2'-8"" Picket",,Point,360.0000,-41.3456,48.0313,-0.2328,-41.3456,48.0313,-41.3456,48.0313,-41.3664,48.0104,-41.3247,48.0521
2235694,Supports,"2'-8"" Picket",,Point,360.0000,-41.6443,48.0313,-0.0859,-41.6443,48.0313,-41.6443,48.0313,-41.6651,48.0104,-41.6234,48.0521
2235695,Supports,"2'-8"" Picket",,Point,360.0000,-41.9430,48.0313,0.0609,-41.9430,48.0313,-41.9430,48.0313,-41.9638,48.0104,-41.9221,48.0521
2235696,Supports,"2'-8"" Picket",,Point,360.0000,-42.2416,48.0313,0.2078,-42.2416,48.0313,-42.2416,48.0313,-42.2625,48.0104,-42.2208,48.0521
2235697,Supports,"2'-8"" Picket",,Point,360.0000,-42.5403,48.0313,0.3546,-42.5403,48.0313,-42.5403,48.0313,-42.5612,48.0104,-42.5195,48.0521
2235698,Supports,"2'-8"" Picket",,Point,360.0000,-42.8390,48.0313,0.5015,-42.8390,48.0313,-42.8390,48.0313,-42.8599,48.0104,-42.8182,48.0521
2235699,Supports,"2'-8"" Picket",,Point,360.0000,-43.1417,48.0313,0.6366,-43.1417,48.0313,-43.1417,48.0313,-43.1625,48.0104,-43.1209,48.0521
2235700,Supports,"2'-8"" Picket",,Point,360.0000,-43.4745,48.0313,0.6370,-43.4745,48.0313,-43.4745,48.0313,-43.4954,48.0104,-43.4537,48.0521
2236111,Shaft Openings,Opening Cut,,BBoxCenter,,65.5631,0.8333,-5.9167,65.5631,0.8333,65.5631,0.8333,63.6098,-1.4792,67.5163,3.1458
2237002,Supports,"2'-8"" Picket",,Point,360.0000,-43.8074,48.0313,0.6370,-43.8074,48.0313,-43.8074,48.0313,-43.8282,48.0104,-43.7866,48.0521
2237003,Supports,"2'-8"" Picket",,Point,360.0000,-44.1402,48.0313,0.6370,-44.1402,48.0313,-44.1402,48.0313,-44.1611,48.0104,-44.1194,48.0521
2237004,Supports,"2'-8"" Picket",,Point,360.0000,-44.4731,48.0313,0.6370,-44.4731,48.0313,-44.4731,48.0313,-44.4939,48.0104,-44.4522,48.0521
2237005,Supports,"2'-8"" Picket",,Point,360.0000,-44.8059,48.0313,0.6370,-44.8059,48.0313,-44.8059,48.0313,-44.8267,48.0104,-44.7851,48.0521
2237006,Supports,"2'-8"" Picket",,Point,360.0000,-45.1387,48.0313,0.6370,-45.1387,48.0313,-45.1387,48.0313,-45.1596,48.0104,-45.1179,48.0521
2237007,Supports,"2'-8"" Picket",,Point,360.0000,-45.4716,48.0313,0.6370,-45.4716,48.0313,-45.4716,48.0313,-45.4924,48.0104,-45.4507,48.0521
2237008,Supports,"2'-8"" Picket",,Point,360.0000,-45.8044,48.0313,0.6370,-45.8044,48.0313,-45.8044,48.0313,-45.8253,48.0104,-45.7836,48.0521
2237009,Supports,"2'-8"" Picket",,Point,360.0000,-46.1373,48.0313,0.6370,-46.1373,48.0313,-46.1373,48.0313,-46.1581,48.0104,-46.1164,48.0521
2237010,Supports,"2'-8"" Picket",,Point,360.0000,-46.4701,48.0313,0.6370,-46.4701,48.0313,-46.4701,48.0313,-46.4909,48.0104,-46.4493,48.0521
2237011,Supports,"2'-8"" Picket",,Point,360.0000,-46.8029,48.0313,0.6370,-46.8029,48.0313,-46.8029,48.0313,-46.8238,48.0104,-46.7821,48.0521
2237012,Supports,"2'-8"" Picket",,Point,360.0000,-47.1358,48.0313,0.6370,-47.1358,48.0313,-47.1358,48.0313,-47.1566,48.0104,-47.1149,48.0521
2237054,Supports,"2'-8"" Picket",,Point,360.0000,-47.4686,48.0313,0.6370,-47.4686,48.0313,-47.4686,48.0313,-47.4894,48.0104,-47.4478,48.0521
2237077,Supports,"2'-8"" Picket",,Point,360.0000,-47.8015,48.0313,0.6370,-47.8015,48.0313,-47.8015,48.0313,-47.8223,48.0104,-47.7806,48.0521
2237078,Supports,"2'-8"" Picket",,Point,360.0000,-48.1343,48.0313,0.6370,-48.1343,48.0313,-48.1343,48.0313,-48.1551,48.0104,-48.1135,48.0521
2237079,Supports,"2'-8"" Picket",,Point,360.0000,-48.4671,48.0313,0.6370,-48.4671,48.0313,-48.4671,48.0313,-48.4880,48.0104,-48.4463,48.0521
2237080,Supports,"2'-8"" Picket",,Point,360.0000,-48.8000,48.0313,0.6370,-48.8000,48.0313,-48.8000,48.0313,-48.8208,48.0104,-48.7791,48.0521
2237081,Supports,"2'-8"" Picket",,Point,360.0000,-49.1328,48.0313,0.6370,-49.1328,48.0313,-49.1328,48.0313,-49.1536,48.0104,-49.1120,48.0521
2237082,Supports,"2'-8"" Picket",,Point,360.0000,-49.4656,48.0313,0.6370,-49.4656,48.0313,-49.4656,48.0313,-49.4865,48.0104,-49.4448,48.0521
2237083,Supports,"2'-8"" Picket",,Point,90.0000,-49.6979,47.8591,0.6370,-49.6979,47.8591,-49.6979,47.8591,-49.7188,47.8383,-49.6771,47.8800
2237084,Supports,"2'-8"" Picket",,Point,90.0000,-49.6979,47.5263,0.6370,-49.6979,47.5263,-49.6979,47.5263,-49.7188,47.5055,-49.6771,47.5471
2238597,Floors,"Concrete Slab 6""",,BBoxCenter,,-46.7484,46.1979,-0.2667,-46.7484,46.1979,-46.7484,46.1979,-49.8646,44.1979,-43.6323,48.1979
2238968,Supports,"2'-8"" Picket",,Point,90.0000,-49.6979,47.1935,0.6370,-49.6979,47.1935,-49.6979,47.1935,-49.7188,47.1726,-49.6771,47.2143
2238969,Supports,"2'-8"" Picket",,Point,90.0000,-49.6979,46.8606,0.6370,-49.6979,46.8606,-49.6979,46.8606,-49.7188,46.8398,-49.6771,46.8815
2238970,Supports,"2'-8"" Picket",,Point,90.0000,-49.6979,46.5278,0.6370,-49.6979,46.5278,-49.6979,46.5278,-49.7188,46.5070,-49.6771,46.5486
2238971,Supports,"2'-8"" Picket",,Point,90.0000,-49.6979,46.1950,0.6370,-49.6979,46.1950,-49.6979,46.1950,-49.7188,46.1741,-49.6771,46.2158
2238972,Supports,"2'-8"" Picket",,Point,90.0000,-49.6979,45.8621,0.6370,-49.6979,45.8621,-49.6979,45.8621,-49.7188,45.8413,-49.6771,45.8829
2238973,Supports,"2'-8"" Picket",,Point,90.0000,-49.6979,45.5293,0.6370,-49.6979,45.5293,-49.6979,45.5293,-49.7188,45.5084,-49.6771,45.5501
2238974,Supports,"2'-8"" Picket",,Point,90.0000,-49.6979,45.1964,0.6370,-49.6979,45.1964,-49.6979,45.1964,-49.7188,45.1756,-49.6771,45.2173
2238975,Supports,"2'-8"" Picket",,Point,90.0000,-49.6979,44.8636,0.6370,-49.6979,44.8636,-49.6979,44.8636,-49.7188,44.8428,-49.6771,44.8844
2238976,Supports,"2'-8"" Picket",,Point,90.0000,-49.6979,44.5308,0.6370,-49.6979,44.5308,-49.6979,44.5308,-49.7188,44.5099,-49.6771,44.5516
2238977,Supports,"2'-8"" Picket",,Point,90.0000,-49.6979,44.1979,0.6370,-49.6979,44.1979,-49.6979,44.1979,-49.7188,44.1771,-49.6771,44.2188
2239021,Cameras,Camera - Exterior Street View (Hidden),,BBoxCenter,,-26.1040,-63.9239,36.5045,-26.1040,-63.9239,-26.1040,-63.9239,-116.8507,-121.0847,64.6427,-6.7631
2241725,Stair Paths,Standard,,BBoxCenter,,14.6709,-5.7026,-2.4750,14.6709,-5.7026,14.6709,-5.7026,13.9491,-6.9469,15.3927,-4.4583
2241728,Stair Paths,Standard,,BBoxCenter,,46.1875,-8.6979,-6.1236,46.1875,-8.6979,46.1875,-8.6979,43.6042,-17.3333,48.7708,-0.0625
2241731,Stair Paths,Standard,,BBoxCenter,,43.4020,-13.4735,2.3467,43.4020,-13.4735,43.4020,-13.4735,42.6999,-15.5928,44.1042,-11.3542
2241734,Stair Paths,Standard,,BBoxCenter,,-47.3480,33.2869,-2.3042,-47.3480,33.2869,-47.3480,33.2869,-47.8001,32.2718,-46.8958,34.3020
2241737,Stair Paths,Standard,,BBoxCenter,,-44.8125,31.7349,-7.9444,-44.8125,31.7349,-44.8125,31.7349,-47.3958,24.3239,-42.2292,39.1458
2241740,Stair Paths,Standard,,BBoxCenter,,-50.0270,26.4623,-3.6312,-50.0270,26.4623,-50.0270,26.4623,-50.7292,23.8846,-49.3249,29.0399
2241743,Stair Paths,Standard,,BBoxCenter,,-3.5760,0.8911,-2.7083,-3.5760,0.8911,-3.5760,0.8911,-4.2977,-0.3532,-2.8542,2.1354
2248379,Cameras,3D (Shaded) Uncropped,,BBoxCenter,,-722.8520,-2323.4312,978.1812,-722.8520,-2323.4312,-722.8520,-2323.4312,-1422.8924,-4641.0900,-22.8116,-5.7724
2249019,Dimensions,"Linear - 3/32"" Trebuchet MS",,BBoxCenter,,-118.1181,9.8330,0.0000,-118.1181,9.8330,-118.1181,9.8330,-124.2362,-27.9167,-112.0000,47.5827
2249020,Dimensions,"Linear - 3/32"" Trebuchet MS",,BBoxCenter,,-115.5790,22.0149,0.0000,-115.5790,22.0149,-115.5790,22.0149,-120.2934,-0.5431,-110.8646,44.5729
2249212,Specialty Equipment,Wheel Chair Circle,,Point,360.0000,36.5104,37.4167,-3.4583,36.5104,37.4167,36.5104,37.4167,34.0104,34.9167,39.0104,39.9167
2252186,Specialty Equipment,Soap Dispenser,,Point,90.0000,-19.7604,6.5417,0.5625,-19.7604,6.5417,-19.7604,6.5417,-19.7604,6.3333,-19.4038,6.7500
2252438,Elevations,Elevation 1,,BBoxCenter,,-18.4060,6.1308,-3.4583,-18.4060,6.1308,-18.4060,6.1308,-21.4060,3.1308,-15.4060,9.1308
2252439,Views,Typical Public Toilet Room - West,,BBoxCenter,,-19.3193,7.1308,-3.4583,-19.3193,7.1308,-19.3193,7.1308,-21.2326,5.7166,-17.4060,8.5450
2252469,Views,Typical Public Toilet Room -South,,BBoxCenter,,-17.4060,5.0293,-3.4583,-17.4060,5.0293,-17.4060,5.0293,-18.8202,2.9278,-15.9918,7.1308
2252478,Views,Typical Public Toilet Room - North,,BBoxCenter,,-17.4060,9.2323,-3.4583,-17.4060,9.2323,-17.4060,9.2323,-18.8202,7.1308,-15.9918,11.3338
2252487,Views,Typical Public Toilet Room - East,,BBoxCenter,,-15.4927,7.1308,-3.4583,-15.4927,7.1308,-15.4927,7.1308,-17.4060,5.7166,-13.5794,8.5450
2252544,Specialty Equipment,Dispenser-Towel-Tall,,Point,360.0000,-16.5521,3.3385,-2.4577,-16.5521,3.3385,-16.5521,3.3385,-17.2604,3.2292,-15.8438,4.0444
2252645,Specialty Equipment,Dispenser-Sanitary Napkin,,Point,270.0000,-20.2500,8.2083,-0.1250,-20.2500,8.2083,-20.2500,8.2083,-20.1771,7.6250,-19.4929,8.7917
2252927,Specialty Equipment,"35"" x 20""",,Point,90.0000,-12.5573,8.9792,-0.9167,-12.5573,8.9792,-12.5573,8.9792,-15.3285,7.5208,-12.7604,10.4375
2257164,Food Service Equipment,"38"" x 24""",,Point,,-79.9583,41.3333,-2.4167,-79.9583,41.3333,-79.9583,41.3333,-81.5417,39.3333,-78.3750,41.5833
2259040,Shaft Openings,Opening Cut,,BBoxCenter,,-109.9271,31.2292,-5.9167,-109.9271,31.2292,-109.9271,31.2292,-110.5000,19.7083,-109.3542,42.7500
2304725,Cameras,Walkthrough Lobby Stair,,BBoxCenter,,-31.5478,-56.3579,4.5948,-31.5478,-56.3579,-31.5478,-56.3579,-100.4153,-119.9662,37.3197,7.2504
2306133,Views,Residential Lobby - North,,BBoxCenter,,-8.4379,-10.2015,-5.9167,-8.4379,-10.2015,-8.4379,-10.2015,-9.8521,-12.3030,-7.0237,-8.1000
2308573,Floors,"Concrete Slab 6""",,BBoxCenter,,-80.2240,-4.7500,-6.1667,-80.2240,-4.7500,-80.2240,-4.7500,-110.6979,-28.6146,-49.7500,19.1146
2330863,Walls,"Interior - 6 1/8"" Partition (2-hr)",,CurveMidpt,,6.3776,12.0417,-3.4583,6.3776,12.0417,6.3776,12.0417,3.5833,11.7865,9.1719,12.2969
2330888,Walls,"Interior - 6 1/8"" Partition (2-hr)",,CurveMidpt,,9.1719,12.7161,-3.4583,9.1719,12.7161,9.1719,12.7161,8.9167,11.7865,9.4271,13.3906
2331168,Shaft Openings,Opening Cut,,BBoxCenter,,6.4948,12.7917,-5.9167,6.4948,12.7917,6.4948,12.7917,4.0729,12.2969,8.9167,13.2865
2331649,Views,Residential Lobby - West,,BBoxCenter,,-10.3512,-12.3030,-5.9167,-10.3512,-12.3030,-10.3512,-12.3030,-12.2645,-13.7172,-8.4379,-10.8888
2331658,Views,Residential Lobby - East,,BBoxCenter,,-6.5246,-12.3030,-5.9167,-6.5246,-12.3030,-6.5246,-12.3030,-8.4379,-13.7172,-4.6113,-10.8888
2333601,Elevations,Elevation 1,,BBoxCenter,,-75.4924,28.9911,-5.9167,-75.4924,28.9911,-75.4924,28.9911,-78.4924,25.9911,-72.4924,31.9911
2333691,Views,Café Kitchen B,,BBoxCenter,,-74.4924,32.0926,-5.9167,-74.4924,32.0926,-74.4924,32.0926,-75.9067,29.9911,-73.0782,34.1940
2351694,Elevations,Elevation 4,,BBoxCenter,,-30.8760,62.8284,0.0000,-30.8760,62.8284,-30.8760,62.8284,-34.0000,59.8284,-27.7519,65.8284
2351695,Views,Existing North,,BBoxCenter,,-30.0000,62.4142,0.0000,-30.0000,62.4142,-30.0000,62.4142,-32.8284,61.0000,-27.1716,63.8284
2351705,Elevations,Elevation 2,,BBoxCenter,,-30.8835,-48.8284,0.0000,-30.8835,-48.8284,-30.8835,-48.8284,-34.0000,-51.8284,-27.7669,-45.8284
2351706,Views,Existing South,,BBoxCenter,,-30.0000,-46.4142,0.0000,-30.0000,-46.4142,-30.0000,-46.4142,-32.8284,-47.8284,-27.1716,-45.0000
2405095,Grids,NE Corner,,BBoxCenter,,62.7546,44.0625,-1.9167,62.7546,44.0625,62.7546,44.0625,62.7546,43.5658,62.7546,44.5592
2440345,Supports,"2'-8"" Picket",,Point,90.0000,46.4271,-10.1458,0.7786,46.4271,-10.1458,46.4271,-10.1458,46.4063,-10.1667,46.4479,-10.1250
2465820,Supports,"2'-8"" Picket",,Point,270.0000,45.4479,-16.1042,0.7786,45.4479,-16.1042,45.4479,-16.1042,45.4271,-16.1250,45.4687,-16.0833
2465821,Supports,"2'-8"" Picket",,Point,90.0000,46.4271,-10.1458,0.7786,46.4271,-10.1458,46.4271,-10.1458,46.4063,-10.1667,46.4479,-10.1250
2465996,Supports,"2'-8"" Picket",,Point,270.0000,-45.0521,31.7604,-2.8047,-45.0521,31.7604,-45.0521,31.7604,-45.0729,31.7395,-45.0313,31.7812
2465997,Supports,"2'-8"" Picket",,Point,90.0000,-44.0729,24.7292,-2.8047,-44.0729,24.7292,-44.0729,24.7292,-44.0938,24.7083,-44.0521,24.7500
2661897,Views,Café Kitchen Plan Copy 1,,BBoxCenter,,-74.7834,30.0538,-3.9167,-74.7834,30.0538,-74.7834,30.0538,-100.2075,7.9883,-49.3592,52.1193

=== TAGS ===
TagId,TaggedElementId,TaggedElementCategory,TagType,Tag_Head_U_ft,Tag_Head_V_ft,BBox_Min_U,BBox_Min_V,BBox_Max_U,BBox_Max_V
2227005,,,IndependentTag,-28.2992,33.3693,-31.9115,32.3693,-27.2992,34.3693
2227830,,,IndependentTag,-45.5208,-3.4136,-49.5208,-4.4136,-44.5028,-2.4136
2227831,,,IndependentTag,-43.0474,22.8378,-44.0474,19.2083,-39.8750,23.8378
2227832,,,IndependentTag,-45.2500,39.7496,-49.2500,38.7496,-44.2500,40.7496
2227833,,,IndependentTag,-40.8305,15.4013,-41.8305,14.4013,-39.8305,18.5781
2240523,,,IndependentTag,-98.9167,21.8750,-100.4167,21.1250,-97.4167,22.6250
2240524,,,IndependentTag,55.5365,38.7500,54.0365,38.0000,57.0365,39.5000
2240525,,,IndependentTag,-67.4896,28.7865,-68.9896,28.0365,-65.9896,29.5365
2240526,,,IndependentTag,-64.1927,39.0000,-65.6927,38.2500,-62.6927,39.7500
2240527,,,IndependentTag,-91.6458,13.8542,-93.1458,13.1042,-90.1458,14.6042
2240528,,,IndependentTag,-8.3125,18.0833,-9.8125,17.3333,-6.8125,18.8333
2240529,,,IndependentTag,-22.9167,35.3021,-24.4167,34.5521,-21.4167,36.0521
2240530,,,IndependentTag,-17.7500,35.2604,-19.2500,34.5104,-16.2500,36.0104
2240531,,,IndependentTag,2.4010,38.8281,0.9010,38.0781,3.9010,39.5781
2240532,,,IndependentTag,34.6979,33.5885,33.1979,32.8385,36.1979,34.3385
2240533,,,IndependentTag,-46.0626,42.2500,-47.5626,41.5000,-44.5626,43.0000
2240534,,,IndependentTag,-57.3490,25.9896,-58.8490,25.2396,-55.8490,26.7396
2240535,,,IndependentTag,-57.3073,30.2708,-58.8073,29.5208,-55.8073,31.0208
2240536,,,IndependentTag,-56.1250,32.2552,-57.6250,31.5052,-54.6250,33.0052
2240537,,,IndependentTag,-95.7604,19.6875,-97.2604,18.9375,-94.2604,20.4375
2240538,,,IndependentTag,-4.2500,36.8854,-5.7500,36.1354,-2.7500,37.6354
2240539,,,IndependentTag,-31.0781,26.0677,-32.5781,25.3177,-29.5781,26.8177
2240540,,,IndependentTag,-31.0365,30.3490,-32.5365,29.5990,-29.5365,31.0990
2240541,,,IndependentTag,30.4167,33.6302,28.9167,32.8802,31.9167,34.3802
2240542,,,IndependentTag,50.6302,31.9896,49.1302,31.2396,52.1302,32.7396
2240543,,,IndependentTag,50.6719,36.2708,49.1719,35.5208,52.1719,37.0208
2240544,,,IndependentTag,-11.5573,16.6771,-13.0573,15.9271,-10.0573,17.4271
2240545,,,IndependentTag,-11.5156,5.4792,-13.0156,4.7292,-10.0156,6.2292
2240546,,,IndependentTag,-35.2397,-24.9562,-36.7397,-25.7062,-33.7397,-24.2062
2240547,,,IndependentTag,-7.2500,-27.5573,-8.7500,-28.3073,-5.7500,-26.8073
2240548,,,IndependentTag,-17.3750,-27.5573,-18.8750,-28.3073,-15.8750,-26.8073
2240549,,,IndependentTag,0.7073,-27.5156,-0.7927,-28.2656,2.2073,-26.7656
2240550,,,IndependentTag,2.6667,15.9583,1.1667,15.2083,4.1667,16.7083
2240551,,,IndependentTag,60.6013,-24.2996,59.1013,-25.0496,62.1013,-23.5496
2240552,,,IndependentTag,14.9166,-26.9219,13.4166,-27.6719,16.4166,-26.1719
2240553,,,IndependentTag,33.2499,-26.9219,31.7499,-27.6719,34.7499,-26.1719
2240554,,,IndependentTag,45.6666,-25.0833,44.1666,-25.8333,47.1666,-24.3333
2240555,,,IndependentTag,43.8333,-19.1250,42.3333,-19.8750,45.3333,-18.3750
2240695,,,IndependentTag,-33.6934,16.4688,-34.6934,15.4688,-32.6934,20.4688
2240698,,,IndependentTag,-16.0526,22.9167,-17.0526,18.9167,-15.0526,23.9167
2240701,,,IndependentTag,-1.6667,24.7883,-5.6667,23.7883,3.5000,27.5417
2240704,,,IndependentTag,5.3151,32.0313,4.3151,31.0313,9.1719,36.0313
2240709,,,IndependentTag,7.3276,17.5417,6.3276,12.0417,8.3276,20.2083
2240712,,,IndependentTag,-0.4167,-3.8593,-1.4395,-4.8593,3.5833,-2.8593
2240714,,,IndependentTag,-24.2500,-3.5363,-25.2729,-4.5363,-20.2500,-2.5363
2240717,,,IndependentTag,-8.5573,13.1394,-14.7937,11.0781,-7.5573,14.1394
2240719,,,IndependentTag,-13.6426,-0.6615,-14.6426,-1.6615,-12.6426,3.3385
2240725,,,IndependentTag,-4.0519,14.7448,-5.0519,13.7448,-3.0519,18.7448
2240728,,,IndependentTag,-10.2135,26.0058,-11.2135,25.0058,-6.2135,27.0058
2240731,,,IndependentTag,-4.9215,32.0885,-5.9215,28.0885,-3.9215,33.0885
2240740,,,IndependentTag,-24.2500,29.1861,-25.2729,28.1861,-20.2500,30.1861
2240741,,,IndependentTag,-15.1042,28.1922,-19.1042,27.1922,-14.1042,29.1922
2240749,,,IndependentTag,20.8177,35.8200,19.8177,34.8200,24.8177,36.8200
2240751,,,IndependentTag,26.6579,29.4717,25.6579,28.4717,27.6579,34.4635
2240756,,,IndependentTag,37.1979,36.2424,32.5573,35.2424,38.1979,37.2424
2240760,,,IndependentTag,52.1467,27.4717,49.4635,26.4717,53.1467,28.4717
2240761,,,IndependentTag,47.9263,22.3906,46.9263,21.3906,48.9263,26.3906
2240763,,,IndependentTag,59.1319,40.9472,54.5365,36.2240,60.1319,41.9472
2240764,,,IndependentTag,60.1721,27.6907,59.1721,26.6907,64.1549,28.6907
2240765,,,IndependentTag,50.9078,38.2240,49.9078,37.2240,51.9078,42.2240
2240770,,,IndependentTag,11.5018,38.2240,10.5018,37.2240,12.5018,42.2240
2240771,,,IndependentTag,37.2500,22.9497,36.2271,21.9497,41.2500,23.9497
2240774,,,IndependentTag,46.1870,13.0833,45.1870,9.0833,47.1870,14.0833
2240776,,,IndependentTag,55.2083,8.1414,51.2083,7.1414,56.2083,9.1414
2240777,,,IndependentTag,64.5981,7.3229,63.5981,3.3229,65.5981,8.3229
2240778,,,IndependentTag,59.4327,0.4639,58.4327,-0.5361,63.4327,1.4639
2240780,,,IndependentTag,65.6664,-5.6563,64.6664,-6.6563,66.6664,-1.6563
2240783,,,IndependentTag,47.8766,-14.6342,46.8766,-20.1250,50.6250,-13.6342
2240785,,,IndependentTag,55.2552,-18.1459,51.2552,-19.1459,56.2552,-17.1459
2240788,,,IndependentTag,36.1198,-17.6738,35.1198,-18.6738,40.1198,-16.6738
2240793,,,IndependentTag,42.9819,6.3750,41.9819,2.3750,43.9819,7.3750
2289996,,,IndependentTag,-95.9167,-44.7823,-104.9436,-45.4712,-80.0420,-10.9196
2290008,,,IndependentTag,-67.4896,-44.9315,-72.9218,-45.6204,-55.6800,-10.9903
2290032,,,IndependentTag,-8.0573,-18.0568,-15.1423,-18.7457,-6.5573,-7.4610
2290033,,,IndependentTag,-8.0573,-7.7264,-17.0347,-8.4153,-6.5573,-1.9981
