ElementId,Category,FamilyAndType,Mark,LocationType,FacingAngle_deg,Model_X_ft,Model_Y_ft,Model_Z_ft,Tag_U_ft,Tag_V_ft,ViewLocal_U_ft,ViewLocal_V_ft,BBox_Min_X,BBox_Min_Y,BBox_Max_X,BBox_Max_Y
607581,Cameras,Camera fr Above (Realistic) wo Point Cloud,,BBoxCenter,,-6.9153,-23.1752,56.2019,-6.9153,-23.1752,-6.9153,-23.1752,-141.4755,-151.2601,127.6448,104.9097
619404,Walls,"Core - Concrete 12""",,CurveMidpt,,-105.5625,43.2500,-5.9167,-105.5625,43.2500,-105.5625,43.2500,-111.5000,42.7500,-99.6250,43.7500
619550,Walls,"Exterior - 12 5/8"" Rainscreen w Insultation on Metal Stud (Alley)",,CurveMidpt,,67.4207,3.2773,0.0000,67.4207,3.2773,67.4207,3.2773,63.1901,-24.9650,71.6514,31.5195
621689,Multistory Stairs,Multistory Stairs,,BBoxCenter,,-104.8125,33.6979,32.4167,-104.8125,33.6979,-104.8125,33.6979,-109.5000,25.1875,-100.1250,42.2083
621690,Stairs,Stair,,BBoxCenter,,-104.8125,33.6979,32.1667,-104.8125,33.6979,-104.8125,33.6979,-109.0000,25.6875,-100.6250,41.7083
621691,Runs,"1/4"" Tread 1"" Nosing 1/4"" Riser",,BBoxCenter,,-107.1458,31.2413,25.5000,-107.1458,31.2413,-107.1458,31.2413,-108.9792,25.6875,-105.3125,36.7950
621693,Supports,"_Stringer - 1/4"" Plate",,BBoxCenter,,-108.9896,31.3060,25.5000,-108.9896,31.3060,-108.9896,31.3060,-109.0000,25.6875,-108.9792,36.9245
621694,Supports,"_Stringer - 1/4"" Plate",,BBoxCenter,,-105.3021,31.3060,25.5000,-105.3021,31.3060,-105.3021,31.3060,-105.3125,25.6875,-105.2917,36.9245
621695,Runs,"1/4"" Tread 1"" Nosing 1/4"" Riser",,BBoxCenter,,-102.4792,30.2171,25.5000,-102.4792,30.2171,-102.4792,30.2171,-104.3125,25.5800,-100.6458,34.8542
621697,Landings,Non-Monolithic Landing,,BBoxCenter,,-104.8125,38.2171,25.5000,-104.8125,38.2171,-104.8125,38.2171,-108.9792,34.7466,-100.6458,41.6875
621699,Supports,"_Stringer - 1/4"" Plate",,BBoxCenter,,-100.6354,30.7504,25.6274,-100.6354,30.7504,-100.6354,30.7504,-100.6458,25.6875,-100.6250,35.8132
621700,Supports,"_Stringer - 1/4"" Plate",,BBoxCenter,,-104.3229,30.7504,25.6274,-104.3229,30.7504,-104.3229,30.7504,-104.3333,25.6875,-104.3125,35.8132
621701,Supports,"_Stringer - 1/4"" Plate",,BBoxCenter,,-100.6354,38.2813,25.5000,-100.6354,38.2813,-100.6354,38.2813,-100.6458,34.8542,-100.6250,41.7083
621702,Supports,"_Stringer - 1/4"" Plate",,BBoxCenter,,-104.8125,41.6979,25.5000,-104.8125,41.6979,-104.8125,41.6979,-109.0000,41.6875,-100.6250,41.7083
621703,Supports,"_Stringer - 1/4"" Plate",,BBoxCenter,,-108.9896,39.1767,25.5000,-108.9896,39.1767,-108.9896,39.1767,-109.0000,36.6451,-108.9792,41.7083
621704,Supports,"_Stringer - 1/4"" Plate",,BBoxCenter,,-105.3021,37.1663,25.5000,-105.3021,37.1663,-105.3021,37.1663,-105.3125,36.6451,-105.2917,37.6875
621707,Supports,"_Stringer - 1/4"" Plate",,BBoxCenter,,-104.8125,37.6771,25.5000,-104.8125,37.6771,-104.8125,37.6771,-105.3125,37.6667,-104.3125,37.6875
621708,Supports,"_Stringer - 1/4"" Plate",,BBoxCenter,,-104.3229,36.2708,25.5000,-104.3229,36.2708,-104.3229,36.2708,-104.3333,34.8542,-104.3125,37.6875
621709,Railings,_IBC-Pipe-Plate Stringer (Extension None),,BBoxCenter,,-104.8125,31.2135,34.4935,-104.8125,31.2135,-104.8125,31.2135,-105.5521,24.5000,-104.0729,37.9271
621713,Railings,Pipe-Wall Mount,,BBoxCenter,,-108.9896,30.7292,35.3958,-108.9896,30.7292,-108.9896,30.7292,-109.7256,23.5208,-108.2535,37.9375
621727,Top Rails,"_IBC-Circular - 1 1/2"" (Extension None)",,BBoxCenter,,-104.8125,31.1302,32.3699,-104.8125,31.1302,-104.8125,31.1302,-105.3646,24.5208,-104.2604,37.7396
621748,Handrails,"_IBC-Bottom Rail Circular - 1 1/2""",,BBoxCenter,,-104.8125,31.1198,29.8152,-104.8125,31.1198,-104.8125,31.1198,-105.3646,24.5000,-104.2604,37.7396
621767,Handrails,"_IBC-Handrail Circular - 1 1/2"" (Extension None)",,BBoxCenter,,-104.8125,31.2240,31.8699,-104.8125,31.2240,-104.8125,31.2240,-105.5521,24.5208,-104.0729,37.9271
628912,Railings,_IBC-Pipe-Plate Stringer (Extension None),,BBoxCenter,,-104.8125,24.5729,34.1602,-104.8125,24.5729,-104.8125,24.5729,-105.5521,23.6875,-104.0729,25.4583
628917,Top Rails,"_IBC-Circular - 1 1/2"" (Extension None)",,BBoxCenter,,-104.8125,24.6563,35.4375,-104.8125,24.6563,-104.8125,24.6563,-105.3646,23.8750,-104.2604,25.4375
628932,Handrails,"_IBC-Bottom Rail Circular - 1 1/2""",,BBoxCenter,,-104.8125,24.6563,32.8828,-104.8125,24.6563,-104.8125,24.6563,-105.3646,23.8750,-104.2604,25.4375
628947,Handrails,"_IBC-Handrail Circular - 1 1/2"" (Extension None)",,BBoxCenter,,-104.8125,24.5625,34.9375,-104.8125,24.5625,-104.8125,24.5625,-105.5521,23.6875,-104.0729,25.4375
628962,Supports,"2'-8"" Picket",,Point,90.0000,-104.3229,25.4375,32.8203,-104.3229,25.4375,-104.3229,25.4375,-104.3437,25.4167,-104.3021,25.4583
628963,Supports,"2'-8"" Picket",,Point,90.0000,-104.3229,25.1131,32.8203,-104.3229,25.1131,-104.3229,25.1131,-104.3437,25.0923,-104.3021,25.1340
628964,Supports,"2'-8"" Picket",,Point,90.0000,-104.3229,24.7887,32.8203,-104.3229,24.7887,-104.3229,24.7887,-104.3437,24.7679,-104.3021,24.8096
628965,Supports,"2'-8"" Picket",,Point,90.0000,-104.3229,24.4644,32.8203,-104.3229,24.4644,-104.3229,24.4644,-104.3437,24.4435,-104.3021,24.4852
628966,Supports,"2'-8"" Picket",,Point,90.0000,-104.3229,24.1400,32.8203,-104.3229,24.1400,-104.3229,24.1400,-104.3437,24.1191,-104.3021,24.1608
628967,Supports,"2'-8"" Picket",,Point,,-104.5164,23.9375,32.8203,-104.5164,23.9375,-104.5164,23.9375,-104.5372,23.9167,-104.4955,23.9583
628968,Supports,"2'-8"" Picket",,Point,,-104.8407,23.9375,32.8203,-104.8407,23.9375,-104.8407,23.9375,-104.8616,23.9167,-104.8199,23.9583
628969,Supports,"2'-8"" Picket",,Point,349.7887,-105.1650,23.9401,32.8203,-105.1650,23.9401,-105.1650,23.9401,-105.1892,23.9159,-105.1408,23.9643
628970,Supports,"2'-8"" Picket",,Point,270.0000,-105.3021,24.1965,32.8203,-105.3021,24.1965,-105.3021,24.1965,-105.3229,24.1756,-105.2813,24.2173
630662,Floors,Stair Landing Steel Plate,,BBoxCenter,,-104.8125,22.7604,32.1562,-104.8125,22.7604,-104.8125,22.7604,-108.9792,19.7292,-100.6458,25.7917
630671,Slab Edges,_Stair Landing Plate Stringer,,BBoxCenter,,-104.8125,21.7076,33.2917,-104.8125,21.7076,-104.8125,21.7076,-109.0000,16.7292,-100.6250,26.6860
630930,Walls,"Chase - GWB & Metal Stud 4 1/4""",,CurveMidpt,,-109.1771,31.2292,-16.9167,-109.1771,31.2292,-109.1771,31.2292,-109.3542,19.2083,-109.0000,43.2500
631587,Doors,"36"" x 84"" (180 MIN)",S14,Point,270.0000,-100.1250,21.8750,32.1667,-100.1250,21.8750,-100.1250,21.8750,-103.5417,20.1458,-99.5833,23.5417
660429,Doors,"36"" x 84"" (180 MIN)",S34,Point,180.0000,43.8927,2.3750,32.1667,43.8927,2.3750,43.8927,2.3750,42.1635,-1.0417,45.5594,2.9167
674522,Walls,"Core - Concrete 12""",,CurveMidpt,,-100.1250,30.7161,-5.9167,-100.1250,30.7161,-100.1250,30.7161,-100.6250,18.7083,-99.6250,42.2240
674794,Walls,"Core - Concrete 12""",,CurveMidpt,,-105.5625,19.2083,-5.9167,-105.5625,19.2083,-105.5625,19.2083,-111.5000,18.7083,-100.1250,19.7083
677683,Views,Longitudinal Section,,BBoxCenter,,-19.1588,5.5004,32.0000,-19.1588,5.5004,-19.1588,5.5004,-122.4339,2.4224,84.1162,8.5784
678407,Walls,"Core - Concrete 10""",,CurveMidpt,,3.5000,23.7370,-3.4583,3.5000,23.7370,3.5000,23.7370,3.0833,18.8750,3.9167,28.1823
685081,Walls,"Party - 6 1/8"" (2-hr)",,CurveMidpt,,-20.2500,25.6146,8.0833,-20.2500,25.6146,-20.2500,25.6146,-20.7396,9.0052,-19.7604,42.2240
697693,Walls,"Core - Concrete 12""",,CurveMidpt,,-111.0000,31.2292,-5.9167,-111.0000,31.2292,-111.0000,31.2292,-111.5000,19.2083,-110.5000,43.2500
697710,Walls,"Exterior - 12 5/8"" Rainscreen w Insultation on Metal Stud",,CurveMidpt,,-74.9375,42.2240,-5.9167,-74.9375,42.2240,-74.9375,42.2240,-100.1250,41.6979,-49.7500,42.7500
698311,Walls,"Exterior - 12 5/8"" Rainscreen w Insultation on Metal Stud",,CurveMidpt,,69.7611,-14.4993,45.5000,69.7611,-14.4993,69.7611,-14.4993,67.9265,-24.8861,71.6514,-4.4572
701089,Multistory Stairs,Multistory Stairs,,BBoxCenter,,45.9375,-11.7813,32.4167,45.9375,-11.7813,45.9375,-11.7813,41.2500,-20.1250,50.6250,-3.4375
701090,Stairs,Stair,,BBoxCenter,,45.9375,-11.7813,32.1667,45.9375,-11.7813,45.9375,-11.7813,41.7500,-19.6250,50.1250,-3.9375
701091,Runs,"1/4"" Tread 1"" Nosing 1/4"" Riser",,BBoxCenter,,48.2708,-9.4913,25.5000,48.2708,-9.4913,48.2708,-9.4913,46.4375,-15.0450,50.1042,-3.9375
701093,Supports,"_Stringer - 1/4"" Plate",,BBoxCenter,,50.1146,-9.5560,25.5000,50.1146,-9.5560,50.1146,-9.5560,50.1042,-15.1745,50.1250,-3.9375
701094,Supports,"_Stringer - 1/4"" Plate",,BBoxCenter,,46.4271,-9.5560,25.5000,46.4271,-9.5560,46.4271,-9.5560,46.4167,-15.1745,46.4375,-3.9375
701095,Runs,"1/4"" Tread 1"" Nosing 1/4"" Riser",,BBoxCenter,,43.6042,-9.3837,25.5000,43.6042,-9.3837,43.6042,-9.3837,41.7708,-14.0208,45.4375,-4.7466
701097,Landings,Non-Monolithic Landing,,BBoxCenter,,45.9375,-16.7587,25.5000,45.9375,-16.7587,45.9375,-16.7587,41.7708,-19.6042,50.1042,-13.9133
701099,Supports,"_Stringer - 1/4"" Plate",,BBoxCenter,,41.7604,-9.9170,25.6274,41.7604,-9.9170,41.7604,-9.9170,41.7500,-14.9799,41.7708,-4.8542
701100,Supports,"_Stringer - 1/4"" Plate",,BBoxCenter,,45.4479,-9.9170,25.6274,45.4479,-9.9170,45.4479,-9.9170,45.4375,-14.9799,45.4583,-4.8542
701101,Supports,"_Stringer - 1/4"" Plate",,BBoxCenter,,41.7604,-16.8229,25.5000,41.7604,-16.8229,41.7604,-16.8229,41.7500,-19.6250,41.7708,-14.0208
701102,Supports,"_Stringer - 1/4"" Plate",,BBoxCenter,,45.9375,-19.6146,25.5000,45.9375,-19.6146,45.9375,-19.6146,41.7500,-19.6250,50.1250,-19.6042
701103,Supports,"_Stringer - 1/4"" Plate",,BBoxCenter,,50.1146,-17.2601,25.5000,50.1146,-17.2601,50.1146,-17.2601,50.1042,-19.6250,50.1250,-14.8951
701104,Supports,"_Stringer - 1/4"" Plate",,BBoxCenter,,46.4271,-15.4163,25.5000,46.4271,-15.4163,46.4271,-15.4163,46.4167,-15.9375,46.4375,-14.8951
701105,Supports,"_Stringer - 1/4"" Plate",,BBoxCenter,,45.9375,-15.9271,25.5000,45.9375,-15.9271,45.9375,-15.9271,45.4375,-15.9375,46.4375,-15.9167
701107,Supports,"_Stringer - 1/4"" Plate",,BBoxCenter,,45.4479,-14.9792,25.5000,45.4479,-14.9792,45.4479,-14.9792,45.4375,-15.9375,45.4583,-14.0208
701109,Railings,_IBC-Pipe-Plate Stringer (Extension None),,BBoxCenter,,45.9375,-9.4635,34.4935,45.9375,-9.4635,45.9375,-9.4635,45.1979,-16.1771,46.6771,-2.7500
701113,Railings,Pipe-Wall Mount,,BBoxCenter,,50.1146,-8.9792,35.3958,50.1146,-8.9792,50.1146,-8.9792,49.3785,-16.1875,50.8506,-1.7708
701127,Top Rails,"_IBC-Circular - 1 1/2"" (Extension None)",,BBoxCenter,,45.9375,-9.3802,32.3699,45.9375,-9.3802,45.9375,-9.3802,45.3854,-15.9896,46.4896,-2.7708
701146,Handrails,"_IBC-Bottom Rail Circular - 1 1/2""",,BBoxCenter,,45.9375,-9.3698,29.8152,45.9375,-9.3698,45.9375,-9.3698,45.3854,-15.9896,46.4896,-2.7500
701165,Handrails,"_IBC-Handrail Circular - 1 1/2"" (Extension None)",,BBoxCenter,,45.9375,-9.4740,31.8699,45.9375,-9.4740,45.9375,-9.4740,45.1979,-16.1771,46.6771,-2.7708
705683,Cameras,Camera - Exterior Street View (Real),,BBoxCenter,,-26.1040,-63.9239,36.5045,-26.1040,-63.9239,-26.1040,-63.9239,-116.8507,-121.0847,64.6427,-6.7631
716293,Vertical Circulation,3500 lbs,,Point,,-95.4583,29.6667,0.0000,-95.4583,29.6667,-95.4583,29.6667,-99.6250,26.2083,-91.2917,33.1250
724795,Specialty Equipment,"48"" x 84""",,Point,360.0000,-95.4583,25.6250,32.1667,-95.4583,25.6250,-95.4583,25.6250,-99.4583,24.8517,-91.4583,26.2083
724864,Vertical Circulation,3500 lbs,,Point,,-1.0833,23.5000,0.0000,-1.0833,23.5000,-1.0833,23.5000,-5.2500,20.0417,3.0833,26.9583
724870,Specialty Equipment,"48"" x 84""",,Point,360.0000,-1.0833,19.2917,32.1667,-1.0833,19.2917,-1.0833,19.2917,-5.0833,18.5183,2.9167,19.8750
734799,Walls,"Party - 6 1/8"" (2-hr)",,CurveMidpt,,3.5833,35.1563,8.0833,3.5833,35.1563,3.5833,35.1563,3.0938,28.0885,4.0729,42.2240
735382,Walls,"Core - Concrete 10""",,CurveMidpt,,-1.3568,19.2917,-3.4583,-1.3568,19.2917,-1.3568,19.2917,-6.2135,18.8750,3.5000,19.7083
748363,Walls,"Party - 6 1/8"" (2-hr)",,CurveMidpt,,41.2500,25.6146,8.0833,41.2500,25.6146,41.2500,25.6146,40.7604,9.0052,41.7396,42.2240
748858,Walls,"Party - 6 1/8"" (2-hr)",,CurveMidpt,,-20.2500,-12.5234,8.0833,-20.2500,-12.5234,-20.2500,-12.5234,-20.7396,-27.5417,-19.7604,2.9375
748873,Walls,"Party - 6 1/8"" (2-hr)",,CurveMidpt,,3.5833,-13.6510,8.0833,3.5833,-13.6510,3.5833,-13.6510,3.0938,-30.0729,4.0729,2.9323
748897,Walls,"Core - Concrete 12""",,CurveMidpt,,41.2500,-8.8750,18.8333,41.2500,-8.8750,41.2500,-8.8750,40.7500,-20.1250,41.7500,2.3750
750321,Walls,"Interior - 6 1/8"" Partition (2-hr)",,CurveMidpt,,-22.2448,9.0052,32.1667,-22.2448,9.0052,-22.2448,9.0052,-39.8229,8.7500,-4.5417,9.2604
750840,Walls,"Interior - 6 1/8"" Partition (2-hr)",,CurveMidpt,,-4.4505,2.4948,32.1667,-4.4505,2.4948,-4.4505,2.4948,-49.5208,2.2396,40.6198,2.7500
750841,Walls,"Interior - 6 1/8"" Partition (2-hr)",,CurveMidpt,,59.3895,2.4948,32.1667,59.3895,2.4948,59.3895,2.4948,51.2552,2.2396,67.5237,2.7500
751090,Walls,"Interior - 6 1/8"" Partition (2-hr)",,CurveMidpt,,56.1896,5.7500,32.1667,56.1896,5.7500,56.1896,5.7500,55.9344,2.4948,56.4448,9.0052
751258,Walls,"Interior - 8 1/2"" Partition (2-hr)",,CurveMidpt,,-4.8958,13.8750,32.1667,-4.8958,13.8750,-4.8958,13.8750,-5.2500,9.0052,-4.5417,18.7448
751400,Walls,"Interior - 6 1/8"" Partition (2-hr)",,CurveMidpt,,29.8865,9.0052,32.1667,29.8865,9.0052,29.8865,9.0052,3.5833,8.7500,56.4448,9.2604
756614,Walls,"Core - Concrete 10""",,CurveMidpt,,-1.0833,27.5417,-3.4583,-1.0833,27.5417,-1.0833,27.5417,-6.0833,27.1250,3.9167,27.9583
756775,Walls,"Core - Concrete 10""",,CurveMidpt,,-5.6667,23.0964,-3.4583,-5.6667,23.0964,-5.6667,23.0964,-6.0833,18.6510,-5.2500,27.5417
756965,Walls,"Core - Concrete 10""",,CurveMidpt,,-90.8750,29.7500,-5.9167,-90.8750,29.7500,-90.8750,29.7500,-91.2917,25.6250,-90.4583,34.2917
757097,Walls,"Core - Concrete 10""",,CurveMidpt,,-95.5000,33.8750,-5.9167,-95.5000,33.8750,-95.5000,33.8750,-100.1250,33.4583,-90.8750,34.2917
757247,Walls,"Core - Concrete 10""",,CurveMidpt,,-95.5000,25.6250,-5.9167,-95.5000,25.6250,-95.5000,25.6250,-100.1250,25.2083,-90.4583,26.0417
759388,Shaft Openings,Opening Cut,,BBoxCenter,,-95.0417,30.1667,20.4583,-95.0417,30.1667,-95.0417,30.1667,-99.6250,26.0417,-90.4583,34.2917
785241,Model Groups,Live_Work Core - Standard,,Point,,-49.7604,2.2865,18.8333,-49.7604,2.2865,-49.7604,2.2865,-44.4063,-12.2396,-26.1146,-1.6146
786310,Walls,"Interior - 4 7/8"" Partition (NR)",,CurveMidpt,,-43.0260,-1.9635,32.1667,-43.0260,-1.9635,-43.0260,-1.9635,-44.2604,-2.1667,-41.7917,-1.7604
786311,Walls,"Interior - 7 1/4"" Partition (NR)",,CurveMidpt,,-41.7917,-6.9766,32.1667,-41.7917,-6.9766,-41.7917,-6.9766,-42.0938,-12.0937,-41.4896,-2.0625
786312,Walls,"Interior - 4 7/8"" Partition (NR)",,CurveMidpt,,-30.4818,-11.0573,32.1667,-30.4818,-11.0573,-30.4818,-11.0573,-32.2344,-11.2604,-28.7292,-10.8542
786313,Walls,"Interior - 4 7/8"" Partition (NR)",,CurveMidpt,,-28.6302,-3.2135,32.1667,-28.6302,-3.2135,-28.6302,-3.2135,-28.8333,-4.6667,-28.4271,-1.9635
786314,Walls,"Interior - 4 7/8"" Partition (NR)",,CurveMidpt,,-43.0260,-11.8906,32.1667,-43.0260,-11.8906,-43.0260,-11.8906,-44.2604,-12.0937,-41.7917,-11.6875
786316,Walls,"Interior - 4 7/8"" Partition (NR)",,CurveMidpt,,-30.4323,-4.4635,32.1667,-30.4323,-4.4635,-30.4323,-4.4635,-32.2344,-4.6667,-28.6302,-4.2604
786317,Walls,"Interior - 4 7/8"" Partition (NR)",,CurveMidpt,,-27.4948,-11.8906,32.1667,-27.4948,-11.8906,-27.4948,-11.8906,-28.7292,-12.0937,-26.2604,-11.6875
786318,Walls,"Interior - 4 7/8"" Partition (NR)",,CurveMidpt,,-32.2344,-9.9635,32.1667,-32.2344,-9.9635,-32.2344,-9.9635,-32.4375,-10.9583,-32.0313,-8.9687
786319,Walls,"Interior - 4 7/8"" Partition (NR)",,CurveMidpt,,-40.4740,-5.0365,32.1667,-40.4740,-5.0365,-40.4740,-5.0365,-41.7917,-5.2396,-39.1563,-4.8333
786320,Plumbing Fixtures,"48""x36"" - Private",39,Point,180.0000,-29.0313,-4.6667,32.1667,-29.0313,-4.6667,-29.0313,-4.6667,-32.0313,-8.6667,-29.0313,-4.6667
786321,Walls,"Interior - 4 7/8"" Partition (NR)",,CurveMidpt,,-27.4453,-1.9635,32.1667,-27.4453,-1.9635,-27.4453,-1.9635,-28.8333,-2.1667,-26.2604,-1.7604
786322,Specialty Equipment,"24""",,Point,90.0000,-41.4896,-3.5260,32.1667,-41.4896,-3.5260,-41.4896,-3.5260,-41.5019,-5.3511,-37.4896,-1.6409
786323,Specialty Equipment,Wheel Chair Circle,,Point,,-36.2188,-5.8802,32.1667,-36.2188,-5.8802,-36.2188,-5.8802,-38.7188,-8.3802,-33.7188,-3.3802
786324,Doors,"36"" x 84"" (Cores)",403A,Point,,-34.3750,-2.0625,32.1667,-34.3750,-2.0625,-34.3750,-2.0625,-36.0417,-5.3646,-32.7083,-1.7187
786325,Plumbing Fixtures,Toilet-Domestic-3D,40,Point,90.0000,-39.8249,-6.4896,32.1667,-39.8249,-6.4896,-39.8249,-6.4896,-41.4479,-7.3209,-38.3532,-5.6582
786326,Casework,"72""",,Point,,-41.4896,-10.6562,32.1667,-41.4896,-10.6562,-41.4896,-10.6562,-41.4896,-10.6562,-32.4375,-8.5729
786327,Generic Models,"18"" Deep",,CurveMidpt,,-30.4323,-4.2604,32.1667,-30.4323,-4.2604,-30.4323,-4.2604,-32.0313,-4.2604,-28.8333,-2.7604
786328,Plumbing Fixtures,"19"" x 19""",41,Point,180.0000,-33.9323,-9.3560,32.1667,-33.9323,-9.3560,-33.9323,-9.3560,-34.7240,-10.4271,-33.1406,-8.8437
786329,Plumbing Fixtures,"19"" x 19""",42,Point,180.0000,-36.6823,-9.3560,32.1667,-36.6823,-9.3560,-36.6823,-9.3560,-37.4740,-10.4271,-35.8906,-8.8437
786330,Casework,"72""",,Point,180.0000,-35.4375,-10.6562,32.1667,-35.4375,-10.6562,-35.4375,-10.6562,-38.4375,-10.6562,-32.4375,-7.4292
786331,Specialty Equipment,"54"" x 48""",,Point,,-35.4844,-10.9583,35.6667,-35.4844,-10.9583,-35.4844,-10.9583,-37.7344,-10.6562,-33.2344,-9.3588
786332,Specialty Equipment,Kitchenette - Medium,,Point,90.0000,-28.4271,-9.4990,32.1667,-28.4271,-9.4990,-28.4271,-9.4990,-28.5938,-11.6875,-23.7341,-3.2292
786333,Casework,"24"" Depth",,Point,90.0000,-28.4271,-11.6875,32.1250,-28.4271,-11.6875,-28.4271,-11.6875,-28.4271,-11.6875,-25.1180,-5.1875
786334,Specialty Equipment,"24"" x 25"" LH",,Point,90.0000,-27.4440,-4.2083,32.1667,-27.4440,-4.2083,-27.4440,-4.2083,-28.5938,-5.5457,-26.1588,-2.8109
786335,Specialty Equipment,"24"" x 24"" x 34""",,Point,90.0000,-28.4271,-6.1875,32.1667,-28.4271,-6.1875,-28.4271,-6.1875,-28.4331,-7.5249,-23.7341,-4.7901
786336,Plumbing Fixtures,"18"" x 18""",43,Point,90.0000,-27.3854,-8.3542,32.1250,-27.3854,-8.3542,-27.3854,-8.3542,-28.1354,-9.1042,-26.0733,-7.6042
786337,Specialty Equipment,"22"" x 20""",,Point,270.0000,-27.4063,-10.5625,35.1250,-27.4063,-10.5625,-27.4063,-10.5625,-28.3646,-11.6042,-26.4479,-9.5208
786338,Casework,"24"" Depth",,Point,270.0000,-42.0938,-2.1667,32.1667,-42.0938,-2.1667,-42.0938,-2.1667,-44.9341,-11.6875,-42.0938,-2.1667
786346,Casework,"24""W x 40""H",,Point,270.0000,-28.7292,-10.6875,36.6667,-28.7292,-10.6875,-28.7292,-10.6875,-28.4271,-11.6875,-26.4057,-9.6875
786347,Casework,"27""W x 28""H",,Point,270.0000,-28.7292,-8.5625,37.6667,-28.7292,-8.5625,-28.7292,-8.5625,-28.4271,-9.6875,-26.3084,-7.4375
786348,Casework,"24""W x 40""H",,Point,270.0000,-28.7292,-6.4375,36.6667,-28.7292,-6.4375,-28.7292,-6.4375,-28.4271,-7.4375,-26.4057,-5.4375
786349,Casework,"27""W x 28""H",,Point,270.0000,-28.6302,-4.3125,37.6667,-28.6302,-4.3125,-28.6302,-4.3125,-28.4271,-5.4375,-26.2094,-3.1875
786350,Specialty Equipment,"18"" x 48""",,Point,90.0000,-42.7698,-6.9362,32.1667,-42.7698,-6.9362,-42.7698,-6.9362,-44.7685,-6.5833,-42.0938,-2.2500
786352,Model Groups,Live_Work Core - Standard,,Point,,-49.7604,2.2865,32.1667,-49.7604,2.2865,-49.7604,2.2865,-45.4341,-12.6406,-23.2341,-1.1409
787101,Model Groups,Live_Work Core - Standard (members excluded),,Point,,3.5729,2.2865,18.8333,3.5729,2.2865,3.5729,2.2865,8.9271,-12.2396,27.2188,-1.6146
787108,Walls,"Interior - 4 7/8"" Partition (NR)",,CurveMidpt,,10.3073,-1.9635,32.1667,10.3073,-1.9635,10.3073,-1.9635,9.0729,-2.1667,11.5417,-1.7604
787109,Walls,"Interior - 7 1/4"" Partition (NR)",,CurveMidpt,,11.5417,-6.9766,32.1667,11.5417,-6.9766,11.5417,-6.9766,11.2396,-12.0937,11.8438,-2.0625
787110,Walls,"Interior - 4 7/8"" Partition (NR)",,CurveMidpt,,22.8516,-11.0573,32.1667,22.8516,-11.0573,22.8516,-11.0573,21.0990,-11.2604,24.6042,-10.8542
787111,Walls,"Interior - 4 7/8"" Partition (NR)",,CurveMidpt,,24.7031,-3.2135,32.1667,24.7031,-3.2135,24.7031,-3.2135,24.5000,-4.6667,24.9063,-1.9635
787112,Walls,"Interior - 4 7/8"" Partition (NR)",,CurveMidpt,,10.3073,-11.8906,32.1667,10.3073,-11.8906,10.3073,-11.8906,9.0729,-12.0937,11.5417,-11.6875
787114,Walls,"Interior - 4 7/8"" Partition (NR)",,CurveMidpt,,22.9010,-4.4635,32.1667,22.9010,-4.4635,22.9010,-4.4635,21.0990,-4.6667,24.7031,-4.2604
787115,Walls,"Interior - 4 7/8"" Partition (NR)",,CurveMidpt,,25.8385,-11.8906,32.1667,25.8385,-11.8906,25.8385,-11.8906,24.6042,-12.0938,27.0729,-11.6875
787116,Walls,"Interior - 4 7/8"" Partition (NR)",,CurveMidpt,,21.0990,-9.9635,32.1667,21.0990,-9.9635,21.0990,-9.9635,20.8958,-10.9583,21.3021,-8.9688
787117,Walls,"Interior - 4 7/8"" Partition (NR)",,CurveMidpt,,12.8594,-5.0365,32.1667,12.8594,-5.0365,12.8594,-5.0365,11.5417,-5.2396,14.1771,-4.8333
787118,Plumbing Fixtures,"48""x36"" - Private",59,Point,180.0000,24.3021,-4.6667,32.1667,24.3021,-4.6667,24.3021,-4.6667,21.3021,-8.6667,24.3021,-4.6667
787119,Walls,"Interior - 4 7/8"" Partition (NR)",,CurveMidpt,,25.8880,-1.9635,32.1667,25.8880,-1.9635,25.8880,-1.9635,24.5000,-2.1667,27.0729,-1.7604
787120,Specialty Equipment,"24""",,Point,90.0000,11.8438,-3.5260,32.1667,11.8438,-3.5260,11.8438,-3.5260,11.8314,-5.3511,15.8438,-1.6409
787121,Specialty Equipment,Wheel Chair Circle,,Point,,17.1146,-5.8802,32.1667,17.1146,-5.8802,17.1146,-5.8802,14.6146,-8.3802,19.6146,-3.3802
787122,Doors,"36"" x 84"" (Cores)",407B,Point,,18.9583,-2.0625,32.1667,18.9583,-2.0625,18.9583,-2.0625,17.2917,-5.3646,20.6250,-1.7187
787123,Plumbing Fixtures,Toilet-Domestic-3D,60,Point,90.0000,13.5084,-6.4896,32.1667,13.5084,-6.4896,13.5084,-6.4896,11.8854,-7.3209,14.9801,-5.6582
787124,Casework,"72""",,Point,,11.8438,-10.6562,32.1667,11.8438,-10.6562,11.8438,-10.6562,11.8438,-10.6563,20.8958,-8.5729
787125,Generic Models,"18"" Deep",,CurveMidpt,,22.9010,-4.2604,32.1667,22.9010,-4.2604,22.9010,-4.2604,21.3021,-4.2604,24.5000,-2.7604
787126,Plumbing Fixtures,"19"" x 19""",61,Point,180.0000,19.4010,-9.3560,32.1667,19.4010,-9.3560,19.4010,-9.3560,18.6094,-10.4271,20.1927,-8.8437
787127,Plumbing Fixtures,"19"" x 19""",62,Point,180.0000,16.6510,-9.3560,32.1667,16.6510,-9.3560,16.6510,-9.3560,15.8594,-10.4271,17.4427,-8.8437
787128,Casework,"72""",,Point,180.0000,17.8958,-10.6562,32.1667,17.8958,-10.6562,17.8958,-10.6562,14.8958,-10.6563,20.8958,-7.4292
787129,Specialty Equipment,"54"" x 48""",,Point,,17.8490,-10.9583,35.6667,17.8490,-10.9583,17.8490,-10.9583,15.5990,-10.6562,20.0990,-9.3588
787130,Specialty Equipment,Kitchenette - Medium,,Point,90.0000,24.9063,-9.4990,32.1667,24.9063,-9.4990,24.9063,-9.4990,24.7396,-11.6875,29.5993,-3.2292
787131,Casework,"24"" Depth",,Point,90.0000,24.9063,-11.6875,32.1250,24.9063,-11.6875,24.9063,-11.6875,24.9063,-11.6875,28.2154,-5.1875
787132,Specialty Equipment,"24"" x 25"" LH",,Point,90.0000,25.8894,-4.2083,32.1667,25.8894,-4.2083,25.8894,-4.2083,24.7396,-5.5457,27.1746,-2.8109
787133,Specialty Equipment,"24"" x 24"" x 34""",,Point,90.0000,24.9063,-6.1875,32.1667,24.9063,-6.1875,24.9063,-6.1875,24.9002,-7.5249,29.5993,-4.7901
787134,Plumbing Fixtures,"18"" x 18""",63,Point,90.0000,25.9479,-8.3542,32.1250,25.9479,-8.3542,25.9479,-8.3542,25.1979,-9.1042,27.2600,-7.6042
787135,Specialty Equipment,"22"" x 20""",,Point,270.0000,25.9271,-10.5625,35.1250,25.9271,-10.5625,25.9271,-10.5625,24.9687,-11.6042,26.8854,-9.5208
787136,Casework,"24"" Depth",,Point,270.0000,11.2396,-2.1667,32.1667,11.2396,-2.1667,11.2396,-2.1667,8.3992,-11.6875,11.2396,-2.1667
787144,Casework,"24""W x 40""H",,Point,270.0000,24.6042,-10.6875,36.6667,24.6042,-10.6875,24.6042,-10.6875,24.9063,-11.6875,26.9276,-9.6875
787145,Casework,"27""W x 28""H",,Point,270.0000,24.6042,-8.5625,37.6667,24.6042,-8.5625,24.6042,-8.5625,24.9063,-9.6875,27.0249,-7.4375
787146,Casework,"24""W x 40""H",,Point,270.0000,24.6042,-6.4375,36.6667,24.6042,-6.4375,24.6042,-6.4375,24.9063,-7.4375,26.9276,-5.4375
787147,Casework,"27""W x 28""H",,Point,270.0000,24.7031,-4.3125,37.6667,24.7031,-4.3125,24.7031,-4.3125,24.9063,-5.4375,27.1239,-3.1875
787148,Specialty Equipment,"18"" x 48""",,Point,90.0000,10.5636,-6.9362,32.1667,10.5636,-6.9362,10.5636,-6.9362,8.5648,-6.5833,11.2396,-2.2500
787150,Model Groups,Live_Work Core - Standard (members excluded),,Point,,3.5729,2.2865,32.1667,3.5729,2.2865,3.5729,2.2865,7.8992,-12.6406,30.0993,-1.1409
787230,Model Groups,Live_Work Core - Standard B,,Point,,40.9271,8.7135,18.8333,40.9271,8.7135,40.9271,8.7135,17.2813,12.6146,35.5729,23.3229
787237,Walls,"Interior - 4 7/8"" Partition (NR)",,CurveMidpt,,34.1927,12.9635,32.1667,34.1927,12.9635,34.1927,12.9635,32.9583,12.7604,35.4271,13.1667
787238,Walls,"Interior - 7 1/4"" Partition (NR)",,CurveMidpt,,32.9583,17.9766,32.1667,32.9583,17.9766,32.9583,17.9766,32.6563,13.0625,33.2604,23.0937
787239,Walls,"Interior - 4 7/8"" Partition (NR)",,CurveMidpt,,22.1693,22.0573,32.1667,22.1693,22.0573,22.1693,22.0573,19.8958,21.8542,24.6458,22.2604
787240,Walls,"Interior - 4 7/8"" Partition (NR)",,CurveMidpt,,19.7969,14.1146,32.1667,19.7969,14.1146,19.7969,14.1146,19.5938,12.9635,20.0000,15.4687
787241,Walls,"Interior - 4 7/8"" Partition (NR)",,CurveMidpt,,34.1927,22.8906,32.1667,34.1927,22.8906,34.1927,22.8906,32.9583,22.6875,35.4271,23.0937
787242,Walls,"Interior - 4 7/8"" Partition (NR)",,CurveMidpt,,23.4010,14.1641,32.1667,23.4010,14.1641,23.4010,14.1641,23.1979,13.0625,23.6042,15.4687
787243,Walls,"Interior - 4 7/8"" Partition (NR)",,CurveMidpt,,21.5990,15.2656,32.1667,21.5990,15.2656,21.5990,15.2656,19.7969,15.0625,23.4010,15.4687
787244,Walls,"Interior - 4 7/8"" Partition (NR)",,CurveMidpt,,18.6615,22.8906,32.1667,18.6615,22.8906,18.6615,22.8906,17.4271,22.6875,19.8958,23.0937
787245,Walls,"Chase - GWB & Metal Stud 2 1/4""",,CurveMidpt,,23.2917,19.2760,32.1667,23.2917,19.2760,23.2917,19.2760,23.1979,18.4792,23.3854,20.0729
787246,Walls,"Interior - 4 7/8"" Partition (NR)",,CurveMidpt,,31.6406,15.9635,32.1667,31.6406,15.9635,31.6406,15.9635,30.3229,15.7604,32.9583,16.1667
787247,Plumbing Fixtures,"48""x36"" - Private",69,Point,360.0000,20.1979,15.4687,32.1667,20.1979,15.4687,20.1979,15.4687,20.1979,15.4687,23.1979,19.4687
787248,Walls,"Interior - 4 7/8"" Partition (NR)",,CurveMidpt,,18.6120,12.9635,32.1667,18.6120,12.9635,18.6120,12.9635,17.4271,12.7604,20.0000,13.1667
787249,Specialty Equipment,"24""",,Point,270.0000,32.7083,14.5677,32.1667,32.7083,14.5677,32.7083,14.5677,28.7083,12.6826,32.7206,16.3928
787250,Specialty Equipment,Wheel Chair Circle,,Point,360.0000,27.5521,16.8802,32.1667,27.5521,16.8802,27.5521,16.8802,25.0521,14.3802,30.0521,19.3802
787251,Doors,"36"" x 84"" (Cores)",408A,Point,180.0000,25.5677,13.0625,32.1667,25.5677,13.0625,25.5677,13.0625,23.9010,12.7187,27.2344,16.3646
787252,Plumbing Fixtures,Toilet-Domestic-3D,70,Point,270.0000,31.0020,17.4167,32.1667,31.0020,17.4167,31.0020,17.4167,29.5303,16.5853,32.6250,18.2480
787254,Generic Models,"18"" Deep",,CurveMidpt,,21.5990,15.0625,32.1667,21.5990,15.0625,21.5990,15.0625,20.0000,13.5625,23.1979,15.0625
787258,Specialty Equipment,"54"" x 48""",,Point,180.0000,27.6927,21.9583,35.6667,27.6927,21.9583,27.6927,21.9583,25.4427,20.3588,29.9427,21.6562
787259,Specialty Equipment,Kitchenette - Medium,,Point,270.0000,19.5938,20.4990,32.1667,19.5938,20.4990,19.5938,20.4990,14.9007,14.2292,19.7604,22.6875
787260,Casework,"24"" Depth",,Point,270.0000,19.5938,22.6875,32.1250,19.5938,22.6875,19.5938,22.6875,16.2846,16.1875,19.5938,22.6875
787261,Specialty Equipment,"24"" x 25"" LH",,Point,270.0000,18.6106,15.2083,32.1667,18.6106,15.2083,18.6106,15.2083,17.3254,13.8109,19.7604,16.5457
787262,Specialty Equipment,"24"" x 24"" x 34""",,Point,270.0000,19.5938,17.1875,32.1667,19.5938,17.1875,19.5938,17.1875,14.9007,15.7901,19.5998,18.5249
787263,Plumbing Fixtures,"18"" x 18""",73,Point,270.0000,18.5521,19.3542,32.1250,18.5521,19.3542,18.5521,19.3542,17.2400,18.6042,19.3021,20.1042
787264,Specialty Equipment,"22"" x 20""",,Point,90.0000,18.5729,21.5625,35.1250,18.5729,21.5625,18.5729,21.5625,17.6146,20.5208,19.5313,22.6042
787265,Casework,"24"" Depth",,Point,90.0000,33.2604,13.1667,32.1667,33.2604,13.1667,33.2604,13.1667,33.2604,13.1667,36.1008,22.7604
787273,Casework,"24""W x 40""H",,Point,90.0000,19.8958,21.7240,36.6667,19.8958,21.7240,19.8958,21.7240,17.5724,20.7240,19.5938,22.7240
787274,Casework,"27""W x 28""H",,Point,90.0000,19.8958,19.5990,37.6667,19.8958,19.5990,19.8958,19.5990,17.4751,18.4740,19.5938,20.7240
787275,Casework,"24""W x 40""H",,Point,90.0000,19.8958,17.4740,36.6667,19.8958,17.4740,19.8958,17.4740,17.5724,16.4740,19.5938,18.4740
787276,Casework,"27""W x 28""H",,Point,90.0000,19.7969,15.3490,37.6667,19.7969,15.3490,19.7969,15.3490,17.3761,14.2240,19.5938,16.4740
787277,Specialty Equipment,"18"" x 48""",,Point,270.0000,33.9364,17.9362,32.1667,33.9364,17.9362,33.9364,17.9362,33.2604,13.2500,35.9352,17.5833
787279,Model Groups,Live_Work Core - Standard B,,Point,,40.9271,8.7135,32.1667,40.9271,8.7135,40.9271,8.7135,14.4007,12.1826,36.6008,23.6406
787839,Doors,"36"" x 84"" (60 MIN)",408C,Point,360.0000,21.7500,9.0052,32.1667,21.7500,9.0052,21.7500,9.0052,20.0833,8.7083,23.4167,12.2604
787840,Doors,"36"" x 84"" (60 MIN)",407A,Point,180.0000,28.8854,2.4948,32.1667,28.8854,2.4948,28.8854,2.4948,27.2187,-0.7604,30.5521,2.7917
787988,Doors,"36"" x 84"" (60 MIN)",409A,Point,180.0000,53.3229,2.4948,32.1667,53.3229,2.4948,53.3229,2.4948,51.6563,-0.7604,54.9896,2.7917
787989,Doors,"36"" x 84"" (60 MIN)",410A,Point,270.0000,56.1896,4.6875,32.1667,56.1896,4.6875,56.1896,4.6875,55.8927,3.0208,59.4448,6.3542
789451,Cameras,Cutaway - Stair 2,,BBoxCenter,,-42.4710,23.3387,37.1677,-42.4710,23.3387,-42.4710,23.3387,-43.0757,21.0582,-41.8663,25.6193
789582,Cameras,Cutaway - Stair 1,,BBoxCenter,,-81.8685,8.6715,43.1601,-81.8685,8.6715,-81.8685,8.6715,-121.2663,-8.6743,-42.4707,26.0173
806957,Doors,"36"" x 84"" (60 MIN)",404A,Point,360.0000,-24.4167,9.0052,32.1667,-24.4167,9.0052,-24.4167,9.0052,-26.0833,8.7083,-22.7500,12.2604
824575,Windows,"50"" x 60""",87,Point,,-30.5937,42.2240,35.1667,-30.5937,42.2240,-30.5937,42.2240,-32.9062,41.5938,-28.2812,43.6123
824639,Windows,"50"" x 60""",88,Point,,-13.9271,42.2240,35.1667,-13.9271,42.2240,-13.9271,42.2240,-16.2396,41.5938,-11.6146,43.6123
824851,Windows,"50"" x 60""",91,Point,,6.9063,42.2240,35.1667,6.9063,42.2240,6.9063,42.2240,4.5938,41.5938,9.2188,43.6123
824915,Windows,"50"" x 60""",92,Point,,36.0729,42.2240,35.1667,36.0729,42.2240,36.0729,42.2240,33.7604,41.5938,38.3854,43.6123
824953,Windows,"50"" x 60""",93,Point,,15.2396,42.2240,35.1667,15.2396,42.2240,15.2396,42.2240,12.9271,41.5938,17.5521,43.6123
825015,Windows,"50"" x 60""",94,Point,,27.7396,42.2240,35.1667,27.7396,42.2240,27.7396,42.2240,25.4271,41.5938,30.0521,43.6123
826376,Rooms,Stair S1,,Point,,-104.8534,21.9404,-5.9167,-104.8534,21.9404,-104.8534,21.9404,-109.0000,19.7083,-100.6250,41.7500
826593,Rooms,Stair S3,,Point,,46.3309,-0.3700,8.0833,46.3309,-0.3700,46.3309,-0.3700,41.7500,-19.6250,50.1250,1.8750
826600,Rooms,Stair S2,,Point,,-44.6959,21.6617,-3.4583,-44.6959,21.6617,-44.6959,21.6617,-48.7500,19.7083,-40.3750,42.7500
826702,Rooms,Elevator E1,,Point,,-95.4121,28.3550,-16.9167,-95.4121,28.3550,-95.4121,28.3550,-99.6250,26.0417,-91.2917,33.4583
826708,Rooms,Elevator E2,,Point,,-1.0178,22.1821,-3.4583,-1.0178,22.1821,-1.0178,22.1821,-5.2500,19.7083,3.0833,27.1250
826919,Shaft Openings,Opening Cut,,BBoxCenter,,-1.0833,23.8333,25.4583,-1.0833,23.8333,-1.0833,23.8333,-6.0833,19.7083,3.9167,27.9583
827539,Walls,"Core - Concrete 12""",,CurveMidpt,,50.6250,-8.8750,18.8333,50.6250,-8.8750,50.6250,-8.8750,50.1250,-20.1250,51.1250,2.3750
829896,Rooms,Office Unit 401,,Point,,-79.2783,17.4872,32.1667,-79.2783,17.4872,-79.2783,17.4872,-110.4479,-8.3063,-50.0104,41.6979
830675,Rooms,Two Story Studio Unit 406,,Point,,-8.0244,33.6620,32.1667,-8.0244,33.6620,-8.0244,33.6620,-19.7604,9.2604,3.0938,41.6979
830676,Rooms,Corridor 402,,Point,,-5.4596,5.6879,32.1667,-5.4596,5.6879,-5.4596,5.6879,-39.3646,2.7500,55.9344,18.6146
830678,Rooms,Live/Work Unit 403,,Point,,-34.5686,-19.1925,32.1667,-34.5686,-19.1925,-34.5686,-19.1925,-49.0313,-27.6229,-20.7396,2.2396
830680,Rooms,Studio Unit 404,,Point,,-34.5216,34.0970,32.1667,-34.5216,34.0970,-34.5216,34.0970,-39.1146,9.2604,-20.7396,41.6979
830682,Rooms,Live/Work Unit 407,,Point,,21.4069,-20.1716,32.1667,21.4069,-20.1716,21.4069,-20.1716,4.0729,-29.5208,40.7708,2.2396
830684,Rooms,Live/Work Unit 408,,Point,,21.2872,34.0970,32.1667,21.2872,34.0970,21.2872,34.0970,4.0729,9.2604,40.7604,41.6979
830686,Rooms,Live/Work Unit 409,,Point,,59.9623,-19.4205,32.1667,59.9623,-19.4205,59.9623,-19.4205,41.7500,-29.3981,70.5743,2.2396
830688,Rooms,Live/Work Unit 410,,Point,,53.6525,34.0970,32.1667,53.6525,34.0970,53.6525,34.0970,41.7396,2.7500,66.4878,41.6979
836614,Windows,"50"" x 60""",148,Point,,-74.9167,42.2240,35.1667,-74.9167,42.2240,-74.9167,42.2240,-77.2292,41.5938,-72.6042,43.6123
836621,Windows,"50"" x 60""",149,Point,,-62.4167,42.2240,35.1667,-62.4167,42.2240,-62.4167,42.2240,-64.7292,41.5938,-60.1042,43.6123
837982,Walls,"Interior - 4 7/8"" Partition (NR)",,CurveMidpt,,-15.4010,-1.9635,32.1667,-15.4010,-1.9635,-15.4010,-1.9635,-16.5937,-2.1667,-14.2083,-1.7604
837984,Walls,"Interior - 7 1/4"" Partition (NR)",,CurveMidpt,,-10.0443,-10.9583,32.1667,-10.0443,-10.9583,-10.0443,-10.9583,-14.2083,-11.2604,-5.8802,-10.6562
837985,Walls,"Interior - 4 7/8"" Partition (NR)",,CurveMidpt,,-2.2760,-3.2135,32.1667,-2.2760,-3.2135,-2.2760,-3.2135,-2.4792,-4.4635,-2.0729,-1.9635
837987,Walls,"Interior - 4 7/8"" Partition (NR)",,CurveMidpt,,-5.8802,-6.5599,32.1667,-5.8802,-6.5599,-5.8802,-6.5599,-6.0833,-11.0573,-5.6771,-2.0625
837988,Walls,"Interior - 4 7/8"" Partition (NR)",,CurveMidpt,,-4.1276,-4.4635,32.1667,-4.1276,-4.4635,-4.1276,-4.4635,-5.8802,-4.6667,-2.0729,-4.2604
837989,Walls,"Interior - 4 7/8"" Partition (NR)",,CurveMidpt,,-1.1406,-11.8906,32.1667,-1.1406,-11.8906,-1.1406,-11.8906,-2.3750,-12.0938,0.0938,-11.6875
837992,Plumbing Fixtures,"48""x36"" - Private",158,Point,180.0000,-2.6771,-4.6667,32.1667,-2.6771,-4.6667,-2.6771,-4.6667,-5.6771,-8.6667,-2.6771,-4.6667
837993,Walls,"Interior - 4 7/8"" Partition (NR)",,CurveMidpt,,-1.0911,-1.9635,32.1667,-1.0911,-1.9635,-1.0911,-1.9635,-2.4792,-2.1667,0.0938,-1.7604
837995,Specialty Equipment,Wheel Chair Circle,,Point,,-8.9635,-6.1094,32.1667,-8.9635,-6.1094,-8.9635,-6.1094,-11.4635,-8.6094,-6.4635,-3.6094
837996,Doors,"36"" x 84"" (Cores)",405A,Point,,-8.0208,-2.0625,32.1667,-8.0208,-2.0625,-8.0208,-2.0625,-9.6875,-5.3646,-6.3542,-1.7187
837998,Casework,"72""",,Point,,-13.9062,-10.6562,32.1667,-13.9062,-10.6562,-13.9062,-10.6562,-13.9062,-10.6562,-6.0833,-8.5729
837999,Generic Models,"18"" Deep",,CurveMidpt,,-4.0599,-4.2604,32.1667,-4.0599,-4.2604,-4.0599,-4.2604,-5.6406,-4.2604,-2.4792,-2.7604
838000,Plumbing Fixtures,"19"" x 19""",160,Point,180.0000,-7.5833,-9.3352,32.1667,-7.5833,-9.3352,-7.5833,-9.3352,-8.3750,-10.4062,-6.7917,-8.8229
838001,Plumbing Fixtures,"19"" x 19""",161,Point,180.0000,-10.3333,-9.3352,32.1667,-10.3333,-9.3352,-10.3333,-9.3352,-11.1250,-10.4062,-9.5417,-8.8229
838002,Casework,"72""",,Point,180.0000,-9.0833,-10.6562,32.1667,-9.0833,-10.6562,-9.0833,-10.6562,-12.0833,-10.6562,-6.0833,-7.4292
838003,Specialty Equipment,"54"" x 48""",,Point,,-9.1302,-10.9583,35.6667,-9.1302,-10.9583,-9.1302,-10.9583,-11.3802,-10.6562,-6.8802,-9.3588
838004,Specialty Equipment,Kitchenette - Medium,,Point,90.0000,-2.0729,-9.4990,32.1667,-2.0729,-9.4990,-2.0729,-9.4990,-2.2396,-11.6875,2.6201,-3.2292
838005,Casework,"24"" Depth",,Point,90.0000,-2.0729,-11.6875,32.1250,-2.0729,-11.6875,-2.0729,-11.6875,-2.0729,-11.6875,1.2362,-5.1875
838006,Specialty Equipment,"24"" x 25"" LH",,Point,90.0000,-1.0898,-4.2083,32.1667,-1.0898,-4.2083,-1.0898,-4.2083,-2.2396,-5.5457,0.1954,-2.8109
838007,Specialty Equipment,"24"" x 24"" x 34""",,Point,90.0000,-2.0729,-6.1875,32.1667,-2.0729,-6.1875,-2.0729,-6.1875,-2.0789,-7.5249,2.6201,-4.7901
838008,Plumbing Fixtures,"18"" x 18""",162,Point,90.0000,-1.0312,-8.3542,32.1250,-1.0312,-8.3542,-1.0312,-8.3542,-1.7812,-9.1042,0.2808,-7.6042
838009,Specialty Equipment,"22"" x 20""",,Point,270.0000,-1.0521,-10.5625,35.1250,-1.0521,-10.5625,-1.0521,-10.5625,-2.0104,-11.6042,-0.0938,-9.5208
838018,Casework,"24""W x 40""H",,Point,270.0000,-2.3750,-10.6875,36.6667,-2.3750,-10.6875,-2.3750,-10.6875,-2.0729,-11.6875,-0.0515,-9.6875
838019,Casework,"27""W x 28""H",,Point,270.0000,-2.3750,-8.6875,37.6667,-2.3750,-8.6875,-2.3750,-8.6875,-2.0729,-9.8125,0.0458,-7.5625
838020,Casework,"24""W x 40""H",,Point,270.0000,-2.3750,-6.5625,36.6667,-2.3750,-6.5625,-2.3750,-6.5625,-2.0729,-7.5625,-0.0515,-5.5625
838021,Casework,"27""W x 28""H",,Point,270.0000,-2.3750,-4.4375,37.6667,-2.3750,-4.4375,-2.3750,-4.4375,-2.0729,-5.5625,0.0458,-3.3125
838024,Model Groups,Live_Work Core - Standard (Narrow),,Point,,-23.2708,2.2865,32.1667,-23.2708,2.2865,-23.2708,2.2865,-17.8508,-12.6406,3.1201,-1.1826
838392,Walls,"Interior - 7 1/4"" Partition (NR)",,CurveMidpt,,-14.2083,-6.9766,32.1667,-14.2083,-6.9766,-14.2083,-6.9766,-14.5104,-12.0937,-13.9062,-2.0625
838393,Walls,"Interior - 4 7/8"" Partition (NR)",,CurveMidpt,,-15.4010,-11.8906,32.1667,-15.4010,-11.8906,-15.4010,-11.8906,-16.5937,-12.0937,-14.2083,-11.6875
838394,Walls,"Interior - 4 7/8"" Partition (NR)",,CurveMidpt,,-12.8073,-5.0365,32.1667,-12.8073,-5.0365,-12.8073,-5.0365,-14.2083,-5.2396,-11.4062,-4.8333
838395,Specialty Equipment,"24""",,Point,90.0000,-14.0104,-3.5677,32.1667,-14.0104,-3.5677,-14.0104,-3.5677,-14.0227,-5.3928,-10.0104,-1.6826
838396,Plumbing Fixtures,Toilet-Domestic-3D,163,Point,90.0000,-12.2832,-6.7396,32.1667,-12.2832,-6.7396,-12.2832,-6.7396,-13.9062,-7.5709,-10.8115,-5.9082
838397,Casework,"24"" Depth",,Point,270.0000,-14.5104,-2.1667,32.1667,-14.5104,-2.1667,-14.5104,-2.1667,-17.3508,-11.6875,-14.5104,-2.1667
838405,Specialty Equipment,"18"" x 48""",,Point,90.0000,-15.1864,-6.9362,32.1667,-15.1864,-6.9362,-15.1864,-6.9362,-17.1852,-6.5833,-14.5104,-2.2500
838740,Doors,"36"" x 84"" (60 MIN)",403B,Point,180.0000,-29.1563,2.4948,32.1667,-29.1563,2.4948,-29.1563,2.4948,-30.8229,-0.7604,-27.4896,2.7917
838794,Doors,"36"" x 84"" (60 MIN)",405B,Point,180.0000,-3.9375,2.4948,32.1667,-3.9375,2.4948,-3.9375,2.4948,-5.6042,-0.7604,-2.2708,2.7917
841150,Rooms,Live/Work Loft Unit 405,,Point,,-8.1046,-19.7529,32.1667,-8.1046,-19.7529,-8.1046,-19.7529,-19.7604,-29.5625,3.0938,2.2396
850641,Cameras,At Ramp,,BBoxCenter,,66.1324,-53.6592,3.3187,66.1324,-53.6592,66.1324,-53.6592,-12.0082,-133.0302,144.2729,25.7118
851665,Cameras,Loft Unit,,BBoxCenter,,-28.5464,13.3330,37.1183,-28.5464,13.3330,-28.5464,13.3330,-91.8648,-30.2202,34.7720,56.8862
851719,Cameras,Residential Lobby,,BBoxCenter,,-52.2825,38.0241,29.1767,-52.2825,38.0241,-52.2825,38.0241,-117.5981,-28.4715,13.0330,104.5197
851733,Cameras,Spiral Stair Loft,,BBoxCenter,,-15.7810,45.4487,35.7366,-15.7810,45.4487,-15.7810,45.4487,-45.2706,11.2671,13.7086,79.6304
853376,Cameras,3D Solar Study,,BBoxCenter,,-2024.5419,-819.6914,1402.3477,-2024.5419,-819.6914,-2024.5419,-819.6914,-4665.9831,-2436.6592,616.8993,797.2763
854986,Elevations,Elevation 4,,BBoxCenter,,-30.8760,62.8284,0.0000,-30.8760,62.8284,-30.8760,62.8284,-34.0000,59.8284,-27.7519,65.8284
854987,Views,North,,BBoxCenter,,-30.0000,62.4142,0.0000,-30.0000,62.4142,-30.0000,62.4142,-32.8284,61.0000,-27.1716,63.8284
855056,Elevations,Elevation 2,,BBoxCenter,,-30.8835,-48.8284,0.0000,-30.8835,-48.8284,-30.8835,-48.8284,-34.0000,-51.8284,-27.7669,-45.8284
855057,Views,South,,BBoxCenter,,-30.0000,-46.4142,0.0000,-30.0000,-46.4142,-30.0000,-46.4142,-32.8284,-47.8284,-27.1716,-45.0000
881711,Doors,"36"" x 84"" (180 MIN)",S24,Point,360.0000,-42.5417,19.2083,32.1667,-42.5417,19.2083,-42.5417,19.2083,-44.2083,18.6667,-40.8125,22.6250
881724,Walls,"Core - Concrete 12""",,CurveMidpt,,-39.8750,30.7083,8.0833,-39.8750,30.7083,-39.8750,30.7083,-40.3750,19.2083,-39.3750,42.2083
881793,Railings,_IBC-Pipe-Plate Stringer (Extension None),,BBoxCenter,,-44.5625,25.5229,34.1602,-44.5625,25.5229,-44.5625,25.5229,-45.3021,24.0874,-43.8229,26.9583
881798,Top Rails,"_IBC-Circular - 1 1/2"" (Extension None)",,BBoxCenter,,-44.5625,25.6062,35.4375,-44.5625,25.6062,-44.5625,25.6062,-45.1146,24.2749,-44.0104,26.9375
881813,Handrails,"_IBC-Bottom Rail Circular - 1 1/2""",,BBoxCenter,,-44.5625,25.6062,32.8828,-44.5625,25.6062,-44.5625,25.6062,-45.1146,24.2749,-44.0104,26.9375
881828,Handrails,"_IBC-Handrail Circular - 1 1/2"" (Extension None)",,BBoxCenter,,-44.5625,25.5124,34.9375,-44.5625,25.5124,-44.5625,25.5124,-45.3021,24.0874,-43.8229,26.9375
881843,Supports,"2'-8"" Picket",,Point,90.0000,-44.0729,26.9375,32.8203,-44.0729,26.9375,-44.0729,26.9375,-44.0938,26.9167,-44.0521,26.9583
881844,Supports,"2'-8"" Picket",,Point,90.0000,-44.0729,26.6142,32.8203,-44.0729,26.6142,-44.0729,26.6142,-44.0938,26.5934,-44.0521,26.6350
881845,Supports,"2'-8"" Picket",,Point,90.0000,-44.0729,26.2909,32.8203,-44.0729,26.2909,-44.0729,26.2909,-44.0938,26.2700,-44.0521,26.3117
881846,Supports,"2'-8"" Picket",,Point,90.0000,-44.0729,25.9676,32.8203,-44.0729,25.9676,-44.0729,25.9676,-44.0938,25.9467,-44.0521,25.9884
881847,Supports,"2'-8"" Picket",,Point,90.0000,-44.0729,25.6443,32.8203,-44.0729,25.6443,-44.0729,25.6443,-44.0938,25.6234,-44.0521,25.6651
881848,Supports,"2'-8"" Picket",,Point,90.0000,-44.0729,25.3210,32.8203,-44.0729,25.3210,-44.0729,25.3210,-44.0938,25.3001,-44.0521,25.3418
881849,Supports,"2'-8"" Picket",,Point,90.0000,-44.0729,24.9976,32.8203,-44.0729,24.9976,-44.0729,24.9976,-44.0938,24.9768,-44.0521,25.0185
881850,Supports,"2'-8"" Picket",,Point,90.0000,-44.0729,24.6743,32.8203,-44.0729,24.6743,-44.0729,24.6743,-44.0938,24.6535,-44.0521,24.6952
881851,Supports,"2'-8"" Picket",,Point,37.3977,-44.1384,24.3716,32.8203,-44.1384,24.3716,-44.1384,24.3716,-44.1676,24.3424,-44.1092,24.4008
881853,Supports,"2'-8"" Picket",,Point,360.0000,-44.4541,24.3374,32.8203,-44.4541,24.3374,-44.4541,24.3374,-44.4749,24.3165,-44.4333,24.3582
882249,Multistory Stairs,Multistory Stairs,,BBoxCenter,,-44.5625,34.1146,32.4167,-44.5625,34.1146,-44.5625,34.1146,-49.2500,25.7708,-39.8750,42.4583
882250,Stairs,Stair,,BBoxCenter,,-44.5625,34.1146,32.1667,-44.5625,34.1146,-44.5625,34.1146,-48.7500,26.2708,-40.3750,41.9583
882251,Runs,"1/4"" Tread 1"" Nosing 1/4"" Riser",,BBoxCenter,,-46.8958,31.8246,25.5000,-46.8958,31.8246,-46.8958,31.8246,-48.7292,26.2708,-45.0625,37.3784
882253,Supports,"_Stringer - 1/4"" Plate",,BBoxCenter,,-48.7396,31.8893,25.5000,-48.7396,31.8893,-48.7396,31.8893,-48.7500,26.2708,-48.7292,37.5078
882254,Supports,"_Stringer - 1/4"" Plate",,BBoxCenter,,-45.0521,31.8893,25.5000,-45.0521,31.8893,-45.0521,31.8893,-45.0625,26.2708,-45.0417,37.5078
882255,Runs,"1/4"" Tread 1"" Nosing 1/4"" Riser",,BBoxCenter,,-42.2292,31.7171,25.5000,-42.2292,31.7171,-42.2292,31.7171,-44.0625,27.0800,-40.3958,36.3542
882257,Landings,Non-Monolithic Landing,,BBoxCenter,,-44.5625,39.0921,25.5000,-44.5625,39.0921,-44.5625,39.0921,-48.7292,36.2466,-40.3958,41.9375
882259,Supports,"_Stringer - 1/4"" Plate",,BBoxCenter,,-40.3854,32.2504,25.6274,-40.3854,32.2504,-40.3854,32.2504,-40.3958,27.1875,-40.3750,37.3132
882260,Supports,"_Stringer - 1/4"" Plate",,BBoxCenter,,-44.0729,32.2504,25.6274,-44.0729,32.2504,-44.0729,32.2504,-44.0833,27.1875,-44.0625,37.3132
882261,Supports,"_Stringer - 1/4"" Plate",,BBoxCenter,,-40.3854,39.1563,25.5000,-40.3854,39.1563,-40.3854,39.1563,-40.3958,36.3542,-40.3750,41.9583
882262,Supports,"_Stringer - 1/4"" Plate",,BBoxCenter,,-44.5625,41.9479,25.5000,-44.5625,41.9479,-44.5625,41.9479,-48.7500,41.9375,-40.3750,41.9583
882263,Supports,"_Stringer - 1/4"" Plate",,BBoxCenter,,-48.7396,39.5934,25.5000,-48.7396,39.5934,-48.7396,39.5934,-48.7500,37.2285,-48.7292,41.9583
882264,Supports,"_Stringer - 1/4"" Plate",,BBoxCenter,,-45.0521,37.7496,25.5000,-45.0521,37.7496,-45.0521,37.7496,-45.0625,37.2285,-45.0417,38.2708
882265,Supports,"_Stringer - 1/4"" Plate",,BBoxCenter,,-44.5625,38.2604,25.5000,-44.5625,38.2604,-44.5625,38.2604,-45.0625,38.2500,-44.0625,38.2708
882266,Supports,"_Stringer - 1/4"" Plate",,BBoxCenter,,-44.0729,37.3125,25.5000,-44.0729,37.3125,-44.0729,37.3125,-44.0833,36.3542,-44.0625,38.2708
882267,Railings,_IBC-Pipe-Plate Stringer (Extension None),,BBoxCenter,,-44.5625,31.7969,34.4935,-44.5625,31.7969,-44.5625,31.7969,-45.3021,25.0833,-43.8229,38.5104
882271,Railings,Pipe-Wall Mount,,BBoxCenter,,-48.7396,31.3125,35.3958,-48.7396,31.3125,-48.7396,31.3125,-49.4756,24.1042,-48.0035,38.5208
882285,Top Rails,"_IBC-Circular - 1 1/2"" (Extension None)",,BBoxCenter,,-44.5625,31.7135,32.3699,-44.5625,31.7135,-44.5625,31.7135,-45.1146,25.1042,-44.0104,38.3229
882304,Handrails,"_IBC-Bottom Rail Circular - 1 1/2""",,BBoxCenter,,-44.5625,31.7031,29.8152,-44.5625,31.7031,-44.5625,31.7031,-45.1146,25.0833,-44.0104,38.3229
882323,Handrails,"_IBC-Handrail Circular - 1 1/2"" (Extension None)",,BBoxCenter,,-44.5625,31.8073,31.8699,-44.5625,31.8073,-44.5625,31.8073,-45.3021,25.1042,-43.8229,38.5104
882576,Floors,Stair Landing Steel Plate,,BBoxCenter,,-44.5625,23.4583,32.1562,-44.5625,23.4583,-44.5625,23.4583,-48.7292,19.7292,-40.3958,27.1875
882585,Slab Edges,_Stair Landing Plate Stringer,,BBoxCenter,,-43.0729,23.4919,33.2917,-43.0729,23.4919,-43.0729,23.4919,-48.7500,19.7083,-37.3958,27.2755
882593,Supports,"2'-8"" Picket",,Point,360.0000,-44.7774,24.3374,32.8203,-44.7774,24.3374,-44.7774,24.3374,-44.7983,24.3165,-44.7566,24.3582
882800,Walls,"Core - Concrete 12""",,CurveMidpt,,-44.8776,19.2083,-3.4583,-44.8776,19.2083,-44.8776,19.2083,-49.8802,18.7083,-39.3750,19.7083
887288,Walls,"Interior - 6 1/8"" Partition (2-hr)",,CurveMidpt,,6.3776,13.5417,-3.4583,6.3776,13.5417,6.3776,13.5417,3.5833,13.2865,9.4271,13.7969
887308,Walls,"Interior - 6 1/8"" Partition (2-hr)",,CurveMidpt,,9.1719,18.5000,-3.4583,9.1719,18.5000,9.1719,18.5000,8.9167,13.5417,9.4271,23.7135
887939,Walls,"Interior - 6 1/8"" Partition (2-hr)",,CurveMidpt,,6.5833,20.2083,-3.4583,6.5833,20.2083,6.5833,20.2083,3.9167,19.9531,9.1719,20.4635
888013,Walls,"Interior - 6 1/8"" Partition (2-hr)",,CurveMidpt,,6.3359,23.4583,-3.4583,6.3359,23.4583,6.3359,23.4583,3.5000,23.2031,9.1719,23.7135
888596,Doors,"36"" x 84"" (45 MIN)",402A,Point,270.0000,3.5833,16.0417,32.1667,3.5833,16.0417,3.5833,16.0417,3.0521,14.3125,6.9896,17.7083
901063,Walls,"Interior - 7 1/4"" Partition (NR)",,CurveMidpt,,-45.6406,13.7656,32.1667,-45.6406,13.7656,-45.6406,13.7656,-45.9427,8.7500,-45.3385,18.5781
901064,Walls,"Interior - 4 7/8"" Partition (NR)",,CurveMidpt,,-47.5807,8.9531,32.1667,-47.5807,8.9531,-47.5807,8.9531,-49.5208,8.7500,-45.6406,9.1563
903661,Specialty Equipment,Trash Chute,,Point,,5.9167,19.9583,0.0000,5.9167,19.9583,5.9167,19.9583,4.7500,19.9167,7.0833,22.9583
903725,Shaft Openings,Opening Cut,,BBoxCenter,,5.9167,21.7917,32.1667,5.9167,21.7917,5.9167,21.7917,5.1801,21.0551,6.6532,22.5282
906880,Walls,"Interior - 7 1/4"" Partition (NR)",,CurveMidpt,,57.6875,-2.5859,32.1667,57.6875,-2.5859,57.6875,-2.5859,57.3854,-7.6667,57.9896,2.4948
906881,Casework,"48""",,Point,90.0000,57.9896,-1.4063,32.1667,57.9896,-1.4063,57.9896,-1.4063,57.9896,-3.4063,61.2166,0.5937
906882,Specialty Equipment,"36"" x 48""",,Point,270.0000,57.6875,-1.3958,35.6667,57.6875,-1.3958,57.6875,-1.3958,57.9896,-2.8958,59.2870,0.1042
906892,Walls,"Interior - 7 1/4"" Partition (NR)",,CurveMidpt,,62.2250,-7.6667,32.1667,62.2250,-7.6667,62.2250,-7.6667,55.3854,-7.9688,68.8615,-7.3646
906893,Walls,"Interior - 4 7/8"" Partition (NR)",,CurveMidpt,,55.5885,-8.9844,32.1667,55.5885,-8.9844,55.5885,-8.9844,55.3854,-10.3021,55.7917,-7.6667
906894,Casework,"24""W x 40""H",,Point,180.0000,56.7917,-7.6667,36.6667,56.7917,-7.6667,56.7917,-7.6667,55.7917,-9.9901,57.7917,-7.9688
906895,Casework,"27""W x 28""H",,Point,180.0000,58.9167,-7.6667,37.6667,58.9167,-7.6667,58.9167,-7.6667,57.7917,-10.0874,60.0417,-7.9688
906896,Casework,"24""W x 40""H",,Point,180.0000,61.0417,-7.6667,36.6667,61.0417,-7.6667,61.0417,-7.6667,60.0417,-9.9901,62.0417,-7.9688
906897,Casework,"27""W x 28""H",,Point,180.0000,63.1667,-7.6667,37.6667,63.1667,-7.6667,63.1667,-7.6667,62.0417,-10.0874,64.2917,-7.9688
906898,Casework,"24"" Depth",,Point,270.0000,57.9896,2.2396,32.1667,57.9896,2.2396,57.9896,2.2396,57.9896,-3.4063,61.1200,2.2396
906899,Plumbing Fixtures,"19"" x 19""",186,Point,90.0000,59.3107,-1.4063,32.1667,59.3107,-1.4063,59.3107,-1.4063,58.2396,-2.1979,59.8229,-0.6146
906900,Doors,"36"" x 84"" (Cores)",409B,Point,270.0000,57.6875,-5.4271,32.1667,57.6875,-5.4271,57.6875,-5.4271,57.3437,-7.0938,60.9896,-3.7604
906901,Plumbing Fixtures,"36""x36"" - Private",187,Point,180.0000,67.3385,-1.4271,32.1667,67.3385,-1.4271,67.3385,-1.4271,64.3385,-4.4271,67.3385,-1.4271
906902,Plumbing Fixtures,Toilet-Domestic-3D,188,Point,270.0000,66.2155,-6.1146,32.1667,66.2155,-6.1146,66.2155,-6.1146,64.7438,-6.9459,67.8385,-5.2832
906903,Walls,"Interior - 4 7/8"" Partition (NR)",,CurveMidpt,,66.2135,-4.6302,32.1667,66.2135,-4.6302,66.2135,-4.6302,64.3385,-4.8333,68.0885,-4.4271
906904,Walls,"Interior - 4 7/8"" Partition (NR)",,CurveMidpt,,66.1759,-1.2240,32.1667,66.1759,-1.2240,66.1759,-1.2240,64.3385,-1.4271,68.0133,-1.0208
906905,Specialty Equipment,"24""",,Point,270.0000,67.1302,0.2500,32.1667,67.1302,0.2500,67.1302,0.2500,63.1302,-1.6352,67.1425,2.0751
906906,Generic Models,"18"" Deep",,CurveMidpt,,57.3854,0.0052,32.1667,57.3854,0.0052,57.3854,0.0052,55.8854,-2.2292,57.3854,2.2396
906907,Walls,"Interior - 7 1/4"" Partition (NR)",,CurveMidpt,,56.6380,-2.5313,32.1667,56.6380,-2.5313,56.6380,-2.5313,55.3854,-2.8333,57.6875,-2.2292
906908,Specialty Equipment,Kitchenette - Medium,,Point,360.0000,57.9802,-7.9688,32.1667,57.9802,-7.9688,57.9802,-7.9688,55.7917,-12.6618,64.2500,-7.8021
906909,Casework,"24"" Depth",,Point,360.0000,55.7917,-7.9688,32.1250,55.7917,-7.9688,55.7917,-7.9688,55.7917,-11.2779,62.2917,-7.9688
906910,Specialty Equipment,"24"" x 25"" LH",,Point,360.0000,63.2708,-8.9519,32.1667,63.2708,-8.9519,63.2708,-8.9519,61.9335,-10.2371,64.6683,-7.8021
906911,Specialty Equipment,"24"" x 24"" x 34""",,Point,360.0000,61.2917,-7.9688,32.1667,61.2917,-7.9688,61.2917,-7.9688,59.9543,-12.6618,62.6891,-7.9627
906912,Plumbing Fixtures,"18"" x 18""",189,Point,360.0000,59.1250,-9.0104,32.1250,59.1250,-9.0104,59.1250,-9.0104,58.3750,-10.3225,59.8750,-8.2604
906913,Specialty Equipment,"22"" x 20""",,Point,180.0000,56.9167,-8.9896,35.1250,56.9167,-8.9896,56.9167,-8.9896,55.8750,-9.9479,57.9583,-8.0312
906914,Casework,"30""",,Point,360.0000,66.0271,-7.9688,32.1667,66.0271,-7.9688,66.0271,-7.9688,64.8385,-10.7209,67.3385,-7.9688
907743,Model Groups,Live_Work Core - SE,,Point,,62.0214,-4.7215,32.1667,62.0214,-4.7215,62.0214,-4.7215,54.8854,-13.1618,69.3615,2.9948
908358,Walls,"Interior - 7 1/4"" Partition (NR)",,CurveMidpt,,50.9583,11.1901,32.1667,50.9583,11.1901,50.9583,11.1901,50.6562,9.0052,51.2604,13.3750
908359,Casework,"48""",,Point,270.0000,50.6667,12.2396,32.1667,50.6667,12.2396,50.6667,12.2396,47.4396,10.2396,50.6667,14.2396
908360,Specialty Equipment,"36"" x 48""",,Point,90.0000,50.9583,12.2396,35.6667,50.9583,12.2396,50.9583,12.2396,49.3588,10.7396,50.6562,13.7396
908369,Model Groups,Live_Work Core - Studio,,Point,,41.2813,9.2500,32.1667,41.2813,9.2500,41.2813,9.2500,40.7500,8.1853,54.2031,24.0576
908371,Walls,"Interior - 7 1/4"" Partition (NR)",,CurveMidpt,,47.3516,18.5625,32.1667,47.3516,18.5625,47.3516,18.5625,41.2500,18.2604,53.6563,18.8646
908372,Walls,"Interior - 4 7/8"" Partition (NR)",,CurveMidpt,,53.4531,19.9115,32.1667,53.4531,19.9115,53.4531,19.9115,53.2500,18.5625,53.6563,21.2604
908373,Casework,"24""W x 40""H",,Point,360.0000,52.2500,18.5625,36.6667,52.2500,18.5625,52.2500,18.5625,51.2500,18.8646,53.2500,20.8860
908374,Casework,"27""W x 28""H",,Point,360.0000,50.1250,18.5625,37.6667,50.1250,18.5625,50.1250,18.5625,49.0000,18.8646,51.2500,20.9833
908375,Casework,"24""W x 40""H",,Point,360.0000,48.0000,18.5625,36.6667,48.0000,18.5625,48.0000,18.5625,47.0000,18.8646,49.0000,20.8860
908376,Casework,"27""W x 28""H",,Point,360.0000,45.8750,18.5625,37.6667,45.8750,18.5625,45.8750,18.5625,44.7500,18.8646,47.0000,20.9833
908377,Casework,"24"" Depth",,Point,90.0000,50.6667,9.2604,32.1667,50.6667,9.2604,50.6667,9.2604,47.5363,9.2604,50.6667,14.2604
908378,Plumbing Fixtures,"19"" x 19""",136,Point,270.0000,49.3456,12.2396,32.1667,49.3456,12.2396,49.3456,12.2396,48.8333,11.4479,50.4167,13.0312
908379,Doors,"36"" x 84"" (Cores)",410B,Point,90.0000,50.9583,16.3229,32.1667,50.9583,16.3229,50.9583,16.3229,47.6562,14.6562,51.3021,17.9896
908380,Plumbing Fixtures,"36""x36"" - Private",149,Point,360.0000,41.7396,12.2604,32.1667,41.7396,12.2604,41.7396,12.2604,41.7396,12.2604,44.7396,15.2604
908381,Plumbing Fixtures,Toilet-Domestic-3D,150,Point,90.0000,43.4043,16.9479,32.1667,43.4043,16.9479,43.4043,16.9479,41.7812,16.1166,44.8760,17.7793
908382,Walls,"Interior - 4 7/8"" Partition (NR)",,CurveMidpt,,42.9948,15.4635,32.1667,42.9948,15.4635,42.9948,15.4635,41.2500,15.2604,44.7396,15.6667
908383,Walls,"Interior - 4 7/8"" Partition (NR)",,CurveMidpt,,42.9948,12.0573,32.1667,42.9948,12.0573,42.9948,12.0573,41.2500,11.8542,44.7396,12.2604
908384,Specialty Equipment,"24""",,Point,90.0000,41.7396,10.5104,32.1667,41.7396,10.5104,41.7396,10.5104,41.7273,8.6853,45.7396,12.3956
908385,Generic Models,"18"" Deep",,CurveMidpt,,51.2604,11.1667,32.1667,51.2604,11.1667,51.2604,11.1667,51.2604,9.2604,52.7604,13.0729
908387,Specialty Equipment,Kitchenette - Medium,,Point,180.0000,51.0615,18.8646,32.1667,51.0615,18.8646,51.0615,18.8646,44.7917,18.6979,53.2500,23.5576
908388,Casework,"24"" Depth",,Point,180.0000,53.2500,18.8646,32.1250,53.2500,18.8646,53.2500,18.8646,46.7500,18.8646,53.2500,22.1737
908389,Specialty Equipment,"24"" x 25"" LH",,Point,180.0000,45.7708,19.8477,32.1667,45.7708,19.8477,45.7708,19.8477,44.3734,18.6979,47.1082,21.1329
908390,Specialty Equipment,"24"" x 24"" x 34""",,Point,180.0000,47.7500,18.8646,32.1667,47.7500,18.8646,47.7500,18.8646,46.3526,18.8586,49.0874,23.5576
908391,Plumbing Fixtures,"18"" x 18""",151,Point,180.0000,49.9167,19.9062,32.1250,49.9167,19.9062,49.9167,19.9062,49.1667,19.1562,50.6667,21.2183
908392,Specialty Equipment,"22"" x 20""",,Point,360.0000,52.1250,19.8854,35.1250,52.1250,19.8854,52.1250,19.8854,51.0833,18.9271,53.1667,20.8437
908393,Casework,"30""",,Point,180.0000,43.4365,19.0885,32.1667,43.4365,19.0885,43.4365,19.0885,42.1250,19.0885,44.6250,21.8407
908597,Model Groups,Live_Work Core - SE,,Point,,62.1172,-4.7215,18.8333,62.1172,-4.7215,62.1172,-4.7215,55.3354,-10.5104,69.1920,2.8437
908603,Floors,Cores - Mechanical Space,,BBoxCenter,,47.5156,15.0521,28.2448,47.5156,15.0521,47.5156,15.0521,41.7396,9.2604,53.2917,20.8437
908609,Model Groups,Live_Work Core - Studio,,Point,,41.2813,9.2500,18.8333,41.2813,9.2500,41.2813,9.2500,41.2396,8.7604,53.7917,21.3437
946544,Walls,Glazing Wall - Stair,,CurveMidpt,,-104.8333,43.2500,0.0000,-104.8333,43.2500,-104.8333,43.2500,-108.0208,42.7500,-101.6458,43.7500
946546,Curtain Wall Grids,Grid Line,,BBoxCenter,,-106.8333,43.2500,36.1667,-106.8333,43.2500,-106.8333,43.2500,-106.8333,42.7500,-106.8333,43.7500
946607,Curtain Panels,Glazed,,BBoxCenter,,-107.3750,43.3542,34.1042,-107.3750,43.3542,-107.3750,43.3542,-107.8125,43.3125,-106.9375,43.3958
946608,Curtain Panels,Glazed,,BBoxCenter,,-104.8333,43.3542,34.1042,-104.8333,43.3542,-104.8333,43.3542,-106.7292,43.3125,-102.9375,43.3958
946613,Curtain Wall Mullions,"2.5"" x 5"" rectangular (Orange)",,Point,180.0000,-101.6458,43.2500,32.1042,-101.6458,43.2500,-101.6458,43.2500,-101.8542,43.0417,-101.6458,43.4583
946614,Curtain Wall Mullions,"2.5"" x 5"" rectangular (Orange)",,Point,180.0000,-101.6458,43.2500,36.1042,-101.6458,43.2500,-101.6458,43.2500,-101.8542,43.0417,-101.6458,43.4583
946617,Curtain Wall Mullions,"2.5"" x 5"" rectangular (Orange)",,Point,180.0000,-108.0208,43.2500,36.1042,-108.0208,43.2500,-108.0208,43.2500,-108.0208,43.0417,-107.8125,43.4583
946619,Curtain Wall Mullions,"2.5"" x 5"" rectangular (Black)",,Point,180.0000,-106.8333,43.2500,32.1042,-106.8333,43.2500,-106.8333,43.2500,-106.9375,43.0417,-106.7292,43.4583
946620,Curtain Wall Mullions,"2.5"" x 5"" rectangular (Black)",,Point,180.0000,-106.8333,43.2500,36.1042,-106.8333,43.2500,-106.8333,43.2500,-106.9375,43.0417,-106.7292,43.4583
946623,Curtain Wall Mullions,"2.5"" x 5"" rectangular (Black)",,Point,180.0000,-106.9375,43.2500,32.1042,-106.9375,43.2500,-106.9375,43.2500,-107.8125,43.0417,-106.9375,43.4583
946624,Curtain Wall Mullions,"2.5"" x 5"" rectangular (Black)",,Point,180.0000,-102.9375,43.2500,32.1042,-102.9375,43.2500,-102.9375,43.2500,-106.7292,43.0417,-102.9375,43.4583
946625,Curtain Wall Mullions,"2.5"" x 5"" rectangular (Black)",,Point,180.0000,-106.9375,43.2500,36.1042,-106.9375,43.2500,-106.9375,43.2500,-107.8125,43.0417,-106.9375,43.4583
946626,Curtain Wall Mullions,"2.5"" x 5"" rectangular (Black)",,Point,180.0000,-102.9375,43.2500,36.1042,-102.9375,43.2500,-102.9375,43.2500,-106.7292,43.0417,-102.9375,43.4583
946627,Curtain Wall Grids,Grid Line,,BBoxCenter,,-102.8333,43.2500,36.1667,-102.8333,43.2500,-102.8333,43.2500,-102.8333,42.7500,-102.8333,43.7500
946636,Curtain Panels,Glazed,,BBoxCenter,,-102.2917,43.3542,34.1042,-102.2917,43.3542,-102.2917,43.3542,-102.7292,43.3125,-101.8542,43.3958
946647,Curtain Wall Mullions,"2.5"" x 5"" rectangular (Black)",,Point,180.0000,-101.8542,43.2500,32.1042,-101.8542,43.2500,-101.8542,43.2500,-102.7292,43.0417,-101.8542,43.4583
946648,Curtain Wall Mullions,"2.5"" x 5"" rectangular (Black)",,Point,180.0000,-101.8542,43.2500,36.1042,-101.8542,43.2500,-101.8542,43.2500,-102.7292,43.0417,-101.8542,43.4583
946657,Curtain Wall Mullions,"2.5"" x 5"" rectangular (Black)",,Point,180.0000,-102.8333,43.2500,32.1042,-102.8333,43.2500,-102.8333,43.2500,-102.9375,43.0417,-102.7292,43.4583
946658,Curtain Wall Mullions,"2.5"" x 5"" rectangular (Black)",,Point,180.0000,-102.8333,43.2500,36.1042,-102.8333,43.2500,-102.8333,43.2500,-102.9375,43.0417,-102.7292,43.4583
958640,Curtain Wall Mullions,"2.5"" x 5"" rectangular (Orange)",,Point,180.0000,-108.0208,43.2500,40.1042,-108.0208,43.2500,-108.0208,43.2500,-108.0208,43.0417,-107.8125,43.4583
1022192,Cameras,Camera at Kitchen 03,,BBoxCenter,,-43.4818,43.8968,-1.1084,-43.4818,43.8968,-43.4818,43.8968,-89.9321,-32.2428,2.9685,120.0363
1022216,Cameras,Camera - Exterior River View,,BBoxCenter,,-9.0827,20.9664,52.5563,-9.0827,20.9664,-9.0827,20.9664,-127.4723,-71.2011,109.3068,113.1338
1047581,Walls,"Core - Concrete 12""",,CurveMidpt,,-44.5625,43.2500,-3.4583,-44.5625,43.2500,-44.5625,43.2500,-49.2500,42.7500,-39.8750,43.7500
1048451,Walls,Glazing Wall - Stair,,CurveMidpt,,-44.5833,43.2500,0.0000,-44.5833,43.2500,-44.5833,43.2500,-47.7708,42.7500,-41.3958,43.7500
1048453,Curtain Wall Grids,Grid Line,,BBoxCenter,,-46.5833,43.2500,30.0417,-46.5833,43.2500,-46.5833,43.2500,-46.5833,42.7500,-46.5833,43.7500
1048507,Curtain Panels,Glazed,,BBoxCenter,,-47.1250,43.3542,34.1042,-47.1250,43.3542,-47.1250,43.3542,-47.5625,43.3125,-46.6875,43.3958
1048508,Curtain Panels,Glazed,,BBoxCenter,,-44.5833,43.3542,34.1042,-44.5833,43.3542,-44.5833,43.3542,-46.4792,43.3125,-42.6875,43.3958
1048513,Curtain Wall Mullions,"2.5"" x 5"" rectangular (Orange)",,Point,180.0000,-41.3958,43.2500,32.1042,-41.3958,43.2500,-41.3958,43.2500,-41.6042,43.0417,-41.3958,43.4583
1048514,Curtain Wall Mullions,"2.5"" x 5"" rectangular (Orange)",,Point,180.0000,-41.3958,43.2500,36.1042,-41.3958,43.2500,-41.3958,43.2500,-41.6042,43.0417,-41.3958,43.4583
1048517,Curtain Wall Mullions,"2.5"" x 5"" rectangular (Orange)",,Point,180.0000,-47.7708,43.2500,36.1042,-47.7708,43.2500,-47.7708,43.2500,-47.7708,43.0417,-47.5625,43.4583
1048519,Curtain Wall Mullions,"2.5"" x 5"" rectangular (Black)",,Point,180.0000,-46.5833,43.2500,32.1042,-46.5833,43.2500,-46.5833,43.2500,-46.6875,43.0417,-46.4792,43.4583
1048520,Curtain Wall Mullions,"2.5"" x 5"" rectangular (Black)",,Point,180.0000,-46.5833,43.2500,36.1042,-46.5833,43.2500,-46.5833,43.2500,-46.6875,43.0417,-46.4792,43.4583
1048523,Curtain Wall Mullions,"2.5"" x 5"" rectangular (Black)",,Point,180.0000,-46.6875,43.2500,32.1042,-46.6875,43.2500,-46.6875,43.2500,-47.5625,43.0417,-46.6875,43.4583
1048524,Curtain Wall Mullions,"2.5"" x 5"" rectangular (Black)",,Point,180.0000,-44.4583,43.2500,32.1042,-44.4583,43.2500,-44.4583,43.2500,-46.4792,43.0417,-44.4583,43.4583
1048525,Curtain Wall Mullions,"2.5"" x 5"" rectangular (Black)",,Point,180.0000,-46.6875,43.2500,36.1042,-46.6875,43.2500,-46.6875,43.2500,-47.5625,43.0417,-46.6875,43.4583
1048526,Curtain Wall Mullions,"2.5"" x 5"" rectangular (Black)",,Point,180.0000,-44.4583,43.2500,36.1042,-44.4583,43.2500,-44.4583,43.2500,-46.4792,43.0417,-44.4583,43.4583
1048527,Curtain Wall Grids,Grid Line,,BBoxCenter,,-42.5833,43.2500,36.1667,-42.5833,43.2500,-42.5833,43.2500,-42.5833,42.7500,-42.5833,43.7500
1048536,Curtain Panels,Glazed,,BBoxCenter,,-42.0417,43.3542,34.1042,-42.0417,43.3542,-42.0417,43.3542,-42.4792,43.3125,-41.6042,43.3958
1048547,Curtain Wall Mullions,"2.5"" x 5"" rectangular (Black)",,Point,180.0000,-41.6042,43.2500,32.1042,-41.6042,43.2500,-41.6042,43.2500,-42.4792,43.0417,-41.6042,43.4583
1048548,Curtain Wall Mullions,"2.5"" x 5"" rectangular (Black)",,Point,180.0000,-41.6042,43.2500,36.1042,-41.6042,43.2500,-41.6042,43.2500,-42.4792,43.0417,-41.6042,43.4583
1048557,Curtain Wall Mullions,"2.5"" x 5"" rectangular (Black)",,Point,180.0000,-42.5833,43.2500,32.1042,-42.5833,43.2500,-42.5833,43.2500,-42.6875,43.0417,-42.4792,43.4583
1048558,Curtain Wall Mullions,"2.5"" x 5"" rectangular (Black)",,Point,180.0000,-42.5833,43.2500,36.1042,-42.5833,43.2500,-42.5833,43.2500,-42.6875,43.0417,-42.4792,43.4583
1048575,Curtain Wall Mullions,"2.5"" x 5"" rectangular (Orange)",,Point,180.0000,-47.7708,43.2500,40.1042,-47.7708,43.2500,-47.7708,43.2500,-47.7708,43.0417,-47.5625,43.4583
1048604,Curtain Wall Grids,Grid Line,,BBoxCenter,,-44.4583,43.2500,30.0417,-44.4583,43.2500,-44.4583,43.2500,-44.4583,42.7500,-44.4583,43.7500
1048628,Curtain Wall Mullions,"2.5"" x 5"" rectangular (Black)",,Point,180.0000,-42.6875,43.2500,32.1042,-42.6875,43.2500,-42.6875,43.2500,-44.4583,43.0417,-42.6875,43.4583
1048629,Curtain Wall Mullions,"2.5"" x 5"" rectangular (Black)",,Point,180.0000,-42.6875,43.2500,36.1042,-42.6875,43.2500,-42.6875,43.2500,-44.4583,43.0417,-42.6875,43.4583
1054644,Walls,_Not Defined,,CurveMidpt,,-86.6998,0.8971,18.8333,-86.6998,0.8971,-86.6998,0.8971,-88.4616,-0.2663,-84.9379,2.0604
1054655,Curtain Panels,Solid,,BBoxCenter,,-86.7170,0.8591,31.6667,-86.7170,0.8591,-86.7170,0.8591,-88.1252,0.1424,-85.3089,1.5759
1054662,Curtain Wall Mullions,"2.5"" x 5"" rectangular (Orange)",,Point,180.0000,-88.2543,1.6055,30.1667,-88.2543,1.6055,-88.2543,1.6055,-88.3407,1.3295,-87.9783,1.7950
1054668,Curtain Wall Mullions,"2.5"" x 5"" rectangular (Orange)",,Point,335.5014,-85.1452,0.1887,36.3750,-85.1452,0.1887,-85.1452,0.1887,-85.4212,-0.0009,-85.0588,0.4646
1054676,Walls,"Exterior - 12 5/8"" Rainscreen w Insultation on Metal Stud",,CurveMidpt,,-86.3460,1.0392,18.8333,-86.3460,1.0392,-86.3460,1.0392,-88.1506,-0.4751,-83.8553,2.2879
1054697,Model Groups,Solar Wall (Full Height Panels),,Point,,-98.4701,-7.4786,18.8333,-98.4701,-7.4786,-98.4701,-7.4786,-111.6684,-16.6631,-91.7530,0.0030
1054699,Walls,_Not Defined,,CurveMidpt,,-65.0716,0.9316,18.8333,-65.0716,0.9316,-65.0716,0.9316,-66.8335,-0.2318,-63.3098,2.0950
1054710,Curtain Panels,Solid,,BBoxCenter,,-65.0889,0.8937,31.6667,-65.0889,0.8937,-65.0889,0.8937,-66.4971,0.1769,-63.6807,1.6105
1054717,Curtain Wall Mullions,"2.5"" x 5"" rectangular (Orange)",,Point,180.0000,-66.6262,1.6400,30.1667,-66.6262,1.6400,-66.6262,1.6400,-66.7125,1.3640,-66.3502,1.8296
1054723,Curtain Wall Mullions,"2.5"" x 5"" rectangular (Orange)",,Point,335.5014,-63.5171,0.2232,36.3750,-63.5171,0.2232,-63.5171,0.2232,-63.7931,0.0336,-63.4307,0.4992
1054751,Model Groups,Solar Wall (Full Height Panels),,Point,,-76.8419,-7.4441,18.8333,-76.8419,-7.4441,-76.8419,-7.4441,-90.0403,-16.6285,-70.1248,0.0376
1054758,Model Groups,Solar Wall (Full Height Panels),,Point,,-55.2138,-7.4095,18.8333,-55.2138,-7.4095,-55.2138,-7.4095,-68.4121,-16.5940,-48.4967,0.0721
1054759,Walls,"Exterior - 12 5/8"" Rainscreen w Insultation on Metal Stud",,CurveMidpt,,-64.7178,1.0737,18.8333,-64.7178,1.0737,-64.7178,1.0737,-66.5225,-0.4405,-62.2271,2.3225
1054769,Walls,Solar Panels,,CurveMidpt,,-81.5327,-11.4778,18.8333,-81.5327,-11.4778,-81.5327,-11.4778,-89.5403,-16.1285,-70.6248,-0.4624
1054772,Curtain Wall Grids,Grid Line,,BBoxCenter,,-81.5613,-7.6216,38.6667,-81.5613,-7.6216,-81.5613,-7.6216,-83.3770,-11.6062,-79.7455,-3.6371
1054774,Curtain Wall Grids,Grid Line,,BBoxCenter,,-78.6039,-8.9693,38.6667,-78.6039,-8.9693,-78.6039,-8.9693,-80.4196,-12.9539,-76.7881,-4.9847
1054776,Curtain Wall Grids,Grid Line,,BBoxCenter,,-75.6465,-10.3170,38.6667,-75.6465,-10.3170,-75.6465,-10.3170,-77.4622,-14.3016,-73.8307,-6.3324
1054778,Curtain Wall Grids,Grid Line,,BBoxCenter,,-72.6890,-11.6647,38.6667,-72.6890,-11.6647,-72.6890,-11.6647,-74.5048,-15.6492,-70.8733,-7.6801
1054793,Curtain Panels,Square,,BBoxCenter,,-86.5040,-6.7119,31.9774,-86.5040,-6.7119,-86.5040,-6.7119,-88.1813,-7.8875,-84.8267,-5.5363
1054794,Curtain Panels,Square,,BBoxCenter,,-80.5892,-9.4073,31.9774,-80.5892,-9.4073,-80.5892,-9.4073,-82.2665,-10.5829,-78.9119,-8.2317
1054795,Curtain Panels,Square,,BBoxCenter,,-77.6318,-10.7550,31.9774,-77.6318,-10.7550,-77.6318,-10.7550,-79.3091,-11.9306,-75.9545,-9.5793
1054796,Curtain Panels,Square,,BBoxCenter,,-74.6744,-12.1026,31.9774,-74.6744,-12.1026,-74.6744,-12.1026,-76.3517,-13.2782,-72.9971,-10.9270
1054798,Curtain Wall Grids,Grid Line,,BBoxCenter,,-80.3412,-8.8630,35.1298,-80.3412,-8.8630,-80.3412,-8.8630,-87.7726,-12.2494,-72.9097,-5.4765
1054799,Curtain Panels,Square,,BBoxCenter,,-86.0420,-5.6980,38.2966,-86.0420,-5.6980,-86.0420,-5.6980,-87.7193,-6.8736,-84.3647,-4.5224
1054800,Curtain Panels,Square,,BBoxCenter,,-80.1272,-8.3933,38.2966,-80.1272,-8.3933,-80.1272,-8.3933,-81.8045,-9.5690,-78.4499,-7.2177
1054802,Curtain Panels,Square,,BBoxCenter,,-74.2124,-11.0887,38.2966,-74.2124,-11.0887,-74.2124,-11.0887,-75.8897,-12.2643,-72.5350,-9.9131
1054844,Curtain Wall Mullions,"1"" x 1.5"" (Black)",,Point,155.7930,-78.9004,-9.5195,35.1298,-78.9004,-9.5195,-78.9004,-9.5195,-81.8020,-9.5635,-78.8974,-8.1998
1054845,Curtain Wall Mullions,"1"" x 1.5"" (Black)",,Point,155.7930,-75.9430,-10.8672,35.1298,-75.9430,-10.8672,-75.9430,-10.8672,-78.8446,-10.9111,-75.9400,-9.5475
1054846,Curtain Wall Mullions,"1"" x 1.5"" (Black)",,Point,155.7930,-72.9856,-12.2149,35.1298,-72.9856,-12.2149,-72.9856,-12.2149,-75.8872,-12.2588,-72.9826,-10.8952
1054876,Curtain Wall Mullions,"1"" x 1.5"" (Black)",,Point,189.7718,-82.2819,-9.2031,28.8106,-82.2819,-9.2031,-82.2819,-9.2031,-82.3369,-9.2577,-81.7820,-8.1719
1054877,Curtain Wall Mullions,"1"" x 1.5"" (Black)",,Point,189.7718,-79.3245,-10.5507,28.8106,-79.3245,-10.5507,-79.3245,-10.5507,-79.3794,-10.6054,-78.8246,-9.5195
1054878,Curtain Wall Mullions,"1"" x 1.5"" (Black)",,Point,189.7718,-76.3671,-11.8984,28.8106,-76.3671,-11.8984,-76.3671,-11.8984,-76.4220,-11.9530,-75.8671,-10.8672
1054879,Curtain Wall Mullions,"1"" x 1.5"" (Black)",,Point,189.7718,-73.4097,-13.2461,28.8106,-73.4097,-13.2461,-73.4097,-13.2461,-73.4646,-13.3007,-72.9097,-12.2149
1054880,Curtain Wall Mullions,"1"" x 1.5"" (Black)",,Point,189.7718,-81.8199,-8.1891,35.1298,-81.8199,-8.1891,-81.8199,-8.1891,-81.8748,-8.2438,-81.7062,-8.0055
1054881,Curtain Wall Mullions,"1"" x 1.5"" (Black)",,Point,189.7718,-78.8625,-9.5368,35.1298,-78.8625,-9.5368,-78.8625,-9.5368,-78.9174,-9.5914,-78.7487,-9.3532
1054882,Curtain Wall Mullions,"1"" x 1.5"" (Black)",,Point,189.7718,-75.9051,-10.8845,35.1298,-75.9051,-10.8845,-75.9051,-10.8845,-75.9600,-10.9391,-75.7913,-10.7008
1054883,Curtain Wall Mullions,"1"" x 1.5"" (Black)",,Point,189.7718,-72.9477,-12.2322,35.1298,-72.9477,-12.2322,-72.9477,-12.2322,-73.0026,-12.2868,-72.8339,-12.0485
1054903,Curtain Wall Mullions,"1"" x 1.5"" (Black)",,Point,189.7718,-73.3718,-13.2634,28.8106,-73.3718,-13.2634,-73.3718,-13.2634,-73.4646,-13.3007,-72.9097,-12.2149
1054904,Curtain Wall Mullions,"1"" x 1.5"" (Black)",,Point,189.7718,-72.9097,-12.2494,35.1298,-72.9097,-12.2494,-72.9097,-12.2494,-73.0026,-12.2868,-72.8339,-12.0485
1054918,Curtain Wall Mullions,"1"" x 1.5"" (Black)",,Point,155.5961,-87.7726,-5.4765,35.1298,-87.7726,-5.4765,-87.7726,-5.4765,-88.2517,-6.5623,-87.6968,-5.4765
1054919,Curtain Wall Mullions,"1"" x 1.5"" (Black)",,Point,155.5961,-87.3106,-4.4626,41.4490,-87.3106,-4.4626,-87.3106,-4.4626,-87.7896,-5.5484,-87.6210,-5.3101
1054926,Curtain Wall Mullions,"1"" x 1.5"" (Black)",,Point,155.7930,-84.8152,-6.8242,35.1298,-84.8152,-6.8242,-84.8152,-6.8242,-87.7168,-6.8681,-84.8122,-5.5045
1054967,Walls,Solar Panels,,CurveMidpt,,-103.1609,-11.5123,18.8333,-103.1609,-11.5123,-103.1609,-11.5123,-111.1684,-16.1631,-92.2530,-0.4970
1054970,Curtain Wall Grids,Grid Line,,BBoxCenter,,-103.1894,-7.6562,38.6667,-103.1894,-7.6562,-103.1894,-7.6562,-105.0052,-11.6408,-101.3737,-3.6716
1054972,Curtain Wall Grids,Grid Line,,BBoxCenter,,-100.2320,-9.0039,38.6667,-100.2320,-9.0039,-100.2320,-9.0039,-102.0478,-12.9884,-98.4163,-5.0193
1054974,Curtain Wall Grids,Grid Line,,BBoxCenter,,-97.2746,-10.3515,38.6667,-97.2746,-10.3515,-97.2746,-10.3515,-99.0904,-14.3361,-95.4588,-6.3670
1054976,Curtain Wall Grids,Grid Line,,BBoxCenter,,-94.3172,-11.6992,38.6667,-94.3172,-11.6992,-94.3172,-11.6992,-96.1329,-15.6838,-92.5014,-7.7147
1054991,Curtain Panels,Square,,BBoxCenter,,-108.1322,-6.7465,31.9774,-108.1322,-6.7465,-108.1322,-6.7465,-109.8095,-7.9221,-106.4549,-5.5709
1054992,Curtain Panels,Square,,BBoxCenter,,-102.2174,-9.4418,31.9774,-102.2174,-9.4418,-102.2174,-9.4418,-103.8947,-10.6174,-100.5400,-8.2662
1054993,Curtain Panels,Square,,BBoxCenter,,-99.2599,-10.7895,31.9774,-99.2599,-10.7895,-99.2599,-10.7895,-100.9373,-11.9651,-97.5826,-9.6139
1054994,Curtain Panels,Square,,BBoxCenter,,-96.3025,-12.1372,31.9774,-96.3025,-12.1372,-96.3025,-12.1372,-97.9799,-13.3128,-94.6252,-10.9616
1054996,Curtain Wall Grids,Grid Line,,BBoxCenter,,-101.9693,-8.8975,35.1298,-101.9693,-8.8975,-101.9693,-8.8975,-109.4008,-12.2840,-94.5379,-5.5111
1054997,Curtain Panels,Square,,BBoxCenter,,-107.6701,-5.7325,38.2966,-107.6701,-5.7325,-107.6701,-5.7325,-109.3474,-6.9082,-105.9928,-4.5569
1054998,Curtain Panels,Square,,BBoxCenter,,-101.7553,-8.4279,38.2966,-101.7553,-8.4279,-101.7553,-8.4279,-103.4326,-9.6035,-100.0780,-7.2523
1055000,Curtain Panels,Square,,BBoxCenter,,-95.8405,-11.1233,38.2966,-95.8405,-11.1233,-95.8405,-11.1233,-97.5178,-12.2989,-94.1632,-9.9477
1055042,Curtain Wall Mullions,"1"" x 1.5"" (Black)",,Point,155.7930,-100.5285,-9.5541,35.1298,-100.5285,-9.5541,-100.5285,-9.5541,-103.4301,-9.5980,-100.5255,-8.2344
1055043,Curtain Wall Mullions,"1"" x 1.5"" (Black)",,Point,155.7930,-97.5711,-10.9018,35.1298,-97.5711,-10.9018,-97.5711,-10.9018,-100.4727,-10.9457,-97.5681,-9.5821
1055044,Curtain Wall Mullions,"1"" x 1.5"" (Black)",,Point,155.7930,-94.6137,-12.2494,35.1298,-94.6137,-12.2494,-94.6137,-12.2494,-97.5153,-12.2934,-94.6107,-10.9297
1055074,Curtain Wall Mullions,"1"" x 1.5"" (Black)",,Point,189.7718,-103.9101,-9.2376,28.8106,-103.9101,-9.2376,-103.9101,-9.2376,-103.9650,-9.2922,-103.4101,-8.2064
1055075,Curtain Wall Mullions,"1"" x 1.5"" (Black)",,Point,189.7718,-100.9527,-10.5853,28.8106,-100.9527,-10.5853,-100.9527,-10.5853,-101.0076,-10.6399,-100.4527,-9.5541
1055076,Curtain Wall Mullions,"1"" x 1.5"" (Black)",,Point,189.7718,-97.9953,-11.9330,28.8106,-97.9953,-11.9330,-97.9953,-11.9330,-98.0502,-11.9876,-97.4953,-10.9018
1055077,Curtain Wall Mullions,"1"" x 1.5"" (Black)",,Point,189.7718,-95.0378,-13.2807,28.8106,-95.0378,-13.2807,-95.0378,-13.2807,-95.0928,-13.3353,-94.5379,-12.2494
1055078,Curtain Wall Mullions,"1"" x 1.5"" (Black)",,Point,189.7718,-103.4480,-8.2237,35.1298,-103.4480,-8.2237,-103.4480,-8.2237,-103.5030,-8.2783,-103.3343,-8.0400
1055079,Curtain Wall Mullions,"1"" x 1.5"" (Black)",,Point,189.7718,-100.4906,-9.5714,35.1298,-100.4906,-9.5714,-100.4906,-9.5714,-100.5455,-9.6260,-100.3769,-9.3877
1055080,Curtain Wall Mullions,"1"" x 1.5"" (Black)",,Point,189.7718,-97.5332,-10.9190,35.1298,-97.5332,-10.9190,-97.5332,-10.9190,-97.5881,-10.9737,-97.4195,-10.7354
1055081,Curtain Wall Mullions,"1"" x 1.5"" (Black)",,Point,189.7718,-94.5758,-12.2667,35.1298,-94.5758,-12.2667,-94.5758,-12.2667,-94.6307,-12.3213,-94.4621,-12.0831
1055101,Curtain Wall Mullions,"1"" x 1.5"" (Black)",,Point,189.7718,-94.9999,-13.2979,28.8106,-94.9999,-13.2979,-94.9999,-13.2979,-95.0928,-13.3353,-94.5379,-12.2494
1055102,Curtain Wall Mullions,"1"" x 1.5"" (Black)",,Point,189.7718,-94.5379,-12.2840,35.1298,-94.5379,-12.2840,-94.5379,-12.2840,-94.6307,-12.3213,-94.4621,-12.0831
1055116,Curtain Wall Mullions,"1"" x 1.5"" (Black)",,Point,155.5961,-109.4008,-5.5111,35.1298,-109.4008,-5.5111,-109.4008,-5.5111,-109.8798,-6.5969,-109.3249,-5.5111
1055117,Curtain Wall Mullions,"1"" x 1.5"" (Black)",,Point,155.5961,-108.9387,-4.4971,41.4490,-108.9387,-4.4971,-108.9387,-4.4971,-109.4178,-5.5829,-109.2491,-5.3447
1055124,Curtain Wall Mullions,"1"" x 1.5"" (Black)",,Point,155.7930,-106.4433,-6.8587,35.1298,-106.4433,-6.8587,-106.4433,-6.8587,-109.3449,-6.9027,-106.4403,-5.5390
1055165,Walls,Solar Panels,,CurveMidpt,,-59.9046,-11.4432,18.8333,-59.9046,-11.4432,-59.9046,-11.4432,-67.9121,-16.0940,-48.9967,-0.4279
1055168,Curtain Wall Grids,Grid Line,,BBoxCenter,,-59.9331,-7.5871,38.6667,-59.9331,-7.5871,-59.9331,-7.5871,-61.7489,-11.5716,-58.1174,-3.6025
1055170,Curtain Wall Grids,Grid Line,,BBoxCenter,,-56.9757,-8.9348,38.6667,-56.9757,-8.9348,-56.9757,-8.9348,-58.7915,-12.9193,-55.1600,-4.9502
1055172,Curtain Wall Grids,Grid Line,,BBoxCenter,,-54.0183,-10.2824,38.6667,-54.0183,-10.2824,-54.0183,-10.2824,-55.8341,-14.2670,-52.2026,-6.2979
1055174,Curtain Wall Grids,Grid Line,,BBoxCenter,,-51.0609,-11.6301,38.6667,-51.0609,-11.6301,-51.0609,-11.6301,-52.8767,-15.6147,-49.2452,-7.6455
1055189,Curtain Panels,Square,,BBoxCenter,,-64.8759,-6.6774,31.9774,-64.8759,-6.6774,-64.8759,-6.6774,-66.5532,-7.8530,-63.1986,-5.5017
1055190,Curtain Panels,Square,,BBoxCenter,,-58.9611,-9.3727,31.9774,-58.9611,-9.3727,-58.9611,-9.3727,-60.6384,-10.5483,-57.2838,-8.1971
1055191,Curtain Panels,Square,,BBoxCenter,,-56.0037,-10.7204,31.9774,-56.0037,-10.7204,-56.0037,-10.7204,-57.6810,-11.8960,-54.3263,-9.5448
1055192,Curtain Panels,Square,,BBoxCenter,,-53.0463,-12.0681,31.9774,-53.0463,-12.0681,-53.0463,-12.0681,-54.7236,-13.2437,-51.3689,-10.8925
1055194,Curtain Wall Grids,Grid Line,,BBoxCenter,,-58.7130,-8.8284,35.1298,-58.7130,-8.8284,-58.7130,-8.8284,-66.1445,-12.2149,-51.2816,-5.4419
1055195,Curtain Panels,Square,,BBoxCenter,,-64.4138,-5.6634,38.2966,-64.4138,-5.6634,-64.4138,-5.6634,-66.0912,-6.8390,-62.7365,-4.4878
1055196,Curtain Panels,Square,,BBoxCenter,,-58.4990,-8.3588,38.2966,-58.4990,-8.3588,-58.4990,-8.3588,-60.1763,-9.5344,-56.8217,-7.1832
1055198,Curtain Panels,Square,,BBoxCenter,,-52.5842,-11.0542,38.2966,-52.5842,-11.0542,-52.5842,-11.0542,-54.2615,-12.2298,-50.9069,-9.8785
1055240,Curtain Wall Mullions,"1"" x 1.5"" (Black)",,Point,155.7930,-57.2722,-9.4850,35.1298,-57.2722,-9.4850,-57.2722,-9.4850,-60.1738,-9.5289,-57.2692,-8.1653
1055241,Curtain Wall Mullions,"1"" x 1.5"" (Black)",,Point,155.7930,-54.3148,-10.8327,35.1298,-54.3148,-10.8327,-54.3148,-10.8327,-57.2164,-10.8766,-54.3118,-9.5130
1055242,Curtain Wall Mullions,"1"" x 1.5"" (Black)",,Point,155.7930,-51.3574,-12.1803,35.1298,-51.3574,-12.1803,-51.3574,-12.1803,-54.2590,-12.2243,-51.3544,-10.8606
1055272,Curtain Wall Mullions,"1"" x 1.5"" (Black)",,Point,189.7718,-60.6538,-9.1685,28.8106,-60.6538,-9.1685,-60.6538,-9.1685,-60.7087,-9.2231,-60.1538,-8.1373
1055273,Curtain Wall Mullions,"1"" x 1.5"" (Black)",,Point,189.7718,-57.6964,-10.5162,28.8106,-57.6964,-10.5162,-57.6964,-10.5162,-57.7513,-10.5708,-57.1964,-9.4850
1055274,Curtain Wall Mullions,"1"" x 1.5"" (Black)",,Point,189.7718,-54.7390,-11.8639,28.8106,-54.7390,-11.8639,-54.7390,-11.8639,-54.7939,-11.9185,-54.2390,-10.8327
1055275,Curtain Wall Mullions,"1"" x 1.5"" (Black)",,Point,189.7718,-51.7816,-13.2115,28.8106,-51.7816,-13.2115,-51.7816,-13.2115,-51.8365,-13.2662,-51.2816,-12.1803
1055276,Curtain Wall Mullions,"1"" x 1.5"" (Black)",,Point,189.7718,-60.1917,-8.1546,35.1298,-60.1917,-8.1546,-60.1917,-8.1546,-60.2467,-8.2092,-60.0780,-7.9709
1055277,Curtain Wall Mullions,"1"" x 1.5"" (Black)",,Point,189.7718,-57.2343,-9.5023,35.1298,-57.2343,-9.5023,-57.2343,-9.5023,-57.2893,-9.5569,-57.1206,-9.3186
1055278,Curtain Wall Mullions,"1"" x 1.5"" (Black)",,Point,189.7718,-54.2769,-10.8499,35.1298,-54.2769,-10.8499,-54.2769,-10.8499,-54.3319,-10.9046,-54.1632,-10.6663
1055279,Curtain Wall Mullions,"1"" x 1.5"" (Black)",,Point,189.7718,-51.3195,-12.1976,35.1298,-51.3195,-12.1976,-51.3195,-12.1976,-51.3744,-12.2522,-51.2058,-12.0140
1055299,Curtain Wall Mullions,"1"" x 1.5"" (Black)",,Point,189.7718,-51.7436,-13.2288,28.8106,-51.7436,-13.2288,-51.7436,-13.2288,-51.8365,-13.2662,-51.2816,-12.1803
1055300,Curtain Wall Mullions,"1"" x 1.5"" (Black)",,Point,189.7718,-51.2816,-12.2149,35.1298,-51.2816,-12.2149,-51.2816,-12.2149,-51.3744,-12.2522,-51.2058,-12.0140
1055314,Curtain Wall Mullions,"1"" x 1.5"" (Black)",,Point,155.5961,-66.1445,-5.4419,35.1298,-66.1445,-5.4419,-66.1445,-5.4419,-66.6235,-6.5278,-66.0686,-5.4419
1055315,Curtain Wall Mullions,"1"" x 1.5"" (Black)",,Point,155.5961,-65.6824,-4.4280,41.4490,-65.6824,-4.4280,-65.6824,-4.4280,-66.1615,-5.5138,-65.9928,-5.2756
1055322,Curtain Wall Mullions,"1"" x 1.5"" (Black)",,Point,155.7930,-63.1871,-6.7896,35.1298,-63.1871,-6.7896,-63.1871,-6.7896,-66.0887,-6.8335,-63.1841,-5.4699
1055658,Walls,"Exterior - 12 5/8"" Rainscreen w Insultation on Metal Stud",,CurveMidpt,,-108.5382,0.3579,18.8333,-108.5382,0.3579,-108.5382,0.3579,-110.9740,-0.1681,-106.1024,0.8840
1055815,Walls,Solar Wall (Multi-Level),,CurveMidpt,,-101.0255,-6.1920,32.1667,-101.0255,-6.1920,-101.0255,-6.1920,-109.5773,-12.7374,-92.9699,-2.0042
1055816,Windows,"39"" x 76"" (Solar Wall)",186,Point,155.5014,-103.9685,-5.5083,35.0833,-103.9685,-5.5083,-103.9685,-5.5083,-106.1303,-7.3187,-101.5378,-3.1079
1055820,Windows,"39"" x 76"" (Solar Wall)",187,Point,155.5014,-98.0389,-8.2104,35.0833,-98.0389,-8.2104,-98.0389,-8.2104,-100.2007,-10.0208,-95.6081,-5.8100
1055825,Walls,"Exterior - 12 5/8"" Rainscreen w Insultation on Metal Stud",,CurveMidpt,,-106.9017,-1.3961,32.1667,-106.9017,-1.3961,-106.9017,-1.3961,-107.7569,-3.3466,-105.4834,0.8840
1055827,Walls,"Exterior - 12 5/8"" Rainscreen w Insultation on Metal Stud",,CurveMidpt,,-91.1358,-3.4494,32.1667,-91.1358,-3.4494,-91.1358,-3.4494,-94.3026,-9.4630,-87.9217,2.7716
1055837,Walls,Solar Wall (Multi-Level),,CurveMidpt,,-79.3973,-6.1575,32.1667,-79.3973,-6.1575,-79.3973,-6.1575,-87.9492,-12.7029,-71.3417,-1.9696
1055838,Windows,"39"" x 76"" (Solar Wall)",171,Point,155.5014,-82.3404,-5.4737,35.0833,-82.3404,-5.4737,-82.3404,-5.4737,-84.5022,-7.2841,-79.9096,-3.0733
1055842,Windows,"39"" x 76"" (Solar Wall)",172,Point,155.5014,-76.4107,-8.1758,35.0833,-76.4107,-8.1758,-76.4107,-8.1758,-78.5726,-9.9862,-73.9800,-5.7754
1055847,Walls,"Exterior - 12 5/8"" Rainscreen w Insultation on Metal Stud",,CurveMidpt,,-85.3125,-1.4469,32.1667,-85.3125,-1.4469,-85.3125,-1.4469,-86.1287,-3.3120,-84.1208,0.2325
1055849,Walls,"Exterior - 12 5/8"" Rainscreen w Insultation on Metal Stud",,CurveMidpt,,-69.5077,-3.4148,32.1667,-69.5077,-3.4148,-69.5077,-3.4148,-72.6745,-9.4284,-66.2936,2.8062
1055859,Walls,Solar Wall (Multi-Level),,CurveMidpt,,-57.7692,-6.1229,32.1667,-57.7692,-6.1229,-57.7692,-6.1229,-66.3210,-12.2321,-50.2138,-1.9351
1055860,Windows,"39"" x 76"" (Solar Wall)",178,Point,155.5014,-60.7122,-5.4392,35.0833,-60.7122,-5.4392,-60.7122,-5.4392,-62.8741,-7.2495,-58.2815,-3.0388
1055864,Windows,"39"" x 76"" (Solar Wall)",179,Point,155.5014,-54.7826,-8.1413,35.0833,-54.7826,-8.1413,-54.7826,-8.1413,-56.9444,-9.9517,-52.3519,-5.7409
1055869,Walls,"Exterior - 12 5/8"" Rainscreen w Insultation on Metal Stud",,CurveMidpt,,-63.6843,-1.4123,32.1667,-63.6843,-1.4123,-63.6843,-1.4123,-64.5006,-3.2775,-62.4926,0.2671
1055871,Walls,"Exterior - 12 5/8"" Rainscreen w Insultation on Metal Stud",,CurveMidpt,,-50.1278,-8.3139,32.1667,-50.1278,-8.3139,-50.1278,-8.3139,-52.4914,-12.6683,-49.6169,-6.7877
1069270,Cameras,Rooftop Seating Looking toward bandstand,,BBoxCenter,,-13.4018,-39.5300,51.2486,-13.4018,-39.5300,-13.4018,-39.5300,-76.3174,-85.9585,49.5138,6.8985
1211583,Columns,"4"" Diameter (Spiral Stair Post)",,Point,,-16.8333,31.1255,0.0000,-16.8333,31.1255,-16.8333,31.1255,-17.0000,30.9589,-16.6667,31.2922
1211584,Stairs,Stair,,BBoxCenter,,-16.8333,31.1255,38.8333,-16.8333,31.1255,-16.8333,31.1255,-19.8333,28.1255,-13.8333,34.1255
1211585,Railings,Pipe-Spiral,,BBoxCenter,,-16.8356,31.1255,41.2112,-16.8356,31.1255,-16.8356,31.1255,-19.8126,28.1462,-13.8585,34.1048
1211589,Top Rails,"Circular - 1 1/2"" (Spiral)",,BBoxCenter,,-16.8333,31.1255,40.1356,-16.8333,31.1255,-16.8333,31.1255,-19.8056,28.1533,-13.8611,34.0978
1211601,Handrails,"Bottom Rail Circular - 1 1/2"" (Spiral)",,BBoxCenter,,-16.8363,31.1255,37.5809,-16.8363,31.1255,-16.8363,31.1255,-19.8114,28.1533,-13.8611,34.0978
1211613,Supports,"2'-8"" Picket",,Point,59.6225,-19.3496,32.6005,33.6046,-19.3496,32.6005,-19.3496,32.6005,-19.3781,32.5720,-19.3211,32.6290
1211614,Supports,"2'-8"" Picket",,Point,65.4108,-19.4855,32.3392,33.7558,-19.4855,32.3392,-19.4855,32.3392,-19.5131,32.3116,-19.4579,32.3668
1211615,Supports,"2'-8"" Picket",,Point,71.1992,-19.5944,32.0655,33.9070,-19.5944,32.0655,-19.5944,32.0655,-19.6208,32.0391,-19.5679,32.0920
1211616,Supports,"2'-8"" Picket",,Point,76.9875,-19.6751,31.7823,34.0582,-19.6751,31.7823,-19.6751,31.7823,-19.7001,31.7573,-19.6501,31.8073
1211617,Supports,"2'-8"" Picket",,Point,82.7758,-19.7268,31.4923,34.2094,-19.7268,31.4923,-19.7268,31.4923,-19.7501,31.4690,-19.7036,31.5156
1211618,Supports,"2'-8"" Picket",,Point,88.5641,-19.7491,31.1986,34.3606,-19.7491,31.1986,-19.7491,31.1986,-19.7704,31.1773,-19.7277,31.2200
1211619,Supports,"2'-8"" Picket",,Point,94.3525,-19.7416,30.9042,34.5118,-19.7416,30.9042,-19.7416,30.9042,-19.7639,30.8818,-19.7192,30.9265
1211620,Supports,"2'-8"" Picket",,Point,100.1408,-19.7044,30.6120,34.6630,-19.7044,30.6120,-19.7044,30.6120,-19.7286,30.5878,-19.6803,30.6362
1211621,Supports,"2'-8"" Picket",,Point,105.9291,-19.6380,30.3251,34.8142,-19.6380,30.3251,-19.6380,30.3251,-19.6638,30.2993,-19.6123,30.3508
1211622,Supports,"2'-8"" Picket",,Point,111.7174,-19.5430,30.0463,34.9654,-19.5430,30.0463,-19.5430,30.0463,-19.5700,30.0192,-19.5159,30.0733
1211623,Supports,"2'-8"" Picket",,Point,117.5058,-19.4203,29.7785,35.1166,-19.4203,29.7785,-19.4203,29.7785,-19.4484,29.7504,-19.3922,29.8066
1211624,Supports,"2'-8"" Picket",,Point,123.2941,-19.2713,29.5245,35.2677,-19.2713,29.5245,-19.2713,29.5245,-19.3001,29.4956,-19.2424,29.5533
1211625,Supports,"2'-8"" Picket",,Point,129.0824,-19.0974,29.2868,35.4189,-19.0974,29.2868,-19.0974,29.2868,-19.1267,29.2575,-19.0681,29.3161
1211626,Supports,"2'-8"" Picket",,Point,134.8707,-18.9004,29.0678,35.5701,-18.9004,29.0678,-18.9004,29.0678,-18.9298,29.0383,-18.8709,29.0973
1211627,Supports,"2'-8"" Picket",,Point,140.6591,-18.6823,28.8698,35.7213,-18.6823,28.8698,-18.6823,28.8698,-18.7116,28.8405,-18.6530,28.8991
1211628,Supports,"2'-8"" Picket",,Point,146.4474,-18.4454,28.6948,35.8725,-18.4454,28.6948,-18.4454,28.6948,-18.4743,28.6660,-18.4165,28.7237
1211629,Supports,"2'-8"" Picket",,Point,152.2357,-18.1920,28.5447,36.0237,-18.1920,28.5447,-18.1920,28.5447,-18.2202,28.5165,-18.1639,28.5728
1211948,Runs,Spiral,,BBoxCenter,,-16.8333,31.1255,38.8333,-16.8333,31.1255,-16.8333,31.1255,-19.8333,28.1255,-13.8333,34.1255
1235583,Walls,"Party - 6 1/8"" (2-hr)",,CurveMidpt,,3.5833,13.8750,8.0833,3.5833,13.8750,3.5833,13.8750,3.0938,8.7500,4.0729,18.7448
1244066,Walls,"Core - Concrete 12""",,CurveMidpt,,-100.1250,42.7370,-5.9167,-100.1250,42.7370,-100.1250,42.7370,-100.6250,41.6979,-99.6250,43.2500
1263784,Walls,"Core - Concrete 12""",,CurveMidpt,,-49.2500,30.3464,18.8333,-49.2500,30.3464,-49.2500,30.3464,-49.7500,18.4844,-48.7500,42.2083
1272069,Walls,Block 37 Pilaster,,CurveMidpt,,-50.2708,-27.7125,-5.9167,-50.2708,-27.7125,-50.2708,-27.7125,-50.6042,-28.6750,-49.9375,-26.7500
1272219,Walls,Block 37 Pilaster,,CurveMidpt,,-50.0104,-28.6750,-5.9167,-50.0104,-28.6750,-50.0104,-28.6750,-50.6042,-29.0083,-49.7500,-28.3416
1275285,Grids,1,,BBoxCenter,,-110.5000,16.6172,36.1667,-110.5000,16.6172,-110.5000,16.6172,-112.5000,-43.5614,-108.5000,76.7958
1275286,Grids,E,,BBoxCenter,,-18.7451,41.4583,36.1667,-18.7451,41.4583,-18.7451,41.4583,-127.2600,39.4583,89.7698,43.4583
1275287,Grids,D,,BBoxCenter,,-18.7451,19.2083,36.1667,-18.7451,19.2083,-18.7451,19.2083,-127.2600,17.2083,89.7698,21.2083
1275288,Grids,C,,BBoxCenter,,-18.7451,2.5000,36.1667,-18.7451,2.5000,-18.7451,2.5000,-127.2600,0.5000,89.7698,4.5000
1275289,Grids,A,,BBoxCenter,,-18.7451,-27.5417,36.1667,-18.7451,-27.5417,-18.7451,-27.5417,-127.2600,-29.5417,89.7698,-25.5417
1275290,Grids,B,,BBoxCenter,,-18.7451,-12.7083,36.1667,-18.7451,-12.7083,-18.7451,-12.7083,-127.2600,-14.7083,89.7698,-10.7083
1275291,Grids,4,,BBoxCenter,,-49.2500,16.6172,36.1667,-49.2500,16.6172,-49.2500,16.6172,-51.2500,-43.5614,-47.2500,76.7958
1275292,Grids,5,,BBoxCenter,,-20.2500,16.6172,36.1667,-20.2500,16.6172,-20.2500,16.6172,-22.2500,-43.5614,-18.2500,76.7958
1275293,Grids,6,,BBoxCenter,,3.5833,16.6172,36.1667,3.5833,16.6172,3.5833,16.6172,1.5833,-43.5614,5.5833,76.7958
1275294,Grids,8,,BBoxCenter,,41.2500,16.6172,36.1667,41.2500,16.6172,41.2500,16.6172,39.2500,-43.5614,43.2500,76.7958
1275295,Grids,9,,BBoxCenter,,64.1132,16.7306,36.1667,64.1132,16.7306,64.1132,16.7306,55.2013,-43.5614,73.0250,77.0226
1275296,Grids,7,,BBoxCenter,,23.9167,16.6172,36.1667,23.9167,16.6172,23.9167,16.6172,21.9167,-43.5614,25.9167,76.7958
1275297,Grids,2,,BBoxCenter,,-90.7917,16.6172,36.1667,-90.7917,16.6172,-90.7917,16.6172,-92.7917,-43.5614,-88.7917,76.7958
1275298,Grids,3,,BBoxCenter,,-70.0000,16.6172,36.1667,-70.0000,16.6172,-70.0000,16.6172,-72.0000,-43.5614,-68.0000,76.7958
1275300,Grids,B.1,,BBoxCenter,,-18.7451,-5.7917,36.1667,-18.7451,-5.7917,-18.7451,-5.7917,-127.2600,-7.7917,89.7698,-3.7917
1280889,Walls,"Interior - 7 1/4"" Partition (NR)",,CurveMidpt,,-28.7292,-8.1771,32.1667,-28.7292,-8.1771,-28.7292,-8.1771,-29.0313,-12.0937,-28.4271,-4.4635
1280925,Walls,"Interior - 7 1/4"" Partition (NR)",,CurveMidpt,,24.6042,-8.1771,32.1667,24.6042,-8.1771,24.6042,-8.1771,24.3021,-12.0938,24.9063,-4.4635
1280961,Walls,"Interior - 7 1/4"" Partition (NR)",,CurveMidpt,,19.8958,19.0781,32.1667,19.8958,19.0781,19.8958,19.0781,19.5938,15.2656,20.1979,23.0937
1284512,Walls,"Interior - 7 1/4"" Partition (NR)",,CurveMidpt,,-2.3750,-8.1771,32.1667,-2.3750,-8.1771,-2.3750,-8.1771,-2.6771,-12.0938,-2.0729,-4.4635
1286825,Walls,"Interior - 4 7/8"" Partition (NR)",,CurveMidpt,,24.4427,21.0182,32.1667,24.4427,21.0182,24.4427,21.0182,24.2396,19.9792,24.6458,22.0573
1286826,Walls,"Chase - GWB & Metal Stud 2 1/4""",,CurveMidpt,,23.9219,18.5729,32.1667,23.9219,18.5729,23.9219,18.5729,23.2917,18.4792,24.5521,18.6667
1288477,Walls,"Chase - GWB & Metal Stud 2 1/4""",,CurveMidpt,,23.9219,19.9792,32.1667,23.9219,19.9792,23.9219,19.9792,23.2917,19.8854,24.6458,20.0729
1288478,Walls,"Chase - GWB & Metal Stud 2 1/4""",,CurveMidpt,,24.5521,19.2760,32.1667,24.5521,19.2760,24.5521,19.2760,24.4583,18.4792,24.6458,19.9792
1288479,Walls,"Interior - 7 1/4"" Partition (NR)",,CurveMidpt,,21.5938,19.7708,32.1667,21.5938,19.7708,21.5938,19.7708,19.8958,19.4687,23.2917,20.0729
1290420,Doors,"32"" x 84""",408OPN,Point,360.0000,22.2188,22.0573,32.1667,22.2188,22.0573,22.2188,22.0573,20.8854,21.8542,23.5521,22.2604
1297743,Walls,"Core - Concrete 12""",,CurveMidpt,,-49.2500,42.7292,8.0833,-49.2500,42.7292,-49.2500,42.7292,-49.7500,42.2083,-48.7500,43.7500
1297976,Walls,"Core - Concrete 12""",,CurveMidpt,,-39.8750,42.7292,8.0833,-39.8750,42.7292,-39.8750,42.7292,-40.3750,42.2083,-39.3750,43.7500
1299867,Walls,"Core - Concrete 12""",,CurveMidpt,,45.9375,2.3750,18.8333,45.9375,2.3750,45.9375,2.3750,40.7500,1.8750,51.1250,2.8750
1305280,Walls,Block 37 Pilaster,,CurveMidpt,,-50.0104,-26.7500,-5.9167,-50.0104,-26.7500,-50.0104,-26.7500,-50.6042,-27.0833,-49.7500,-26.4167
1309129,Doors,"36"" x 84"" (90 MIN)",401A,Point,270.0000,-49.5208,5.3979,32.1667,-49.5208,5.3979,-49.5208,5.3979,-50.0521,3.7312,-46.0313,7.0646
1312992,Floors,Cores - Mechanical Space,,BBoxCenter,,-33.3385,15.0521,28.2448,-33.3385,15.0521,-33.3385,15.0521,-39.1146,9.2604,-27.5625,20.8438
1312998,Model Groups,Live_Work Core - Studio,,Point,,-39.5729,9.2500,18.8333,-39.5729,9.2500,-39.5729,9.2500,-39.6146,8.7604,-27.0625,21.3438
1313044,Walls,"Interior - 7 1/4"" Partition (NR)",,CurveMidpt,,-29.8958,11.1901,32.1667,-29.8958,11.1901,-29.8958,11.1901,-30.1979,9.0052,-29.5938,13.3750
1313045,Casework,"48""",,Point,270.0000,-30.1875,12.2396,32.1667,-30.1875,12.2396,-30.1875,12.2396,-33.4145,10.2396,-30.1875,14.2396
1313046,Specialty Equipment,"36"" x 48""",,Point,90.0000,-29.8958,12.2396,35.6667,-29.8958,12.2396,-29.8958,12.2396,-31.4954,10.7396,-30.1979,13.7396
1313055,Model Groups,Live_Work Core - Studio,,Point,,-39.5729,9.2500,32.1667,-39.5729,9.2500,-39.5729,9.2500,-40.3750,8.1853,-26.6510,24.0576
1313057,Walls,"Interior - 7 1/4"" Partition (NR)",,CurveMidpt,,-33.6380,18.5625,32.1667,-33.6380,18.5625,-33.6380,18.5625,-39.8750,18.2604,-27.1979,18.8646
1313058,Walls,"Interior - 4 7/8"" Partition (NR)",,CurveMidpt,,-27.4010,19.9115,32.1667,-27.4010,19.9115,-27.4010,19.9115,-27.6042,18.5625,-27.1979,21.2604
1313059,Casework,"24""W x 40""H",,Point,360.0000,-28.6042,18.5625,36.6667,-28.6042,18.5625,-28.6042,18.5625,-29.6042,18.8646,-27.6042,20.8860
1313060,Casework,"27""W x 28""H",,Point,360.0000,-30.7292,18.5625,37.6667,-30.7292,18.5625,-30.7292,18.5625,-31.8542,18.8646,-29.6042,20.9833
1313061,Casework,"24""W x 40""H",,Point,360.0000,-32.8542,18.5625,36.6667,-32.8542,18.5625,-32.8542,18.5625,-33.8542,18.8646,-31.8542,20.8860
1313062,Casework,"27""W x 28""H",,Point,360.0000,-34.9792,18.5625,37.6667,-34.9792,18.5625,-34.9792,18.5625,-36.1042,18.8646,-33.8542,20.9833
1313063,Casework,"24"" Depth",,Point,90.0000,-30.1875,9.2604,32.1667,-30.1875,9.2604,-30.1875,9.2604,-33.3179,9.2604,-30.1875,14.2604
1313064,Plumbing Fixtures,"19"" x 19""",202,Point,270.0000,-31.5086,12.2396,32.1667,-31.5086,12.2396,-31.5086,12.2396,-32.0208,11.4479,-30.4375,13.0313
1313065,Doors,"36"" x 84"" (Cores)",404B,Point,90.0000,-29.8958,16.3229,32.1667,-29.8958,16.3229,-29.8958,16.3229,-33.1979,14.6563,-29.5521,17.9896
1313066,Plumbing Fixtures,"36""x36"" - Private",203,Point,360.0000,-39.1146,12.2604,32.1667,-39.1146,12.2604,-39.1146,12.2604,-39.1146,12.2604,-36.1146,15.2604
1313067,Plumbing Fixtures,Toilet-Domestic-3D,204,Point,90.0000,-37.4499,16.9479,32.1667,-37.4499,16.9479,-37.4499,16.9479,-39.0729,16.1166,-35.9782,17.7793
1313068,Walls,"Interior - 4 7/8"" Partition (NR)",,CurveMidpt,,-37.7917,15.4635,32.1667,-37.7917,15.4635,-37.7917,15.4635,-39.4688,15.2604,-36.1146,15.6667
1313069,Walls,"Interior - 4 7/8"" Partition (NR)",,CurveMidpt,,-37.7917,12.0573,32.1667,-37.7917,12.0573,-37.7917,12.0573,-39.4688,11.8542,-36.1146,12.2604
1313070,Specialty Equipment,"24""",,Point,90.0000,-39.1146,10.5104,32.1667,-39.1146,10.5104,-39.1146,10.5104,-39.1269,8.6853,-35.1146,12.3956
1313071,Generic Models,"18"" Deep",,CurveMidpt,,-29.5938,11.1667,32.1667,-29.5938,11.1667,-29.5938,11.1667,-29.5938,9.2604,-28.0938,13.0729
1313073,Specialty Equipment,Kitchenette - Medium,,Point,180.0000,-29.7927,18.8646,32.1667,-29.7927,18.8646,-29.7927,18.8646,-36.0625,18.6979,-27.6042,23.5576
1313074,Casework,"24"" Depth",,Point,180.0000,-27.6042,18.8646,32.1250,-27.6042,18.8646,-27.6042,18.8646,-34.1042,18.8646,-27.6042,22.1737
1313075,Specialty Equipment,"24"" x 25"" LH",,Point,180.0000,-35.0833,19.8477,32.1667,-35.0833,19.8477,-35.0833,19.8477,-36.4808,18.6979,-33.7460,21.1329
1313076,Specialty Equipment,"24"" x 24"" x 34""",,Point,180.0000,-33.1042,18.8646,32.1667,-33.1042,18.8646,-33.1042,18.8646,-34.5016,18.8586,-31.7668,23.5576
1313077,Plumbing Fixtures,"18"" x 18""",205,Point,180.0000,-30.9375,19.9063,32.1250,-30.9375,19.9063,-30.9375,19.9063,-31.6875,19.1563,-30.1875,21.2183
1313078,Specialty Equipment,"22"" x 20""",,Point,360.0000,-28.7292,19.8854,35.1250,-28.7292,19.8854,-28.7292,19.8854,-29.7708,18.9271,-27.6875,20.8437
1313079,Casework,"30""",,Point,180.0000,-37.4177,19.0885,32.1667,-37.4177,19.0885,-37.4177,19.0885,-38.7292,19.0885,-36.2292,21.8407
1313705,Walls,"Interior - 5 1/2"" Partition (1-hr Smoke)",,CurveMidpt,,-39.5938,5.7500,32.1667,-39.5938,5.7500,-39.5938,5.7500,-39.8229,2.4948,-39.3646,9.0052
1313706,Doors,"36"" x 84"" (20 MIN)",402B,Point,270.0000,-39.5938,4.6875,32.1667,-39.5938,4.6875,-39.5938,4.6875,-42.8229,3.0208,-39.3229,6.3542
1313707,Walls,"Interior - 8 1/2"" Partition (2-hr)",,CurveMidpt,,-39.4688,13.7917,32.1667,-39.4688,13.7917,-39.4688,13.7917,-39.8229,9.0052,-39.1146,18.5781
1313708,Walls,"Chase - GWB & Metal Stud 3 1/8""",,CurveMidpt,,-39.2448,30.4010,32.1667,-39.2448,30.4010,-39.2448,30.4010,-39.3750,18.4479,-39.1146,42.2240
1313709,Walls,"Chase - GWB & Metal Stud 3 1/8""",,CurveMidpt,,-44.5625,18.5781,32.1667,-44.5625,18.5781,-44.5625,18.5781,-49.8802,18.4479,-39.2448,18.7083
1315140,Casework,"24"" Depth",,Point,270.0000,-20.7396,39.7500,32.1667,-20.7396,39.7500,-20.7396,39.7500,-23.5800,29.2500,-20.7396,39.7500
1315141,Specialty Equipment,"18"" x 72""",,Point,90.0000,-21.4156,35.1471,32.1667,-21.4156,35.1471,-21.4156,35.1471,-23.4144,33.5000,-20.7396,39.8333
1315142,Furniture,"96"" x 12"" x 84""",,Point,90.0000,-21.2396,13.2500,32.1667,-21.2396,13.2500,-21.2396,13.2500,-21.7396,9.2500,-20.7396,17.2500
1315144,Furniture,"72"" x 12"" x 72""",,Point,90.0000,-21.2396,26.2500,32.1667,-21.2396,26.2500,-21.2396,26.2500,-21.7396,23.2500,-20.7396,29.2500
1317219,Walls,"Chase - GWB & Metal Stud 3 1/8""",,CurveMidpt,,-1.0833,28.0885,32.1667,-1.0833,28.0885,-1.0833,28.0885,-6.3437,27.9583,4.1771,28.2188
1317220,Walls,"Chase - GWB & Metal Stud 3 1/8""",,CurveMidpt,,-6.2135,23.4167,32.1667,-6.2135,23.4167,-6.2135,23.4167,-6.3437,18.6146,-6.0833,28.0885
1317221,Walls,"Chase - GWB & Metal Stud 3 1/8""",,CurveMidpt,,4.0469,25.7734,32.1667,4.0469,25.7734,4.0469,25.7734,3.9167,23.4583,4.1771,28.0885
1317222,Walls,"Chase - GWB & Metal Stud 3 1/8""",,CurveMidpt,,-1.1094,18.7448,32.1667,-1.1094,18.7448,-1.1094,18.7448,-6.2135,18.6146,4.0729,18.8750
1317223,Walls,"Furring - GWB & Channels 1 7/8""",,CurveMidpt,,3.9948,19.4766,32.1667,3.9948,19.4766,3.9948,19.4766,3.9167,18.7448,4.0729,20.2083
1319074,Walls,"Interior - 4 7/8"" Partition (NR)",,CurveMidpt,,-15.2656,16.2318,32.1667,-15.2656,16.2318,-15.2656,16.2318,-15.4687,13.5469,-15.0625,18.9167
1319075,Walls,"Interior - 7 1/4"" Partition (NR)",,CurveMidpt,,-13.6979,11.2760,32.1667,-13.6979,11.2760,-13.6979,11.2760,-14.0000,9.0052,-13.3958,13.7500
1319077,Generic Models,"18"" Deep",,CurveMidpt,,-14.0000,11.3021,32.1667,-14.0000,11.3021,-14.0000,11.3021,-15.5000,9.2604,-14.0000,13.3438
1319078,Walls,"Interior - 4 7/8"" Partition (NR)",,CurveMidpt,,-14.7552,13.5469,32.1667,-14.7552,13.5469,-14.7552,13.5469,-16.0625,13.3438,-13.6979,13.7500
1319079,Casework,"48""",,Point,270.0000,-13.3958,11.2604,32.1667,-13.3958,11.2604,-13.3958,11.2604,-13.3958,9.2604,-10.1688,13.2604
1319080,Specialty Equipment,"36"" x 48""",,Point,90.0000,-13.6979,11.2500,35.6667,-13.6979,11.2500,-13.6979,11.2500,-13.3958,9.7500,-12.0984,12.7500
1319081,Casework,"24"" Depth",,Point,90.0000,-13.3958,9.2604,32.1667,-13.3958,9.2604,-13.3958,9.2604,-13.3958,9.2604,-10.2654,13.2604
1319082,Plumbing Fixtures,"19"" x 19""",171,Point,270.0000,-12.0747,11.2604,32.1667,-12.0747,11.2604,-12.0747,11.2604,-13.1458,10.4688,-11.5625,12.0521
1319083,Walls,"Interior - 7 1/4"" Partition (NR)",,CurveMidpt,,-10.7552,18.9167,32.1667,-10.7552,18.9167,-10.7552,18.9167,-15.1667,18.6146,-6.3437,19.2187
1319084,Casework,"24""W x 40""H",,Point,360.0000,-7.3437,18.9167,36.6667,-7.3437,18.9167,-7.3437,18.9167,-8.3437,19.2187,-6.3437,21.2401
1319085,Casework,"27""W x 28""H",,Point,360.0000,-9.4687,18.9167,37.6667,-9.4687,18.9167,-9.4687,18.9167,-10.5937,19.2187,-8.3437,21.3374
1319086,Casework,"24""W x 40""H",,Point,360.0000,-11.5937,18.9167,36.6667,-11.5937,18.9167,-11.5937,18.9167,-12.5937,19.2187,-10.5937,21.2401
1319087,Casework,"27""W x 28""H",,Point,360.0000,-13.7187,18.9167,37.6667,-13.7187,18.9167,-13.7187,18.9167,-14.8437,19.2187,-12.5937,21.3374
1319088,Specialty Equipment,Kitchenette - Medium,,Point,180.0000,-8.5323,19.2187,32.1667,-8.5323,19.2187,-8.5323,19.2187,-14.8021,19.0521,-6.3437,23.9118
1319089,Casework,"24"" Depth",,Point,180.0000,-6.3437,19.2187,32.1250,-6.3437,19.2187,-6.3437,19.2187,-12.8437,19.2187,-6.3437,22.5279
1319090,Specialty Equipment,"24"" x 25"" LH",,Point,180.0000,-13.8229,20.2019,32.1667,-13.8229,20.2019,-13.8229,20.2019,-15.2203,19.0521,-12.4856,21.4871
1319091,Specialty Equipment,"24"" x 24"" x 34""",,Point,180.0000,-11.8437,19.2187,32.1667,-11.8437,19.2187,-11.8437,19.2187,-13.2412,19.2127,-10.5064,23.9118
1319092,Plumbing Fixtures,"18"" x 18""",178,Point,180.0000,-9.6771,20.2604,32.1250,-9.6771,20.2604,-9.6771,20.2604,-10.4271,19.5104,-8.9271,21.5725
1319093,Specialty Equipment,"22"" x 20""",,Point,360.0000,-7.4687,20.2396,35.1250,-7.4687,20.2396,-7.4687,20.2396,-8.5104,19.2812,-6.4271,21.1979
1319094,Doors,"36"" x 84"" (Cores)",406C,Point,90.0000,-15.2656,16.6979,32.1667,-15.2656,16.6979,-15.2656,16.6979,-15.5104,15.0313,-12.0625,18.3646
1319095,Plumbing Fixtures,Toilet-Domestic-3D,179,Point,270.0000,-6.9668,10.5104,32.1667,-6.9668,10.5104,-6.9668,10.5104,-8.4385,9.6791,-5.3437,11.3418
1319096,Plumbing Fixtures,"36""x36"" - Private",180,Point,180.0000,-5.2500,18.6146,32.1667,-5.2500,18.6146,-5.2500,18.6146,-8.2500,15.6146,-5.2500,18.6146
1319097,Walls,"Interior - 4 7/8"" Partition (NR)",,CurveMidpt,,-6.5729,15.4115,32.1667,-6.5729,15.4115,-6.5729,15.4115,-8.2500,15.2083,-4.8958,15.6146
1319098,Specialty Equipment,"24""",,Point,270.0000,-5.3437,13.8281,32.1667,-5.3437,13.8281,-5.3437,13.8281,-9.3437,11.9430,-5.3314,15.6532
1319100,Model Groups,Live_Work Core - Studio Two Story,,Point,,-5.3437,9.2500,32.1667,-5.3437,9.2500,-5.3437,9.2500,-16.5625,8.5052,-4.3958,24.4118
1320568,Walls,"Interior - 7 1/4"" Partition (NR)",,CurveMidpt,,28.7005,21.9583,32.1667,28.7005,21.9583,28.7005,21.9583,24.4427,21.6562,32.9583,22.2604
1322128,Walls,"Chase - GWB & Metal Stud 3 1/8""",,CurveMidpt,,-105.2344,18.5781,32.1667,-105.2344,18.5781,-105.2344,18.5781,-110.9740,18.4479,-99.3646,18.7083
1322129,Walls,"Chase - GWB & Metal Stud 3 1/8""",,CurveMidpt,,-94.8151,34.4219,32.1667,-94.8151,34.4219,-94.8151,34.4219,-99.6250,34.2917,-90.1042,34.5521
1322130,Walls,"Chase - GWB & Metal Stud 6 5/8""",,CurveMidpt,,-99.3490,38.3229,32.1667,-99.3490,38.3229,-99.3490,38.3229,-99.6250,34.4219,-99.0729,42.2240
1322131,Walls,"Chase - GWB & Metal Stud 3 1/8""",,CurveMidpt,,-94.8880,25.0781,32.1667,-94.8880,25.0781,-94.8880,25.0781,-99.6250,24.9479,-90.1042,25.2083
1322132,Walls,"Chase - GWB & Metal Stud 4 1/4""",,CurveMidpt,,-90.2812,29.7500,32.1667,-90.2812,29.7500,-90.2812,29.7500,-90.4583,25.0781,-90.1042,34.4219
1322133,Walls,"Chase - GWB & Metal Stud 3 1/8""",,CurveMidpt,,-99.4948,21.8281,32.1667,-99.4948,21.8281,-99.4948,21.8281,-99.6250,18.5781,-99.3646,25.0781
1322135,Walls,"Interior - 4 7/8"" Partition (NR)",,CurveMidpt,,-91.8698,38.3229,32.1667,-91.8698,38.3229,-91.8698,38.3229,-92.0729,34.4219,-91.6667,42.2240
1322136,Doors,"36"" x 84""",401B,Point,270.0000,-91.8698,36.4896,32.1667,-91.8698,36.4896,-91.8698,36.4896,-95.0729,34.8229,-91.6250,38.1563
1322137,Specialty Equipment,Grab Bar,,Point,90.0000,-99.0938,41.6667,32.1667,-99.0938,41.6667,-99.0938,41.6667,-99.0938,37.9167,-94.3438,41.6667
1322138,Plumbing Fixtures,"19"" Seat Height",80,Point,90.0000,-99.3490,40.1667,32.7500,-99.3490,40.1667,-99.3490,40.1667,-99.0729,39.3333,-96.6563,41.0000
1322139,Plumbing Fixtures,"22"" x 27""",81,Point,90.0000,-99.3490,35.9688,33.5512,-99.3490,35.9688,-99.3490,35.9688,-99.0729,35.0521,-95.9316,36.8854
1322140,Specialty Equipment,"28"" x 48""",,Point,90.0000,-99.3490,35.9688,35.6667,-99.3490,35.9688,-99.3490,35.9688,-99.0729,34.8021,-97.7494,37.1354
1322141,Plumbing Fixtures,Floor Drain-2D,82,Point,180.0000,-95.2604,38.1667,34.6250,-95.2604,38.1667,-95.2604,38.1667,-95.7771,37.6667,-94.7604,38.6667
1322324,Walls,"Chase - GWB & Metal Stud 3 1/8""",,CurveMidpt,,-49.8802,30.3359,32.1667,-49.8802,30.3359,-49.8802,30.3359,-50.0104,18.4479,-49.7500,42.2240
1322706,Specialty Equipment,Wheel Chair Circle,,Point,360.0000,6.4135,17.2917,32.1667,6.4135,17.2917,6.4135,17.2917,3.9135,14.7917,8.9135,19.7917
1331882,Walls,"Party - 6 1/8"" (2-hr)",,CurveMidpt,,41.2604,-25.2760,18.8333,41.2604,-25.2760,41.2604,-25.2760,40.7708,-30.0729,41.7500,-20.7552
1332337,Walls,"Chase - GWB & Metal Stud 3 1/8""",,CurveMidpt,,40.6198,-8.8750,32.1667,40.6198,-8.8750,40.6198,-8.8750,40.4896,-20.8854,40.7500,3.1354
1332338,Walls,"Chase - GWB & Metal Stud 3 1/8""",,CurveMidpt,,51.2552,-8.8750,32.1667,51.2552,-8.8750,51.2552,-8.8750,51.1250,-20.8854,51.3854,3.1354
1332339,Walls,"Chase - GWB & Metal Stud 3 1/8""",,CurveMidpt,,45.9375,3.0052,32.1667,45.9375,3.0052,45.9375,3.0052,40.6198,2.8750,51.2552,3.1354
1332340,Walls,"Chase - GWB & Metal Stud 3 1/8""",,CurveMidpt,,45.9375,-20.7552,32.1667,45.9375,-20.7552,45.9375,-20.7552,40.6198,-20.8854,51.2552,-20.6250
1340646,Walls,"Exterior - 14 5/8"" Rainscreen w Insultation on Metal Stud",,CurveMidpt,,-49.6406,-16.7422,32.1667,-49.6406,-16.7422,-49.6406,-16.7422,-50.2500,-26.2396,-49.0312,-7.2448
1341047,Walls,"Party - 6 1/8"" (2-hr)",,CurveMidpt,,-49.5208,4.9697,32.1667,-49.5208,4.9697,-49.5208,4.9697,-50.0104,-8.6387,-49.0313,18.5781
1366479,Columns,"24""D x 24""W",,Point,,23.9167,-12.7083,0.0000,23.9167,-12.7083,23.9167,-12.7083,22.9167,-13.7083,24.9167,-11.7083
1366597,Columns,"24""D x 24""W",,Point,,23.9167,2.5000,0.0000,23.9167,2.5000,23.9167,2.5000,22.9167,1.5000,24.9167,3.5000
1366698,Columns,"24""D x 24""W",,Point,,3.5833,2.5000,0.0000,3.5833,2.5000,3.5833,2.5000,2.5833,1.5000,4.5833,3.5000
1366727,Columns,"18""D x 24""W",,Point,90.0000,3.6771,-12.7083,0.0000,3.6771,-12.7083,3.6771,-12.7083,2.9271,-13.7083,4.4271,-11.7083
1366814,Columns,"24""D x 24""W",,Point,,3.5833,-27.5417,0.0000,3.5833,-27.5417,3.5833,-27.5417,2.5833,-28.5417,4.5833,-26.5417
1366959,Columns,"24""D x 24""W",,Point,,-20.2500,-27.5417,0.0000,-20.2500,-27.5417,-20.2500,-27.5417,-21.2500,-28.5417,-19.2500,-26.5417
1367010,Columns,"18""D x 18""W",,Point,90.0000,-20.3437,-12.7083,0.0000,-20.3437,-12.7083,-20.3437,-12.7083,-21.0937,-13.4583,-19.5937,-11.9583
1367314,Columns,"24""D x 24""W",,Point,,-20.2500,2.5000,0.0000,-20.2500,2.5000,-20.2500,2.5000,-21.2500,1.5000,-19.2500,3.5000
1367448,Columns,"24""D x 24""W",,Point,,41.2500,-27.5417,0.0000,41.2500,-27.5417,41.2500,-27.5417,40.2500,-28.5417,42.2500,-26.5417
1367629,Columns,"24""D x 24""W",,Point,,23.9167,41.4583,0.0000,23.9167,41.4583,23.9167,41.4583,22.9167,40.4583,24.9167,42.4583
1367692,Columns,"24""D x 24""W",,Point,,3.5833,41.4583,0.0000,3.5833,41.4583,3.5833,41.4583,2.5833,40.4583,4.5833,42.4583
1367747,Columns,"24""D x 24""W",,Point,,41.2500,41.4583,0.0000,41.2500,41.4583,41.2500,41.4583,40.2500,40.4583,42.2500,42.4583
1369202,Columns,"24""D x 24""W",,Point,,64.6314,19.2083,0.0000,64.6314,19.2083,64.6314,19.2083,63.6314,18.2083,65.6314,20.2083
1369203,Columns,"24""D x 24""W",,Point,,66.8311,2.5000,0.0000,66.8311,2.5000,66.8311,2.5000,65.8311,1.5000,67.8311,3.5000
1369204,Columns,"24""D x 24""W",,Point,,68.8333,-12.7083,0.0000,68.8333,-12.7083,68.8333,-12.7083,67.8333,-13.7083,69.8333,-11.7083
1369205,Columns,"24""D x 24""W",,Point,,61.7022,41.4583,0.0000,61.7022,41.4583,61.7022,41.4583,60.7022,40.4583,62.7022,42.4583
1370307,Columns,"24""D x 24""W",,Point,,23.9167,-27.5417,0.0000,23.9167,-27.5417,23.9167,-27.5417,22.9167,-28.5417,24.9167,-26.5417
1370441,Walls,"Chase - GWB & Metal Stud 3 1/8""",,CurveMidpt,,23.0469,-11.4870,32.1667,23.0469,-11.4870,23.0469,-11.4870,22.9167,-11.9167,23.1771,-11.0573
1371780,Columns,"24""D x 22""W",,Point,,41.2500,19.2083,0.0000,41.2500,19.2083,41.2500,19.2083,40.2500,18.2083,42.0833,20.2083
1371869,Columns,"24""D x 24""W",,Point,,-20.2500,19.2083,0.0000,-20.2500,19.2083,-20.2500,19.2083,-21.2500,18.2083,-19.2500,20.2083
1372300,Columns,"24""D x 24""W",,Point,,-20.2500,41.4583,0.0000,-20.2500,41.4583,-20.2500,41.4583,-21.2500,40.4583,-19.2500,42.4583
1372323,Columns,"24""D x 24""W",,Point,,-70.0000,41.4583,0.0000,-70.0000,41.4583,-70.0000,41.4583,-71.0000,40.4583,-69.0000,42.4583
1372380,Columns,"24""D x 24""W",,Point,,-90.7917,41.4583,0.0000,-90.7917,41.4583,-90.7917,41.4583,-91.7917,40.4583,-89.7917,42.4583
1372504,Columns,"32""D x 24""W",,Point,,-110.5000,2.5000,0.0000,-110.5000,2.5000,-110.5000,2.5000,-111.5000,0.8333,-109.5000,3.5000
1373387,Casework,"24"" Depth",,Point,270.0000,40.8719,39.7500,32.1667,40.8719,39.7500,40.8719,39.7500,38.0315,29.2500,40.8719,39.7500
1373388,Specialty Equipment,"18"" x 72""",,Point,90.0000,40.1959,35.2305,32.1667,40.1959,35.2305,40.1959,35.2305,38.1971,33.5833,40.8719,39.9167
1373389,Furniture,"72"" x 12"" x 72""",,Point,90.0000,40.3719,26.2500,32.1667,40.3719,26.2500,40.3719,26.2500,39.8719,23.2500,40.8719,29.2500
1373472,Furniture,"96"" x 12"" x 84""",,Point,90.0000,40.3719,13.2604,32.1667,40.3719,13.2604,40.3719,13.2604,39.8719,9.2604,40.8719,17.2604
1380214,Walls,"Interior - 4 7/8"" Partition (NR)",,CurveMidpt,,9.2240,11.1458,32.1667,9.2240,11.1458,9.2240,11.1458,9.0208,9.0052,9.4271,13.2865
1413471,Cameras,Green Roof - By Stair 1,,BBoxCenter,,133.9126,-41.4454,64.3333,133.9126,-41.4454,133.9126,-41.4454,-98.4946,-307.5293,366.3198,224.6386
1419725,Specialty Equipment,Wheel Chair Circle,,Point,360.0000,-94.7188,38.1667,34.6250,-94.7188,38.1667,-94.7188,38.1667,-97.2188,35.6667,-92.2188,40.6667
1419726,Specialty Equipment,ADA Clear Space,,Point,315.0000,-95.2733,38.8173,34.6250,-95.2733,38.8173,-95.2733,38.8173,-97.5713,36.5192,-92.9752,41.1154
1423922,Floors,Finish Floor - Polished Concrete (Brown),,BBoxCenter,,3.4099,12.7422,31.9167,3.4099,12.7422,3.4099,12.7422,-49.5208,1.8750,56.3406,23.6094
1431212,Rectangular Straight Wall Opening,Rectangular Straight Wall Opening,,BBoxCenter,,-32.2344,-6.6562,35.6667,-32.2344,-6.6562,-32.2344,-6.6562,-32.4375,-8.4896,-32.0313,-4.8229
1431226,Rectangular Straight Wall Opening,Rectangular Straight Wall Opening,,BBoxCenter,,21.0990,-6.6562,35.6667,21.0990,-6.6562,21.0990,-6.6562,20.8958,-8.4896,21.3021,-4.8229
1433766,Doors,"32"" x 84""",403OPN,Point,180.0000,-30.5313,-11.0573,32.1667,-30.5313,-11.0573,-30.5313,-11.0573,-31.8646,-11.2604,-29.1979,-10.8542
1433767,Walls,"Interior - 7 1/4"" Partition (NR)",,CurveMidpt,,-37.0130,-10.9583,32.1667,-37.0130,-10.9583,-37.0130,-10.9583,-41.7917,-11.2604,-32.0313,-10.6562
1433773,Walls,"Interior - 7 1/4"" Partition (NR)",,CurveMidpt,,16.3203,-10.9583,32.1667,16.3203,-10.9583,16.3203,-10.9583,11.5417,-11.2604,21.3021,-10.6562
1434199,Walls,"Interior - 7 1/4"" Partition (NR)",,CurveMidpt,,-30.4818,-8.9687,32.1667,-30.4818,-8.9687,-30.4818,-8.9687,-32.2344,-9.2708,-28.7292,-8.6667
1434209,Walls,"Interior - 7 1/4"" Partition (NR)",,CurveMidpt,,22.8516,-8.9688,32.1667,22.8516,-8.9688,22.8516,-8.9688,21.0990,-9.2708,24.6042,-8.6667
1435929,Cameras,Unit 302 - Toward Windows,,BBoxCenter,,-69.6303,-53.8899,22.9578,-69.6303,-53.8899,-69.6303,-53.8899,-114.7448,-100.5566,-24.5158,-7.2232
1435943,Cameras,Unit 302 - Toward Interior,,BBoxCenter,,-5.8442,21.0110,24.7808,-5.8442,21.0110,-5.8442,21.0110,-47.8132,-27.3833,36.1249,69.4053
1439144,Columns,"24""D x 22""W",,Point,,-49.2500,2.5000,0.0000,-49.2500,2.5000,-49.2500,2.5000,-49.9167,1.5000,-48.0833,3.5000
1441412,Columns,"24""D x 19""W",,Point,,-49.2500,-12.7083,0.0000,-49.2500,-12.7083,-49.2500,-12.7083,-49.8333,-13.7083,-48.2500,-11.7083
1454635,Walls,"Chase - GWB & Metal Stud 6 5/8""",,CurveMidpt,,-34.8255,-27.8989,32.1667,-34.8255,-27.8989,-34.8255,-27.8989,-48.5833,-28.1750,-21.2448,-27.6229
1454636,Windows,Schematic Opening Cut,129,Point,,-25.5313,-27.8989,33.2500,-25.5313,-27.8989,-25.5313,-27.8989,-27.3229,-28.1750,-23.7396,-26.3532
1454637,Windows,Schematic Opening Cut,132,Point,,-32.0313,-27.8989,33.2500,-32.0313,-27.8989,-32.0313,-27.8989,-33.8229,-28.1750,-30.2396,-26.3532
1454638,Windows,Schematic Opening Cut,134,Point,,-38.4479,-27.8989,33.2500,-38.4479,-27.8989,-38.4479,-27.8989,-40.2396,-28.1750,-36.6563,-26.3532
1454639,Windows,Schematic Opening Cut,136,Point,,-44.9479,-27.8989,33.2500,-44.9479,-27.8989,-44.9479,-27.8989,-46.7396,-28.1750,-43.1563,-26.3532
1454640,Walls,"Chase - GWB & Metal Stud 4 1/4""",,CurveMidpt,,-49.0234,-26.2396,32.1667,-49.0234,-26.2396,-49.0234,-26.2396,-50.2500,-26.4167,-48.2292,-26.0625
1454641,Walls,"Chase - GWB & Metal Stud 4 1/4""",,CurveMidpt,,-48.4063,-27.0693,32.1667,-48.4063,-27.0693,-48.4063,-27.0693,-48.5833,-27.8989,-48.2292,-26.2396
1474830,Walls,"Exterior - 5 3/8"" Rainscreen w Insultation (for Concrete Core Walls)",,CurveMidpt,,-105.4505,43.9740,-5.9167,-105.4505,43.9740,-105.4505,43.9740,-111.5000,43.7500,-99.1771,44.1979
1475270,Walls,"Exterior - 5 3/8"" Rainscreen w Insultation (for Concrete Core Walls)",,CurveMidpt,,-99.4010,43.0990,-5.9167,-99.4010,43.0990,-99.4010,43.0990,-99.6250,42.2240,-99.1771,43.9740
1475443,Walls,"Exterior - 5 3/8"" Rainscreen w Insultation (for Concrete Core Walls)",,CurveMidpt,,-44.5625,43.9740,-3.4583,-44.5625,43.9740,-44.5625,43.9740,-50.1979,43.7500,-38.9271,44.1979
1475676,Walls,"Exterior - 5 3/8"" Rainscreen w Insultation (for Concrete Core Walls)",,CurveMidpt,,-49.9740,43.0990,-3.4583,-49.9740,43.0990,-49.9740,43.0990,-50.1979,42.2240,-49.7500,43.9740
1475677,Walls,"Exterior - 5 3/8"" Rainscreen w Insultation (for Concrete Core Walls)",,CurveMidpt,,-39.1510,43.0990,-3.4583,-39.1510,43.0990,-39.1510,43.0990,-39.3750,42.2240,-38.9271,43.9740
1524790,Walls,"Chase - GWB & Metal Stud 6 5/8""",,CurveMidpt,,-8.0833,-29.8385,32.1667,-8.0833,-29.8385,-8.0833,-29.8385,-19.7500,-30.1146,3.5833,-29.5625
1524791,Windows,Schematic Opening Cut,153,Point,180.0000,-0.0417,-29.8385,33.4167,-0.0417,-29.8385,-0.0417,-29.8385,-1.8333,-30.1146,1.7500,-28.2928
1524983,Walls,"Chase - GWB & Metal Stud 3 1/8""",,CurveMidpt,,-19.3802,-29.0000,32.1667,-19.3802,-29.0000,-19.3802,-29.0000,-19.5104,-29.5625,-19.2500,-28.4375
1526883,Windows,Schematic Opening Cut,154,Point,180.0000,-16.6250,-29.8385,33.4167,-16.6250,-29.8385,-16.6250,-29.8385,-18.4167,-30.1146,-14.8333,-28.2928
1526891,Windows,Schematic Opening Cut,155,Point,180.0000,-10.7917,-29.8385,33.4167,-10.7917,-29.8385,-10.7917,-29.8385,-12.5833,-30.1146,-9.0000,-28.2928
1526899,Windows,Schematic Opening Cut,156,Point,180.0000,-5.8750,-29.8385,33.4167,-5.8750,-29.8385,-5.8750,-29.8385,-7.6667,-30.1146,-4.0833,-28.2928
1528956,Walls,"Chase - GWB & Metal Stud 6 5/8""",,CurveMidpt,,22.4219,-29.7969,32.1667,22.4219,-29.7969,22.4219,-29.7969,3.5833,-30.0729,41.2604,-29.5208
1529119,Windows,Schematic Opening Cut,198,Point,180.0000,9.5417,-29.7969,34.5833,9.5417,-29.7969,9.5417,-29.7969,7.7500,-30.0729,11.3333,-28.2511
1529362,Windows,Schematic Opening Cut,199,Point,180.0000,14.8750,-29.7969,34.5833,14.8750,-29.7969,14.8750,-29.7969,13.0833,-30.0729,16.6667,-28.2511
1529370,Windows,Schematic Opening Cut,200,Point,180.0000,20.2083,-29.7969,34.5833,20.2083,-29.7969,20.2083,-29.7969,18.4167,-30.0729,22.0000,-28.2511
1529378,Windows,Schematic Opening Cut,201,Point,180.0000,27.9583,-29.7969,34.5833,27.9583,-29.7969,27.9583,-29.7969,26.1667,-30.0729,29.7500,-28.2511
1529386,Windows,Schematic Opening Cut,202,Point,180.0000,33.2917,-29.7969,34.5833,33.2917,-29.7969,33.2917,-29.7969,31.5000,-30.0729,35.0833,-28.2511
1529394,Windows,Schematic Opening Cut,203,Point,180.0000,38.6250,-29.7969,34.5833,38.6250,-29.7969,38.6250,-29.7969,36.8333,-30.0729,40.4167,-28.2511
1530671,Walls,"Chase - GWB & Metal Stud 3 1/8""",,CurveMidpt,,4.4531,-29.1693,32.1667,4.4531,-29.1693,4.4531,-29.1693,4.3229,-29.7969,4.5833,-28.5417
1532609,Walls,"Exterior - 12 5/8"" Rainscreen w Insultation on Metal Stud",,CurveMidpt,,63.0024,36.8374,8.0833,63.0024,36.8374,63.0024,36.8374,61.8234,31.3822,64.2331,42.2274
1533733,Walls,"Chase - GWB & Metal Stud 3 1/8""",,CurveMidpt,,70.1446,-24.8947,32.1667,70.1446,-24.8947,70.1446,-24.8947,69.5519,-25.0996,70.6083,-24.7068
1533756,Walls,"Chase - GWB & Metal Stud 3 1/8""",,CurveMidpt,,69.7348,-25.2328,32.1667,69.7348,-25.2328,69.7348,-25.2328,69.5859,-25.5292,69.9006,-24.9365
1534218,Walls,"Chase - GWB & Metal Stud 6 5/8""",,CurveMidpt,,55.7961,-27.8932,32.1667,55.7961,-27.8932,55.7961,-27.8932,41.5855,-30.0330,70.0067,-25.7534
1534320,Windows,Schematic Opening Cut,212,Point,7.5000,49.6357,-28.7042,34.5833,49.6357,-28.7042,49.6357,-28.7042,47.6576,-29.2118,51.4481,-26.9378
1534385,Windows,Schematic Opening Cut,213,Point,7.5000,55.9149,-27.8776,34.5833,55.9149,-27.8776,55.9149,-27.8776,53.9367,-28.3851,57.7272,-26.1111
1534393,Windows,Schematic Opening Cut,214,Point,7.5000,61.1199,-27.1923,34.5833,61.1199,-27.1923,61.1199,-27.1923,59.1418,-27.6998,62.9323,-25.4259
1534401,Windows,Schematic Opening Cut,215,Point,7.5000,66.3250,-26.5070,34.5833,66.3250,-26.5070,66.3250,-26.5070,64.3469,-27.0146,68.1374,-24.7406
1534409,Windows,Schematic Opening Cut,216,Point,7.5000,44.6785,-29.3569,34.5833,44.6785,-29.3569,44.6785,-29.3569,42.7004,-29.8644,46.4908,-27.5904
1534695,Walls,"Chase - GWB & Metal Stud 3 1/8""",,CurveMidpt,,42.1198,-28.9279,32.1667,42.1198,-28.9279,42.1198,-28.9279,41.9896,-29.3141,42.2500,-28.5417
1615937,Railings,_IBC-Pipe-Plate Stringer (Guardrail),,BBoxCenter,,-104.8125,41.6042,37.7778,-104.8125,41.6042,-104.8125,41.6042,-108.9375,41.4479,-100.6875,41.7604
1616056,Railings,Pipe-Wall Mount,,BBoxCenter,,-100.6354,30.7292,39.0069,-100.6354,30.7292,-100.6354,30.7292,-101.3715,24.4375,-99.8994,37.0208
1616080,Top Rails,"_IBC-Circular - 1 1/2"" (Guardrail)",,BBoxCenter,,-104.8125,41.6979,27.7222,-104.8125,41.6979,-104.8125,41.6979,-108.9375,41.6354,-100.6875,41.7604
1616093,Handrails,"_IBC-Bottom Rail Circular - 1 1/2"" (Guardrail)",,BBoxCenter,,-104.8125,41.6979,28.0217,-104.8125,41.6979,-104.8125,41.6979,-108.8958,41.6354,-100.7292,41.7604
1616106,Handrails,"_IBC-Handrail Circular - 1 1/2""  (Guardrail)",,BBoxCenter,,-104.8125,41.5104,28.8264,-104.8125,41.5104,-104.8125,41.5104,-108.8750,41.4479,-100.7500,41.5729
1616187,Handrails,Pipe - Wall Mount,,BBoxCenter,,-108.9896,30.7292,31.7449,-108.9896,30.7292,-108.9896,30.7292,-109.7256,23.5208,-108.2535,37.9375
1616203,Handrails,Pipe - Wall Mount,,BBoxCenter,,-100.6354,30.7292,31.7569,-100.6354,30.7292,-100.6354,30.7292,-101.3715,24.4375,-99.8994,37.0208
1631812,Supports,"2'-8"" Picket",,Point,270.0000,-105.3021,24.5208,32.8203,-105.3021,24.5208,-105.3021,24.5208,-105.3229,24.5000,-105.2813,24.5417
1636600,Supports,"2'-8"" Picket",,Point,285.9819,-45.0456,24.4581,32.8203,-45.0456,24.4581,-45.0456,24.4581,-45.0714,24.4324,-45.0199,24.4839
1636601,Supports,"2'-8"" Picket",,Point,270.0000,-45.0521,24.7809,32.8203,-45.0521,24.7809,-45.0521,24.7809,-45.0729,24.7600,-45.0313,24.8017
1636602,Supports,"2'-8"" Picket",,Point,270.0000,-45.0521,25.1042,32.8203,-45.0521,25.1042,-45.0521,25.1042,-45.0729,25.0833,-45.0313,25.1250
1637611,Railings,_IBC-Pipe-Plate Stringer (Guardrail),,BBoxCenter,,-44.5625,41.8542,37.7778,-44.5625,41.8542,-44.5625,41.8542,-48.6875,41.6979,-40.4375,42.0104
1637772,Railings,Pipe-Wall Mount,,BBoxCenter,,-40.3854,32.2292,39.0069,-40.3854,32.2292,-40.3854,32.2292,-41.1215,25.9375,-39.6494,38.5208
1637799,Top Rails,"_IBC-Circular - 1 1/2"" (Guardrail)",,BBoxCenter,,-44.5625,41.9479,27.7222,-44.5625,41.9479,-44.5625,41.9479,-48.6875,41.8854,-40.4375,42.0104
1637814,Handrails,"_IBC-Bottom Rail Circular - 1 1/2"" (Guardrail)",,BBoxCenter,,-44.5625,41.9479,28.0217,-44.5625,41.9479,-44.5625,41.9479,-48.6458,41.8854,-40.4792,42.0104
1637827,Handrails,"_IBC-Handrail Circular - 1 1/2""  (Guardrail)",,BBoxCenter,,-44.5625,41.7604,28.8264,-44.5625,41.7604,-44.5625,41.7604,-48.6250,41.6979,-40.5000,41.8229
1637907,Handrails,Pipe - Wall Mount,,BBoxCenter,,-48.7396,31.3125,31.7449,-48.7396,31.3125,-48.7396,31.3125,-49.4756,24.1042,-48.0035,38.5208
1637923,Handrails,Pipe - Wall Mount,,BBoxCenter,,-40.3854,32.2292,31.7569,-40.3854,32.2292,-40.3854,32.2292,-41.1215,25.9375,-39.6494,38.5208
1644044,Railings,_IBC-Pipe-Plate Stringer (Extension None),,BBoxCenter,,45.9375,-3.3229,34.1602,45.9375,-3.3229,45.9375,-3.3229,45.1979,-4.6250,46.6771,-2.0208
1644049,Top Rails,"_IBC-Circular - 1 1/2"" (Extension None)",,BBoxCenter,,45.9375,-3.4063,35.4375,45.9375,-3.4063,45.9375,-3.4063,45.3854,-4.6042,46.4896,-2.2083
1644062,Handrails,"_IBC-Bottom Rail Circular - 1 1/2""",,BBoxCenter,,45.9375,-3.4063,32.8828,45.9375,-3.4063,45.9375,-3.4063,45.3854,-4.6042,46.4896,-2.2083
1644075,Handrails,"_IBC-Handrail Circular - 1 1/2"" (Extension None)",,BBoxCenter,,45.9375,-3.3125,34.9375,45.9375,-3.3125,45.9375,-3.3125,45.1979,-4.6042,46.6771,-2.0208
1644088,Supports,"2'-8"" Picket",,Point,270.0000,45.4479,-4.6042,32.8203,45.4479,-4.6042,45.4479,-4.6042,45.4271,-4.6250,45.4687,-4.5833
1644089,Supports,"2'-8"" Picket",,Point,270.0000,45.4479,-4.2984,32.8203,45.4479,-4.2984,45.4479,-4.2984,45.4271,-4.3192,45.4687,-4.2775
1644090,Supports,"2'-8"" Picket",,Point,270.0000,45.4479,-3.9926,32.8203,45.4479,-3.9926,45.4479,-3.9926,45.4271,-4.0134,45.4687,-3.9718
1644091,Supports,"2'-8"" Picket",,Point,270.0000,45.4479,-3.6868,32.8203,45.4479,-3.6868,45.4479,-3.6868,45.4271,-3.7076,45.4687,-3.6660
1644092,Supports,"2'-8"" Picket",,Point,270.0000,45.4479,-3.3810,32.8203,45.4479,-3.3810,45.4479,-3.3810,45.4271,-3.4019,45.4687,-3.3602
1644093,Supports,"2'-8"" Picket",,Point,270.0000,45.4479,-3.0752,32.8203,45.4479,-3.0752,45.4479,-3.0752,45.4271,-3.0961,45.4687,-3.0544
1644094,Supports,"2'-8"" Picket",,Point,270.0000,45.4479,-2.7695,32.8203,45.4479,-2.7695,45.4479,-2.7695,45.4271,-2.7903,45.4687,-2.7486
1644095,Supports,"2'-8"" Picket",,Point,270.0000,45.4479,-2.4637,32.8203,45.4479,-2.4637,45.4479,-2.4637,45.4271,-2.4845,45.4687,-2.4428
1644096,Supports,"2'-8"" Picket",,Point,180.0000,45.6324,-2.2708,32.8203,45.6324,-2.2708,45.6324,-2.2708,45.6116,-2.2917,45.6532,-2.2500
1644098,Supports,"2'-8"" Picket",,Point,180.0000,45.9382,-2.2708,32.8203,45.9382,-2.2708,45.9382,-2.2708,45.9174,-2.2917,45.9590,-2.2500
1644107,Floors,Stair Landing Steel Plate,,BBoxCenter,,45.9375,-1.5000,32.1562,45.9375,-1.5000,45.9375,-1.5000,41.7708,-4.8542,50.1042,1.8542
1644116,Slab Edges,_Stair Landing Plate Stringer,,BBoxCenter,,44.4479,-1.5266,33.2917,44.4479,-1.5266,44.4479,-1.5266,38.7708,-4.9281,50.1250,1.8750
1644585,Supports,"2'-8"" Picket",,Point,180.0000,46.2440,-2.2708,32.8203,46.2440,-2.2708,46.2440,-2.2708,46.2231,-2.2917,46.2648,-2.2500
1644586,Supports,"2'-8"" Picket",,Point,90.0000,46.4271,-2.4650,32.8203,46.4271,-2.4650,46.4271,-2.4650,46.4063,-2.4859,46.4479,-2.4442
1644587,Supports,"2'-8"" Picket",,Point,90.0000,46.4271,-2.7708,32.8203,46.4271,-2.7708,46.4271,-2.7708,46.4063,-2.7917,46.4479,-2.7500
1645750,Railings,Pipe-Wall Mount,,BBoxCenter,,41.7604,-9.8958,39.0069,41.7604,-9.8958,41.7604,-9.8958,41.0244,-16.1875,42.4965,-3.6042
1645829,Handrails,Pipe - Wall Mount,,BBoxCenter,,50.1146,-8.9792,31.7449,50.1146,-8.9792,50.1146,-8.9792,49.3785,-16.1875,50.8506,-1.7708
1645845,Handrails,Pipe - Wall Mount,,BBoxCenter,,41.7604,-9.8958,31.7569,41.7604,-9.8958,41.7604,-9.8958,41.0244,-16.1875,42.4965,-3.6042
1647027,Cameras,Coord - Arch Floors,,BBoxCenter,,-46.4139,-75.5549,-6.1061,-46.4139,-75.5549,-46.4139,-75.5549,-115.2050,-132.8939,22.3771,-18.2159
1647049,Cameras,Coord - Arch Stairs,,BBoxCenter,,8.0931,-101.1925,3.2992,8.0931,-101.1925,8.0931,-101.1925,-42.5114,-145.1081,58.6975,-57.2770
1664982,Lighting Fixtures,100W - 120V,342,Point,120.0000,41.7500,-16.6250,34.0833,41.7500,-16.6250,41.7500,-16.6250,41.5011,-17.4937,43.2385,-15.7563
1664985,Lighting Fixtures,100W - 120V,344,Point,120.0000,50.1250,-16.6250,34.0833,50.1250,-16.6250,50.1250,-16.6250,48.6365,-17.4937,50.3739,-15.7563
1665020,Cameras,Coord - Arch Lighting,,BBoxCenter,,-66.5204,-78.1148,-3.4506,-66.5204,-78.1148,-66.5204,-78.1148,-115.1984,-137.9548,-17.8424,-18.2748
1666718,Lighting Fixtures,100W - 120V,362,Point,240.0000,-48.7500,39.7395,34.0833,-48.7500,39.7395,-48.7500,39.7395,-48.9989,38.8709,-47.2615,40.6082
1667849,Lighting Fixtures,100W - 120V,379,Point,240.0000,-40.3750,39.7395,34.0833,-40.3750,39.7395,-40.3750,39.7395,-41.8635,38.8709,-40.1261,40.6082
1668623,Lighting Fixtures,100W - 120V,415,Point,240.0000,-109.0000,39.7395,34.0833,-109.0000,39.7395,-109.0000,39.7395,-109.2489,38.8709,-107.5115,40.6082
1668640,Lighting Fixtures,100W - 120V,427,Point,240.0000,-100.6250,39.7395,34.0833,-100.6250,39.7395,-100.6250,39.7395,-102.1135,38.8709,-100.3761,40.6082
1697022,Curtain Panels,Glazed,,BBoxCenter,,-86.7430,0.8023,34.7187,-86.7430,0.8023,-86.7430,0.8023,-88.1252,0.1424,-85.3607,1.4622
1697028,Curtain Wall Mullions,"2.5"" x 5"" rectangular (Orange)",,Point,180.0000,-88.2543,1.6055,33.1667,-88.2543,1.6055,-88.2543,1.6055,-88.3407,1.3295,-87.9783,1.7950
1697029,Curtain Wall Mullions,"2.5"" x 5"" rectangular (Orange)",,Point,335.5014,-85.1452,0.1887,33.1667,-85.1452,0.1887,-85.1452,0.1887,-85.4212,-0.0009,-85.0588,0.4646
1697064,Curtain Wall Mullions,"2.5"" x 5"" rectangular",,Point,267.4200,-88.0647,1.5191,33.1667,-88.0647,1.5191,-88.0647,1.5191,-88.1511,0.0855,-85.2484,1.7086
1697506,Curtain Panels,Glazed,,BBoxCenter,,-65.1148,0.8368,34.7187,-65.1148,0.8368,-65.1148,0.8368,-66.4971,0.1769,-63.7326,1.4967
1697507,Curtain Wall Mullions,"2.5"" x 5"" rectangular (Orange)",,Point,180.0000,-66.6262,1.6400,33.1667,-66.6262,1.6400,-66.6262,1.6400,-66.7125,1.3640,-66.3502,1.8296
1697508,Curtain Wall Mullions,"2.5"" x 5"" rectangular (Orange)",,Point,335.5014,-63.5171,0.2232,33.1667,-63.5171,0.2232,-63.5171,0.2232,-63.7931,0.0336,-63.4307,0.4992
1697509,Curtain Wall Mullions,"2.5"" x 5"" rectangular",,Point,267.4200,-66.4366,1.5536,33.1667,-66.4366,1.5536,-66.4366,1.5536,-66.5230,0.1200,-63.6203,1.7432
1919205,Walls,"Exterior - 12 5/8"" Rainscreen w Insultation on Metal Stud",,CurveMidpt,,11.4591,42.2240,8.0833,11.4591,42.2240,11.4591,42.2240,-39.3750,41.6979,62.8931,42.7500
1919734,Railings,Handrail - Balcony,,BBoxCenter,,-85.3333,44.7760,33.5000,-85.3333,44.7760,-85.3333,44.7760,-89.5833,42.7188,-81.0833,46.8333
1919736,Top Rails,"Rectangular - 2"" x 2""",,BBoxCenter,,-85.3333,44.7917,34.9167,-85.3333,44.7917,-85.3333,44.7917,-89.5833,42.7500,-81.0833,46.8333
1919748,Floors,"Concrete Slab 4""",,BBoxCenter,,-85.3333,44.7500,31.8333,-85.3333,44.7500,-85.3333,44.7500,-89.5000,42.7500,-81.1667,46.7500
1919753,Slab Edges,_Balcony C Channel,,BBoxCenter,,-83.9371,44.8537,33.1250,-83.9371,44.8537,-83.9371,44.8537,-89.7075,42.7500,-78.1667,46.9575
1919766,Specialty Equipment,Balcony Wall Brace,,Point,,-89.5237,42.2240,31.2297,-89.5237,42.2240,-89.5237,42.2240,-89.8571,42.7500,-89.4073,46.1204
1919767,Specialty Equipment,Balcony Wall Brace,,Point,180.0000,-81.1429,42.2240,31.3333,-81.1429,42.2240,-81.1429,42.2240,-81.2593,42.7500,-80.8096,46.1204
1919770,Model Groups,Live Work - Balcony,,Point,,-85.4010,42.7500,32.1667,-85.4010,42.7500,-85.4010,42.7500,-90.3571,38.6563,-77.6667,47.4575
1919778,Railings,Handrail - Balcony,,BBoxCenter,,50.6563,44.7760,33.5000,50.6563,44.7760,50.6563,44.7760,46.4063,42.7188,54.9063,46.8333
1919780,Top Rails,"Rectangular - 2"" x 2""",,BBoxCenter,,50.6563,44.7917,34.9167,50.6563,44.7917,50.6563,44.7917,46.4063,42.7500,54.9063,46.8333
1919792,Floors,"Concrete Slab 4""",,BBoxCenter,,50.6563,44.7500,31.8333,50.6563,44.7500,50.6563,44.7500,46.4896,42.7500,54.8229,46.7500
1919797,Slab Edges,_Balcony C Channel,,BBoxCenter,,52.0525,44.8537,33.1250,52.0525,44.8537,52.0525,44.8537,46.2821,42.7500,57.8229,46.9575
1919810,Specialty Equipment,Balcony Wall Brace,,Point,,46.4658,42.2240,31.2297,46.4658,42.2240,46.4658,42.2240,46.1325,42.7500,46.5823,46.1204
1919811,Specialty Equipment,Balcony Wall Brace,,Point,180.0000,54.8467,42.2240,31.3333,54.8467,42.2240,54.8467,42.2240,54.7302,42.7500,55.1800,46.1204
1919814,Model Groups,Live Work - Balcony,,Point,,50.5885,42.7500,32.1667,50.5885,42.7500,50.5885,42.7500,45.6325,38.6563,58.3229,47.4575
1919946,Doors,"36"" x 89"" (90 MIN)",401C,Point,180.0000,-87.4167,42.2240,32.1667,-87.4167,42.2240,-87.4167,42.2240,-89.1458,39.1563,-85.7500,42.7917
1919947,Doors,"36"" x 89"" (90 MIN)",410C,Point,180.0000,48.5729,42.2240,32.1667,48.5729,42.2240,48.5729,42.2240,46.8438,39.1563,50.2396,42.7917
1962606,Cameras,Coord - Arch Roofs,,BBoxCenter,,-46.4139,-75.5549,-6.1061,-46.4139,-75.5549,-46.4139,-75.5549,-115.2050,-132.8939,22.3771,-18.2159
2004820,Walls,"Exterior - 12 5/8"" Rainscreen w Insultation on Metal Stud",,CurveMidpt,,-110.9740,9.5331,18.8333,-110.9740,9.5331,-110.9740,9.5331,-111.5000,-0.1681,-110.4479,18.7083
2006856,Entourage,Cathy,,Point,,15.5115,-27.6229,32.1667,15.5115,-27.6229,15.5115,-27.6229,14.3248,-28.8833,16.6983,-26.3624
2012668,Entourage,Cynthia,,Point,,-60.0826,39.4116,32.1667,-60.0826,39.4116,-60.0826,39.4116,-61.5295,37.9647,-58.6357,41.3222
2023724,Railings,Handrail - Balcony,,BBoxCenter,,-3.5104,44.7760,33.5000,-3.5104,44.7760,-3.5104,44.7760,-7.7604,42.7188,0.7396,46.8333
2023726,Top Rails,"Rectangular - 2"" x 2""",,BBoxCenter,,-3.5104,44.7917,34.9167,-3.5104,44.7917,-3.5104,44.7917,-7.7604,42.7500,0.7396,46.8333
2023738,Floors,"Concrete Slab 4""",,BBoxCenter,,-3.5104,44.7500,31.8333,-3.5104,44.7500,-3.5104,44.7500,-7.6771,42.7500,0.6563,46.7500
2023743,Slab Edges,_Balcony C Channel,,BBoxCenter,,-2.1142,44.8537,33.1250,-2.1142,44.8537,-2.1142,44.8537,-7.8846,42.7500,3.6563,46.9575
2023756,Specialty Equipment,Balcony Wall Brace,,Point,,-7.7008,42.2240,31.2297,-7.7008,42.2240,-7.7008,42.2240,-8.0342,42.7500,-7.5844,46.1204
2023757,Specialty Equipment,Balcony Wall Brace,,Point,180.0000,0.6800,42.2240,31.3333,0.6800,42.2240,0.6800,42.2240,0.5636,42.7500,1.0133,46.1204
2023760,Model Groups,Live Work - Balcony,,Point,,-3.5781,42.7500,32.1667,-3.5781,42.7500,-3.5781,42.7500,-8.5342,38.6563,4.1563,47.4575
2023764,Doors,"36"" x 89"" (90 MIN)",406A,Point,180.0000,-5.5937,42.2240,32.1667,-5.5937,42.2240,-5.5937,42.2240,-7.3229,39.1563,-3.9271,42.7917
2024037,Elevations,Elevation 2,,BBoxCenter,,71.3355,9.3183,-5.9167,71.3355,9.3183,71.3355,9.3183,68.2135,6.1963,74.4574,12.4403
2024038,Views,East,,BBoxCenter,,70.8114,10.0117,-5.9167,70.8114,10.0117,70.8114,10.0117,69.0401,7.0229,72.5827,13.0006
2032249,Walls,"Core - Concrete 12""",,CurveMidpt,,45.9375,-20.1250,18.8333,45.9375,-20.1250,45.9375,-20.1250,40.7500,-20.6250,51.1250,-19.6250
2033670,Cameras,Camera in Stair 3 - Parking Level,,BBoxCenter,,35.1650,15.8680,-8.3086,35.1650,15.8680,35.1650,15.8680,6.0286,-19.0432,64.3014,50.7791
2035476,Views,Block 37 - Existing to New,,BBoxCenter,,-40.6587,-27.1894,32.0000,-40.6587,-27.1894,-40.6587,-27.1894,-43.7322,-38.5008,-37.5851,-15.8780
2035492,Views,Block 39 - Existing to New,,BBoxCenter,,1.6018,-29.4576,32.0000,1.6018,-29.4576,1.6018,-29.4576,-1.4718,-39.5765,4.6753,-19.3387
2035510,Views,Block 41 - Existing to New,,BBoxCenter,,27.5321,-30.4247,32.0000,27.5321,-30.4247,27.5321,-30.4247,24.4585,-42.0449,30.6056,-18.8045
2035758,Views,Block 43 - Existing to New,,BBoxCenter,,64.0309,-27.0319,32.0000,64.0309,-27.0319,64.0309,-27.0319,61.0842,-38.4026,66.9777,-15.6612
2035775,Views,Block 35 - Solar Wall,,BBoxCenter,,-77.0818,-9.3043,32.0000,-77.0818,-9.3043,-77.0818,-9.3043,-83.6390,-21.7109,-70.5245,3.1024
2067281,Walls,"Interior - 7 1/4"" Partition (NR)",,CurveMidpt,,-15.1667,20.2344,32.1667,-15.1667,20.2344,-15.1667,20.2344,-15.4687,18.6146,-14.8646,21.5521
2067615,Walls,"Interior - 7 1/4"" Partition (NR)",,CurveMidpt,,28.1797,13.0625,32.1667,28.1797,13.0625,28.1797,13.0625,23.1979,12.7604,33.2604,13.3646
2067987,Walls,"Interior - 7 1/4"" Partition (NR)",,CurveMidpt,,-37.0130,-2.0625,32.1667,-37.0130,-2.0625,-37.0130,-2.0625,-42.0938,-2.3646,-32.2344,-1.7604
2067993,Walls,"Interior - 7 1/4"" Partition (NR)",,CurveMidpt,,16.3203,-2.0625,32.1667,16.3203,-2.0625,16.3203,-2.0625,11.2396,-2.3646,21.0990,-1.7604
2068259,Walls,"Interior - 7 1/4"" Partition (NR)",,CurveMidpt,,-10.0443,-2.0625,32.1667,-10.0443,-2.0625,-10.0443,-2.0625,-14.5104,-2.3646,-5.6771,-1.7604
2075565,Wall Sweeps,Base_Simple,,BBoxCenter,,53.2266,20.9818,32.3437,53.2266,20.9818,53.2266,20.9818,53.2031,20.6562,53.2500,21.3073
2075736,Wall Sweeps,Base_Simple,,BBoxCenter,,-27.6276,20.9818,32.3437,-27.6276,20.9818,-27.6276,20.9818,-27.6510,20.6563,-27.6042,21.3073
2076994,Cameras,Camera - Unit 304 - Toward Core,,BBoxCenter,,-45.1612,-10.7294,24.9434,-45.1612,-10.7294,-45.1612,-10.7294,-81.9902,-61.4945,-8.3323,40.0357
2079816,Walls,"Chase - GWB & Metal Stud 4 1/4""",,CurveMidpt,,63.4327,4.3255,32.1667,63.4327,4.3255,63.4327,4.3255,63.2557,2.4948,63.6098,6.3333
2079817,Walls,"Chase - GWB & Metal Stud 4 1/4""",,CurveMidpt,,65.2372,6.1562,32.1667,65.2372,6.1562,65.2372,6.1562,63.4327,5.9792,67.0417,6.3333
2090316,Wall Sweeps,Base_Simple,,BBoxCenter,,18.4870,17.9271,32.3437,18.4870,17.9271,18.4870,17.9271,17.3802,13.1667,19.5938,22.6875
2090371,Wall Sweeps,Base_Simple,,BBoxCenter,,26.4271,13.8880,32.3437,26.4271,13.8880,26.4271,13.8880,17.3802,12.7135,35.4740,15.0625
2090509,Wall Sweeps,Base_Simple,,BBoxCenter,,34.3672,17.9271,32.3437,34.3672,17.9271,34.3672,17.9271,33.2604,13.1667,35.4740,22.6875
2090537,Wall Sweeps,Base_Simple,,BBoxCenter,,26.4271,22.6875,32.3437,26.4271,22.6875,26.4271,22.6875,17.3802,22.2344,35.4740,23.1406
2090832,Wall Sweeps,Base_Simple,,BBoxCenter,,22.2188,21.1667,32.3437,22.2188,21.1667,22.2188,21.1667,20.1979,20.0729,24.2396,22.2604
2091744,Floors,Cores - Mechanical Space,,BBoxCenter,,26.4271,17.9687,28.2448,26.4271,17.9687,26.4271,17.9687,17.7813,13.1146,35.0729,22.8229
2092490,Floors,Cores - Mechanical Space,,BBoxCenter,,-35.2604,-6.9271,28.2448,-35.2604,-6.9271,-35.2604,-6.9271,-43.9063,-11.7396,-26.6146,-2.1146
2095243,Wall Sweeps,Base_Simple,,BBoxCenter,,-35.2604,-2.9870,32.3437,-35.2604,-2.9870,-35.2604,-2.9870,-44.3073,-4.2604,-26.2135,-1.7135
2095244,Wall Sweeps,Base_Simple,,BBoxCenter,,-27.3203,-7.1302,32.3437,-27.3203,-7.1302,-27.3203,-7.1302,-28.4271,-12.0937,-26.2135,-2.1667
2095245,Wall Sweeps,Base_Simple,,BBoxCenter,,-43.2005,-6.9271,32.3437,-43.2005,-6.9271,-43.2005,-6.9271,-44.3073,-12.0937,-42.0938,-1.7604
2095248,Wall Sweeps,Base_Simple,,BBoxCenter,,-29.0833,-11.2839,32.3437,-29.0833,-11.2839,-29.0833,-11.2839,-29.1354,-11.3073,-29.0313,-11.2604
2095278,Floors,Cores - Mechanical Space,,BBoxCenter,,18.0729,-6.9271,28.2448,18.0729,-6.9271,18.0729,-6.9271,9.4271,-11.7396,26.7188,-2.1146
2095381,Wall Sweeps,Base_Simple,,BBoxCenter,,18.0729,-2.9870,32.3437,18.0729,-2.9870,18.0729,-2.9870,9.0260,-4.2604,27.1198,-1.7135
2095382,Wall Sweeps,Base_Simple,,BBoxCenter,,26.0130,-7.1302,32.3437,26.0130,-7.1302,26.0130,-7.1302,24.9063,-12.0938,27.1198,-2.1667
2095383,Wall Sweeps,Base_Simple,,BBoxCenter,,10.1328,-6.9271,32.3437,10.1328,-6.9271,10.1328,-6.9271,9.0260,-12.0937,11.2396,-1.7604
2101367,Floors,Cores - Mechanical Space,,BBoxCenter,,62.2637,-3.8333,28.2448,62.2637,-3.8333,62.2637,-3.8333,55.8354,-10.0104,68.6920,2.3437
2104836,Wall Sweeps,Base_Simple,,BBoxCenter,,-8.2500,-11.4974,32.3437,-8.2500,-11.4974,-8.2500,-11.4974,-16.6406,-12.1406,0.1406,-10.8542
2104898,Wall Sweeps,Base_Simple,,BBoxCenter,,-0.9661,-6.9271,32.3437,-0.9661,-6.9271,-0.9661,-6.9271,-2.0729,-11.6875,0.1406,-2.1667
2104942,Wall Sweeps,Base_Simple,,BBoxCenter,,-8.2500,-6.2839,32.3437,-8.2500,-6.2839,-8.2500,-6.2839,-16.6406,-10.8542,0.1406,-1.7135
2105015,Wall Sweeps,Base_Simple,,BBoxCenter,,-15.5755,-6.9271,32.3437,-15.5755,-6.9271,-15.5755,-6.9271,-16.6406,-11.6875,-14.5104,-2.1667
2110101,Furniture,Chair-Kinder,,Point,45.0000,53.3441,44.1101,32.0000,53.3441,44.1101,53.3441,44.1101,51.9537,42.8291,54.6250,45.5005
2110239,Furniture,"20"" Diameter",,Point,45.0000,51.7531,45.7010,32.0000,51.7531,45.7010,51.7531,45.7010,50.5893,44.5373,52.9169,46.8648
2110417,Furniture,Chair-Kinder,,Point,135.0000,50.1621,44.1101,32.0000,50.1621,44.1101,50.1621,44.1101,48.8812,42.8291,51.5526,45.5005
2111056,Wall Sweeps,Base_Simple,,BBoxCenter,,24.9297,-12.9245,32.3437,24.9297,-12.9245,24.9297,-12.9245,24.9063,-13.7552,24.9531,-12.0938
2111082,Wall Sweeps,Base_Simple,,BBoxCenter,,23.8880,-12.5078,32.3437,23.8880,-12.5078,23.8880,-12.5078,22.8698,-13.7552,24.9063,-11.2604
2113168,Floors,Finish Floor - Polished Concrete (Grey),,BBoxCenter,,-80.1094,15.6177,31.9167,-80.1094,15.6177,-80.1094,15.6177,-110.6979,-10.5147,-49.5208,41.7500
2116277,Floors,Finish Floor - Laminate,,BBoxCenter,,22.4167,25.4531,31.9167,22.4167,25.4531,22.4167,25.4531,3.9688,9.1562,40.8646,41.7500
2116294,Floors,Finish Floor - Polished Concrete (Brown),,BBoxCenter,,26.4271,17.5104,31.9167,26.4271,17.5104,26.4271,17.5104,20.1458,13.3125,32.7083,21.7083
2116620,Floors,Finish Floor - Laminate,,BBoxCenter,,54.1132,22.1979,31.9167,54.1132,22.1979,54.1132,22.1979,41.6354,2.6458,66.5911,41.7500
2116639,Floors,Finish Floor - Polished Concrete (Brown),,BBoxCenter,,46.1719,13.7344,31.9167,46.1719,13.7344,46.1719,13.7344,41.6354,9.1562,50.7083,18.3125
2116761,Floors,Finish Floor - Laminate,,BBoxCenter,,-29.9010,25.4531,31.9167,-29.9010,25.4531,-29.9010,25.4531,-39.1667,9.1563,-20.6354,41.7500
2116770,Floors,Finish Floor - Polished Concrete (Brown),,BBoxCenter,,-34.6823,13.7344,31.9167,-34.6823,13.7344,-34.6823,13.7344,-39.2188,9.1563,-30.1458,18.3125
2116834,Floors,Finish Floor - Laminate,,BBoxCenter,,-8.3333,25.4531,31.9167,-8.3333,25.4531,-8.3333,25.4531,-19.8646,9.1563,3.1979,41.7500
2116839,Floors,Finish Floor - Polished Concrete (Brown),,BBoxCenter,,-10.1771,13.9115,31.9167,-10.1771,13.9115,-10.1771,13.9115,-15.1146,9.1563,-5.2396,18.6667
2116889,Floors,Finish Floor - Laminate,,BBoxCenter,,56.2016,-13.5932,31.9167,56.2016,-13.5932,56.2016,-13.5932,41.6458,-29.5302,70.7573,2.3437
2116999,Floors,Finish Floor - Polished Concrete (Brown),,BBoxCenter,,63.1440,-2.5365,31.9167,63.1440,-2.5365,63.1440,-2.5365,57.9375,-7.4167,68.3506,2.3437
2117157,Floors,Finish Floor - Laminate,,BBoxCenter,,22.4219,-13.6146,31.9167,22.4219,-13.6146,22.4219,-13.6146,3.9688,-29.5729,40.8750,2.3437
2117174,Floors,Finish Floor - Polished Concrete (Brown),,BBoxCenter,,18.0729,-6.5104,31.9167,18.0729,-6.5104,18.0729,-6.5104,11.7917,-10.7083,24.3542,-2.3125
2117333,Floors,Finish Floor - Laminate,,BBoxCenter,,-34.8594,-12.6656,31.9167,-34.8594,-12.6656,-34.8594,-12.6656,-49.0833,-27.6750,-20.6354,2.3438
2117348,Floors,Finish Floor - Polished Concrete (Brown),,BBoxCenter,,-35.0104,-6.5104,31.9167,-35.0104,-6.5104,-35.0104,-6.5104,-41.5417,-10.7083,-28.4792,-2.3125
2117374,Floors,Finish Floor - Laminate,,BBoxCenter,,-8.3333,-13.6354,31.9167,-8.3333,-13.6354,-8.3333,-13.6354,-19.8646,-29.6146,3.1979,2.3438
2117445,Floors,Finish Floor - Polished Concrete (Brown),,BBoxCenter,,-8.2917,-6.5104,31.9167,-8.2917,-6.5104,-8.2917,-6.5104,-13.9583,-10.7083,-2.6250,-2.3125
2117477,Cameras,Coord - Arch Floors & Walls,,BBoxCenter,,-46.4139,-75.5549,-6.1061,-46.4139,-75.5549,-46.4139,-75.5549,-115.2050,-132.8939,22.3771,-18.2159
2121345,Views,Transverse Section - Stair 1,,BBoxCenter,,-102.0245,11.1909,32.0000,-102.0245,11.1909,-102.0245,11.1909,-105.1025,-44.4184,-98.9465,66.8001
2121395,Views,Transverse Section - Elevator 1,,BBoxCenter,,-96.0245,11.1909,32.0000,-96.0245,11.1909,-96.0245,11.1909,-99.1025,-44.4184,-92.9465,66.8001
2121412,Views,Transverse Section - Commercial - Grid 3,,BBoxCenter,,-74.0245,11.1909,32.0000,-74.0245,11.1909,-74.0245,11.1909,-77.1025,-44.4184,-70.9465,66.8001
2121425,Views,Transverse Section - Commercial - Mezzanine Stair,,BBoxCenter,,-52.0245,11.1909,32.0000,-52.0245,11.1909,-52.0245,11.1909,-55.1025,-44.4184,-48.9465,66.8001
2121440,Views,Transverse Section - Stair 2,,BBoxCenter,,-42.5245,11.1909,32.0000,-42.5245,11.1909,-42.5245,11.1909,-45.6025,-44.4184,-39.4465,66.8001
2121736,Views,Transverse Section - Retail/Residential - Grid 5,,BBoxCenter,,-24.5245,11.1909,32.0000,-24.5245,11.1909,-24.5245,11.1909,-27.6025,-44.4184,-21.4465,66.8001
2121835,Views,Transverse Section - Retail Lobby Stair,,BBoxCenter,,-12.7745,11.1909,32.0000,-12.7745,11.1909,-12.7745,11.1909,-15.8525,-44.4184,-9.6965,66.8001
2121850,Views,Transverse Section - Elevator 2,,BBoxCenter,,-0.0245,11.1909,32.0000,-0.0245,11.1909,-0.0245,11.1909,-3.1025,-44.4184,3.0535,66.8001
2121893,Views,Transverse Section - Retail/Residential - Grid 7,,BBoxCenter,,13.4755,11.1909,32.0000,13.4755,11.1909,13.4755,11.1909,10.3975,-44.4184,16.5535,66.8001
2121925,Views,Transverse Section - Stair 3,,BBoxCenter,,48.4755,11.1909,32.0000,48.4755,11.1909,48.4755,11.1909,45.3975,-44.4184,51.5535,66.8001
2121938,Views,Transverse Section - Retail/Residential - Grid 9,,BBoxCenter,,57.4755,11.1909,32.0000,57.4755,11.1909,57.4755,11.1909,54.3975,-44.4184,60.5535,66.8001
2123753,Views,Transverse Section - Retail/Residential - Grid 8,,BBoxCenter,,31.4755,11.1909,32.0000,31.4755,11.1909,31.4755,11.1909,28.3975,-44.4184,34.5535,66.8001
2140760,Cameras,Camera - Commercial Space L3,,BBoxCenter,,-136.7890,-50.4461,37.7500,-136.7890,-50.4461,-136.7890,-50.4461,-221.4838,-141.4597,-52.0942,40.5675
2140770,Cameras,Camera - Commercial Space L4,,BBoxCenter,,-136.7890,-50.4461,49.8333,-136.7890,-50.4461,-136.7890,-50.4461,-221.4838,-141.4597,-52.0942,40.5675
2141688,Cameras,WV_3D Beam Wraps,,BBoxCenter,,-40.5960,-17.9215,48.7475,-40.5960,-17.9215,-40.5960,-17.9215,-81.4764,-48.8558,0.2844,13.0128
2174112,Doors,"36"" x 84"" (60 MIN)",406B,Point,180.0000,-17.8229,9.0052,32.1667,-17.8229,9.0052,-17.8229,9.0052,-19.4896,8.7083,-16.1563,12.2604
2224514,Walls,"Interior - 7 1/4"" Partition (NR)",,CurveMidpt,,50.9583,15.9687,32.1667,50.9583,15.9687,50.9583,15.9687,50.6562,13.3750,51.2604,18.5625
2224565,Walls,"Interior - 7 1/4"" Partition (NR)",,CurveMidpt,,-29.8958,15.9688,32.1667,-29.8958,15.9688,-29.8958,15.9688,-30.1979,13.3750,-29.5938,18.5625
2224752,Wall Sweeps,Base_Simple,,BBoxCenter,,52.4818,17.4922,32.3437,52.4818,17.4922,52.4818,17.4922,51.2604,13.6771,53.7031,21.3073
2224958,Wall Sweeps,Base_Simple,,BBoxCenter,,-28.5078,17.4922,32.3437,-28.5078,17.4922,-28.5078,17.4922,-29.8646,13.6771,-27.1510,21.3073
2225773,Walls,"Interior - 7 1/4"" Partition (NR)",,CurveMidpt,,52.2057,13.3750,32.1667,52.2057,13.3750,52.2057,13.3750,50.9583,13.0729,53.6563,13.6771
2225774,Wall Sweeps,Base_Simple,,BBoxCenter,,52.4818,11.1667,32.3437,52.4818,11.1667,52.4818,11.1667,51.2604,9.2604,53.7031,13.0729
2225827,Walls,"Interior - 7 1/4"" Partition (NR)",,CurveMidpt,,-28.6484,13.3750,32.1667,-28.6484,13.3750,-28.6484,13.3750,-29.8958,13.0729,-27.1979,13.6771
2225828,Wall Sweeps,Base_Simple,,BBoxCenter,,-28.3958,11.1667,32.3437,-28.3958,11.1667,-28.3958,11.1667,-29.5938,9.2604,-27.1979,13.0729
2236806,Shaft Openings,Opening Cut,,BBoxCenter,,65.2847,4.3646,32.1667,65.2847,4.3646,65.2847,4.3646,63.6098,2.7500,66.9596,5.9792
2239021,Cameras,Camera - Exterior Street View (Hidden),,BBoxCenter,,-26.1040,-63.9239,36.5045,-26.1040,-63.9239,-26.1040,-63.9239,-116.8507,-121.0847,64.6427,-6.7631
2239151,Plumbing Fixtures,"19"" x 19""",217,Point,360.0000,26.1510,20.3560,32.1667,26.1510,20.3560,26.1510,20.3560,25.3594,19.8437,26.9427,21.4271
2239152,Plumbing Fixtures,"19"" x 19""",220,Point,360.0000,28.9010,20.3560,32.1667,28.9010,20.3560,28.9010,20.3560,28.1094,19.8437,29.6927,21.4271
2239153,Casework,"72""",,Point,360.0000,27.6458,21.6562,32.1667,27.6458,21.6562,27.6458,21.6562,24.6458,18.4292,30.6458,21.6562
2239272,Casework,"72""",,Point,180.0000,32.6563,21.6562,32.1667,32.6563,21.6562,32.6563,21.6562,24.6458,19.5729,32.6563,21.6562
2248379,Cameras,3D (Shaded) Uncropped,,BBoxCenter,,-722.8520,-2323.4312,978.1812,-722.8520,-2323.4312,-722.8520,-2323.4312,-1422.8924,-4641.0900,-22.8116,-5.7724
2259040,Shaft Openings,Opening Cut,,BBoxCenter,,-109.9271,31.2292,32.1667,-109.9271,31.2292,-109.9271,31.2292,-110.5000,19.7083,-109.3542,42.7500
2266456,Walls,"Interior - 4 7/8"" Partition (NR)",,CurveMidpt,,-4.1276,-11.0573,32.1667,-4.1276,-11.0573,-4.1276,-11.0573,-5.8802,-11.2604,-2.3750,-10.8542
2266459,Doors,"32"" x 84""",405OPN,Point,180.0000,-4.1771,-11.0573,32.1667,-4.1771,-11.0573,-4.1771,-11.0573,-5.5104,-11.2604,-2.8437,-10.8542
2266460,Walls,"Interior - 7 1/4"" Partition (NR)",,CurveMidpt,,-4.1276,-8.9687,32.1667,-4.1276,-8.9687,-4.1276,-8.9687,-5.8802,-9.2708,-2.3750,-8.6667
2266461,Wall Sweeps,Base_Simple,,BBoxCenter,,-4.1771,-10.0625,32.3437,-4.1771,-10.0625,-4.1771,-10.0625,-5.6771,-10.8542,-2.6771,-9.2708
2266462,Wall Sweeps,Base_Simple,,BBoxCenter,,-2.7839,-11.0807,32.3437,-2.7839,-11.0807,-2.7839,-11.0807,-2.8906,-11.3073,-2.6771,-10.8542
2267788,Rectangular Straight Wall Opening,Rectangular Straight Wall Opening,,BBoxCenter,,-5.8802,-6.6562,35.6667,-5.8802,-6.6562,-5.8802,-6.6562,-6.0833,-8.4896,-5.6771,-4.8229
2268068,Wall Sweeps,Base_Simple,,BBoxCenter,,-2.7005,-10.0625,32.3437,-2.7005,-10.0625,-2.7005,-10.0625,-2.7240,-10.8542,-2.6771,-9.2708
2270380,Stairs,Stair,,BBoxCenter,,-8.4062,-14.7083,37.7291,-8.4062,-14.7083,-8.4062,-14.7083,-16.6562,-16.3750,-0.1562,-13.0417
2270381,Runs,"2"" Tread 1"" Nosing 1/4"" Riser",,BBoxCenter,,-8.3542,-14.6250,37.6667,-8.3542,-14.6250,-8.3542,-14.6250,-16.6562,-16.2083,-0.0521,-13.0417
2270383,Supports,"Stringer - 2"" Width",,BBoxCenter,,-8.4062,-16.2917,37.7291,-8.4062,-16.2917,-8.4062,-16.2917,-16.6562,-16.3750,-0.1562,-16.2083
2270384,Supports,"Stringer - 2"" Width",,BBoxCenter,,-8.4062,-13.1250,37.7291,-8.4062,-13.1250,-8.4062,-13.1250,-16.6562,-13.2083,-0.1562,-13.0417
2270393,Railings,Handrail - Glass Panel w Brackets,,BBoxCenter,,-9.7917,-12.6302,39.4561,-9.7917,-12.6302,-9.7917,-12.6302,-19.6771,-13.2917,0.0938,-11.9687
2270396,Railings,Handrail - Glass Panel w Brackets,,BBoxCenter,,-6.8385,-16.1406,39.4561,-6.8385,-16.1406,-6.8385,-16.1406,-16.6875,-16.2917,3.0104,-15.9896
2270401,Top Rails,Top Rail Square 2x2,,BBoxCenter,,-8.4062,-13.2083,40.8576,-8.4062,-13.2083,-8.4062,-13.2083,-16.6562,-13.2917,-0.1562,-13.1250
2270412,Top Rails,Top Rail Square 2x2,,BBoxCenter,,-8.4062,-16.2083,40.8576,-8.4062,-16.2083,-8.4062,-16.2083,-16.6562,-16.2917,-0.1562,-16.1250
2271634,Elevations,Elevation 1,,BBoxCenter,,-34.5266,-7.5599,32.1667,-34.5266,-7.5599,-34.5266,-7.5599,-37.5266,-10.5599,-31.5266,-4.5599
2271788,Elevations,Elevation 1,,BBoxCenter,,-24.8599,-7.5599,32.1667,-24.8599,-7.5599,-24.8599,-7.5599,-27.8599,-10.5599,-21.8599,-4.5599
2271805,Views,Live_Work Core - Standard - Kitchen Elevation,,BBoxCenter,,-25.7732,-6.5599,32.1667,-25.7732,-6.5599,-25.7732,-6.5599,-27.6865,-7.9741,-23.8599,-5.1457
2271960,Views,Live_Work Core - Standard - South Elevation,,BBoxCenter,,-33.5266,-8.6614,32.1667,-33.5266,-8.6614,-33.5266,-8.6614,-34.9408,-10.7629,-32.1124,-6.5599
2271987,Views,Live_Work Core - Standard - East Elevation,,BBoxCenter,,-31.6133,-6.5599,32.1667,-31.6133,-6.5599,-31.6133,-6.5599,-33.5266,-7.9741,-29.7000,-5.1457
2271996,Views,Live_Work Core - Standard - West Elevation,,BBoxCenter,,-35.4399,-6.5599,32.1667,-35.4399,-6.5599,-35.4399,-6.5599,-37.3532,-7.9741,-33.5266,-5.1457
2272005,Views,Live_Work Core - Standard - North Elevation,,BBoxCenter,,-33.5266,-4.4584,32.1667,-33.5266,-4.4584,-33.5266,-4.4584,-34.9408,-6.5599,-32.1124,-2.3569
2272113,Elevations,Elevation 1,,BBoxCenter,,-47.6609,-7.5599,32.1667,-47.6609,-7.5599,-47.6609,-7.5599,-50.6609,-10.5599,-44.6609,-4.5599
2272114,Views,Live_Work Core - Standard - Workstation Elevation,,BBoxCenter,,-44.7476,-6.5599,32.1667,-44.7476,-6.5599,-44.7476,-6.5599,-46.6609,-7.9741,-42.8343,-5.1457
2278019,Wall Sweeps,Base_Simple,,BBoxCenter,,32.6328,22.7005,32.3437,32.6328,22.7005,32.6328,22.7005,32.6094,22.2604,32.6563,23.1406
2281139,Wall Sweeps,Base_Simple,,BBoxCenter,,52.4818,13.3984,32.3437,52.4818,13.3984,52.4818,13.3984,51.2604,13.0729,53.7031,13.7240
2281272,Wall Sweeps,Base_Simple,,BBoxCenter,,-28.3958,13.7005,32.3437,-28.3958,13.7005,-28.3958,13.7005,-29.5938,13.6771,-27.1979,13.7240
2293709,Wall Sweeps,Base_Simple,,BBoxCenter,,17.3802,-11.2839,32.3437,17.3802,-11.2839,17.3802,-11.2839,11.8438,-11.3073,22.9167,-11.2604
2304725,Cameras,Walkthrough Lobby Stair,,BBoxCenter,,-31.5478,-56.3579,4.5948,-31.5478,-56.3579,-31.5478,-56.3579,-100.4153,-119.9662,37.3197,7.2504
2331168,Shaft Openings,Opening Cut,,BBoxCenter,,6.4948,12.7917,32.1667,6.4948,12.7917,6.4948,12.7917,4.0729,12.2969,8.9167,13.2865
2339312,Curtain Wall Grids,Grid Line,,BBoxCenter,,-106.1468,-6.3085,38.6667,-106.1468,-6.3085,-106.1468,-6.3085,-107.9626,-10.2931,-104.3311,-2.3239
2339316,Curtain Panels,Square,,BBoxCenter,,-105.1748,-8.0942,31.9774,-105.1748,-8.0942,-105.1748,-8.0942,-106.8521,-9.2698,-103.4974,-6.9185
2339341,Curtain Wall Mullions,"1"" x 1.5"" (Black)",,Point,155.7930,-103.4859,-8.2064,35.1298,-103.4859,-8.2064,-103.4859,-8.2064,-106.3875,-8.2503,-103.4829,-6.8867
2339349,Curtain Wall Mullions,"1"" x 1.5"" (Black)",,Point,189.7718,-106.8675,-7.8899,28.8106,-106.8675,-7.8899,-106.8675,-7.8899,-106.9224,-7.9446,-106.3675,-6.8587
2339350,Curtain Wall Mullions,"1"" x 1.5"" (Black)",,Point,189.7718,-106.4054,-6.8760,35.1298,-106.4054,-6.8760,-106.4054,-6.8760,-106.4604,-6.9306,-106.2917,-6.6924
2339392,Curtain Panels,Solar Wall Window Frame,,CurveMidpt,,-100.2035,-12.8600,18.8333,-100.2035,-12.8600,-100.2035,-12.8600,-100.6981,-11.3745,-96.8636,-8.1020
2339393,Curtain Panels,Empty,,BBoxCenter,,-98.9639,-10.1400,35.7858,-98.9639,-10.1400,-98.9639,-10.1400,-100.3511,-10.9425,-97.5768,-9.3374
2339398,Curtain Panels,Solar Wall Window Frame,,CurveMidpt,,-106.1183,-10.1647,18.8333,-106.1183,-10.1647,-106.1183,-10.1647,-106.6130,-8.6791,-102.7784,-5.4067
2339399,Curtain Panels,Empty,,BBoxCenter,,-104.8788,-7.4446,35.7858,-104.8788,-7.4446,-104.8788,-7.4446,-106.2659,-8.2472,-103.4916,-6.6420
2339408,Curtain Wall Mullions,"2.5"" x 5"" rectangular (Orange)",,Point,169.7617,-100.2980,-9.6512,35.1708,-100.2980,-9.6512,-100.2980,-9.6512,-100.3831,-11.0128,-97.6197,-9.4316
2339409,Curtain Wall Mullions,"2.5"" x 5"" rectangular (Orange)",,Point,189.7718,-97.5302,-10.9125,35.1708,-97.5302,-10.9125,-97.5302,-10.9125,-97.8049,-11.0992,-97.3697,-10.4738
2339410,Curtain Wall Mullions,"2.5"" x 5"" rectangular (Orange)",,Point,155.5961,-100.0316,-8.5640,41.4080,-100.0316,-8.5640,-100.0316,-8.5640,-100.5727,-9.8379,-100.1375,-9.2125
2339420,Curtain Wall Mullions,"2.5"" x 5"" rectangular (Orange)",,Point,169.7617,-106.2129,-6.9558,35.1708,-106.2129,-6.9558,-106.2129,-6.9558,-106.2979,-8.3174,-103.5345,-6.7362
2339421,Curtain Wall Mullions,"2.5"" x 5"" rectangular (Orange)",,Point,189.7718,-103.4450,-8.2171,35.1708,-103.4450,-8.2171,-103.4450,-8.2171,-103.7197,-8.4038,-103.2845,-7.7784
2339422,Curtain Wall Mullions,"2.5"" x 5"" rectangular (Orange)",,Point,155.5961,-105.9464,-5.8687,41.4080,-105.9464,-5.8687,-105.9464,-5.8687,-106.4875,-7.1425,-106.0523,-6.5171
2340091,Curtain Wall Grids,Grid Line,,BBoxCenter,,-84.5187,-6.2740,38.6667,-84.5187,-6.2740,-84.5187,-6.2740,-86.3344,-10.2585,-82.7029,-2.2894
2340095,Curtain Panels,Square,,BBoxCenter,,-83.5466,-8.0596,31.9774,-83.5466,-8.0596,-83.5466,-8.0596,-85.2239,-9.2352,-81.8693,-6.8840
2340106,Curtain Wall Mullions,"1"" x 1.5"" (Black)",,Point,155.7930,-81.8578,-8.1719,35.1298,-81.8578,-8.1719,-81.8578,-8.1719,-84.7594,-8.2158,-81.8548,-6.8521
2340114,Curtain Wall Mullions,"1"" x 1.5"" (Black)",,Point,189.7718,-85.2393,-7.8554,28.8106,-85.2393,-7.8554,-85.2393,-7.8554,-85.2943,-7.9100,-84.7394,-6.8242
2340115,Curtain Wall Mullions,"1"" x 1.5"" (Black)",,Point,189.7718,-84.7773,-6.8415,35.1298,-84.7773,-6.8415,-84.7773,-6.8415,-84.8322,-6.8961,-84.6636,-6.6578
2340122,Curtain Panels,Solar Wall Window Frame,,CurveMidpt,,-78.5753,-12.8255,18.8333,-78.5753,-12.8255,-78.5753,-12.8255,-79.0700,-11.3399,-75.2355,-8.0675
2340123,Curtain Panels,Empty,,BBoxCenter,,-77.3358,-10.1054,35.7858,-77.3358,-10.1054,-77.3358,-10.1054,-78.7230,-10.9080,-75.9487,-9.3028
2340128,Curtain Panels,Solar Wall Window Frame,,CurveMidpt,,-84.4901,-10.1301,18.8333,-84.4901,-10.1301,-84.4901,-10.1301,-84.9848,-8.6446,-81.1503,-5.3721
2340129,Curtain Panels,Empty,,BBoxCenter,,-83.2506,-7.4100,35.7858,-83.2506,-7.4100,-83.2506,-7.4100,-84.6378,-8.2126,-81.8635,-6.6075
2340137,Curtain Wall Mullions,"2.5"" x 5"" rectangular (Orange)",,Point,169.7617,-78.6699,-9.6166,35.1708,-78.6699,-9.6166,-78.6699,-9.6166,-78.7550,-10.9782,-75.9916,-9.3970
2340138,Curtain Wall Mullions,"2.5"" x 5"" rectangular (Orange)",,Point,189.7718,-75.9021,-10.8779,35.1708,-75.9021,-10.8779,-75.9021,-10.8779,-76.1767,-11.0646,-75.7415,-10.4392
2340139,Curtain Wall Mullions,"2.5"" x 5"" rectangular (Orange)",,Point,155.5961,-78.4034,-8.5295,41.4080,-78.4034,-8.5295,-78.4034,-8.5295,-78.9445,-9.8033,-78.5094,-9.1779
2340149,Curtain Wall Mullions,"2.5"" x 5"" rectangular (Orange)",,Point,169.7617,-84.5847,-6.9213,35.1708,-84.5847,-6.9213,-84.5847,-6.9213,-84.6698,-8.2829,-81.9064,-6.7016
2340150,Curtain Wall Mullions,"2.5"" x 5"" rectangular (Orange)",,Point,189.7718,-81.8169,-8.1825,35.1708,-81.8169,-8.1825,-81.8169,-8.1825,-82.0915,-8.3692,-81.6563,-7.7439
2340151,Curtain Wall Mullions,"2.5"" x 5"" rectangular (Orange)",,Point,155.5961,-84.3182,-5.8341,41.4080,-84.3182,-5.8341,-84.3182,-5.8341,-84.8594,-7.1080,-84.4242,-6.4826
2340159,Curtain Wall Grids,Grid Line,,BBoxCenter,,-62.8905,-6.2394,38.6667,-62.8905,-6.2394,-62.8905,-6.2394,-64.7063,-10.2240,-61.0748,-2.2548
2340163,Curtain Panels,Square,,BBoxCenter,,-61.9185,-8.0250,31.9774,-61.9185,-8.0250,-61.9185,-8.0250,-63.5958,-9.2007,-60.2412,-6.8494
2340174,Curtain Wall Mullions,"1"" x 1.5"" (Black)",,Point,155.7930,-60.2297,-8.1373,35.1298,-60.2297,-8.1373,-60.2297,-8.1373,-63.1312,-8.1812,-60.2267,-6.8176
2340182,Curtain Wall Mullions,"1"" x 1.5"" (Black)",,Point,189.7718,-63.6112,-7.8208,28.8106,-63.6112,-7.8208,-63.6112,-7.8208,-63.6661,-7.8754,-63.1112,-6.7896
2340183,Curtain Wall Mullions,"1"" x 1.5"" (Black)",,Point,189.7718,-63.1491,-6.8069,35.1298,-63.1491,-6.8069,-63.1491,-6.8069,-63.2041,-6.8615,-63.0354,-6.6233
2340190,Curtain Panels,Solar Wall Window Frame,,CurveMidpt,,-56.9472,-12.7909,18.8333,-56.9472,-12.7909,-56.9472,-12.7909,-57.4419,-11.3054,-53.6073,-8.0329
2340191,Curtain Panels,Empty,,BBoxCenter,,-55.7077,-10.0708,35.7858,-55.7077,-10.0708,-55.7077,-10.0708,-57.0948,-10.8734,-54.3205,-9.2683
2340196,Curtain Panels,Solar Wall Window Frame,,CurveMidpt,,-62.8620,-10.0955,18.8333,-62.8620,-10.0955,-62.8620,-10.0955,-63.3567,-8.6100,-59.5222,-5.3375
2340197,Curtain Panels,Empty,,BBoxCenter,,-61.6225,-7.3755,35.7858,-61.6225,-7.3755,-61.6225,-7.3755,-63.0096,-8.1780,-60.2353,-6.5729
2340205,Curtain Wall Mullions,"2.5"" x 5"" rectangular (Orange)",,Point,169.7617,-57.0418,-9.5821,35.1708,-57.0418,-9.5821,-57.0418,-9.5821,-57.1268,-10.9437,-54.3634,-9.3624
2340206,Curtain Wall Mullions,"2.5"" x 5"" rectangular (Orange)",,Point,189.7718,-54.2739,-10.8434,35.1708,-54.2739,-10.8434,-54.2739,-10.8434,-54.5486,-11.0300,-54.1134,-10.4047
2340207,Curtain Wall Mullions,"2.5"" x 5"" rectangular (Orange)",,Point,155.5961,-56.7753,-8.4949,41.4080,-56.7753,-8.4949,-56.7753,-8.4949,-57.3164,-9.7688,-56.8812,-9.1434
2340217,Curtain Wall Mullions,"2.5"" x 5"" rectangular (Orange)",,Point,169.7617,-62.9566,-6.8867,35.1708,-62.9566,-6.8867,-62.9566,-6.8867,-63.0416,-8.2483,-60.2782,-6.6671
2340218,Curtain Wall Mullions,"2.5"" x 5"" rectangular (Orange)",,Point,189.7718,-60.1887,-8.1480,35.1708,-60.1887,-8.1480,-60.1887,-8.1480,-60.4634,-8.3347,-60.0282,-7.7093
2340219,Curtain Wall Mullions,"2.5"" x 5"" rectangular (Orange)",,Point,155.5961,-62.6901,-5.7996,41.4080,-62.6901,-5.7996,-62.6901,-5.7996,-63.2312,-7.0734,-62.7960,-6.4480
2351694,Elevations,Elevation 4,,BBoxCenter,,-30.8760,62.8284,0.0000,-30.8760,62.8284,-30.8760,62.8284,-34.0000,59.8284,-27.7519,65.8284
2351695,Views,Existing North,,BBoxCenter,,-30.0000,62.4142,0.0000,-30.0000,62.4142,-30.0000,62.4142,-32.8284,61.0000,-27.1716,63.8284
2351705,Elevations,Elevation 2,,BBoxCenter,,-30.8835,-48.8284,0.0000,-30.8835,-48.8284,-30.8835,-48.8284,-34.0000,-51.8284,-27.7669,-45.8284
2351706,Views,Existing South,,BBoxCenter,,-30.0000,-46.4142,0.0000,-30.0000,-46.4142,-30.0000,-46.4142,-32.8284,-47.8284,-27.1716,-45.0000
2354137,Views,Rainscreen Detail,,BBoxCenter,,-19.8371,42.2240,36.1667,-19.8371,42.2240,-19.8371,42.2240,-25.2037,40.2240,-14.4704,44.2240
2405095,Grids,NE Corner,,BBoxCenter,,62.7546,44.0625,36.1667,62.7546,44.0625,62.7546,44.0625,62.7546,43.5658,62.7546,44.5592
2448205,Cameras,{3D},,BBoxCenter,,427.9808,40.5507,36.0272,427.9808,40.5507,427.9808,40.5507,37.9723,-99.5830,817.9894,180.6845
2451219,Wall Sweeps,Base_Simple,,BBoxCenter,,-15.1432,20.4089,32.3437,-15.1432,20.4089,-15.1432,20.4089,-15.4687,19.2187,-14.8177,21.5990
2451220,Wall Sweeps,Base_Simple,,BBoxCenter,,-15.7891,17.4714,32.3437,-15.7891,17.4714,-15.7891,17.4714,-16.1094,13.3438,-15.4687,21.5990
2451221,Wall Sweeps,Base_Simple,,BBoxCenter,,-15.0547,11.3021,32.3437,-15.0547,11.3021,-15.0547,11.3021,-16.1094,9.2604,-14.0000,13.3438
2451873,Wall Sweeps,Base_Simple,,BBoxCenter,,56.3854,0.0052,32.3437,56.3854,0.0052,56.3854,0.0052,55.3854,-2.2292,57.3854,2.2396
2451999,Wall Sweeps,Base_Simple,,BBoxCenter,,56.3620,-6.2891,32.3437,56.3620,-6.2891,56.3620,-6.2891,55.3385,-10.3490,57.3854,-2.2292
2452131,Wall Sweeps,Base_Simple,,BBoxCenter,,55.6120,-10.0547,32.3437,55.6120,-10.0547,55.6120,-10.0547,55.3854,-10.3490,55.8385,-9.7604
2452174,Wall Sweeps,Base_Simple,,BBoxCenter,,65.3312,-7.9922,32.3437,65.3312,-7.9922,65.3312,-7.9922,62.2917,-8.0156,68.3707,-7.9688
2453502,Wall Sweeps,Base_Simple,,BBoxCenter,,-42.8750,-11.7005,32.3437,-42.8750,-11.7005,-42.8750,-11.7005,-44.3073,-12.1406,-41.4427,-11.2604
2453503,Wall Sweeps,Base_Simple,,BBoxCenter,,-36.6536,-11.0807,32.3437,-36.6536,-11.0807,-36.6536,-11.0807,-41.4896,-11.3073,-31.8177,-10.8542
2453508,Wall Sweeps,Base_Simple,,BBoxCenter,,10.4583,-11.7005,32.3437,10.4583,-11.7005,10.4583,-11.7005,9.0260,-12.1406,11.8906,-11.2604
2454523,Walls,"Interior - 4 7/8"" Partition (NR)",,CurveMidpt,,-32.2344,-5.5156,32.1667,-32.2344,-5.5156,-32.2344,-5.5156,-32.4375,-8.9687,-32.0313,-1.7604
2454524,Wall Sweeps,Base_Simple,,BBoxCenter,,-27.3203,-1.9870,32.3437,-27.3203,-1.9870,-27.3203,-1.9870,-28.4271,-2.2135,-26.2135,-1.7604
2454559,Wall Sweeps,Base_Simple,,BBoxCenter,,-30.5313,-10.0625,32.3437,-30.5313,-10.0625,-30.5313,-10.0625,-32.0313,-10.8542,-29.0313,-9.2708
2455167,Walls,"Interior - 4 7/8"" Partition (NR)",,CurveMidpt,,21.0990,-5.5156,32.1667,21.0990,-5.5156,21.0990,-5.5156,20.8958,-8.9688,21.3021,-1.7604
2455168,Wall Sweeps,Base_Simple,,BBoxCenter,,26.0130,-1.9870,32.3437,26.0130,-1.9870,26.0130,-1.9870,24.9063,-2.2135,27.1198,-1.7604
2456085,Wall Sweeps,Base_Simple,,BBoxCenter,,-27.6458,-11.7005,32.3437,-27.6458,-11.7005,-27.6458,-11.7005,-29.0781,-12.1406,-26.2135,-11.2604
2456091,Wall Sweeps,Base_Simple,,BBoxCenter,,25.6875,-11.7005,32.3437,25.6875,-11.7005,25.6875,-11.7005,24.2552,-12.1406,27.1198,-11.2604
2661791,Room Tags,Room Tag,,Point,,-70.7858,21.3837,0.0000,-70.7858,21.3837,-70.7858,21.3837,-73.6435,19.8837,-67.9263,23.3909
2661792,Room Tags,Room Tag,,Point,,14.3942,-19.0994,0.0000,14.3942,-19.0994,14.3942,-19.0994,10.4531,-20.5994,18.3371,-17.0923
2661793,Room Tags,Room Tag,,Point,,29.2956,30.0407,0.0000,29.2956,30.0407,29.2956,30.0407,25.3544,28.5407,33.2385,32.0479
2661794,Room Tags,Room Tag,,Point,,-34.8854,-11.2919,0.0000,-34.8854,-11.2919,-34.8854,-11.2919,-38.8266,-12.7919,-30.9425,-9.2847
2661795,Room Tags,Room Tag,,Point,,52.9536,24.6582,0.0000,52.9536,24.6582,52.9536,24.6582,49.0125,23.1582,56.8966,26.6654
2661796,Room Tags,Room Tag,,Point,,-6.4311,-10.8166,0.0000,-6.4311,-10.8166,-6.4311,-10.8166,-11.5969,-12.3166,-1.2636,-8.8094
2661797,Room Tags,Room Tag,,Point,,-0.6494,6.9640,0.0000,-0.6494,6.9640,-0.6494,6.9640,-3.1494,5.4640,1.8506,8.9712
2661798,Room Tags,Room Tag,,Point,,-29.9271,32.0680,0.0000,-29.9271,32.0680,-29.9271,32.0680,-32.8515,30.5680,-27.0008,34.0752
2661799,Room Tags,Room Tag,,Point,,60.2156,-18.0283,0.0000,60.2156,-18.0283,60.2156,-18.0283,56.2744,-19.5283,64.1585,-16.0211
2661800,Room Tags,Room Tag,,Point,,-10.1188,34.6022,0.0000,-10.1188,34.6022,-10.1188,34.6022,-15.8439,33.1022,-4.3945,36.6094
2661801,Room Tags,Room Tag,,Point,,-44.5625,42.0090,0.0000,-44.5625,42.0090,-44.5625,42.0090,-47.0625,40.5090,-42.0625,44.0162
2661802,Room Tags,Room Tag,,Point,,-104.8125,27.2702,0.0000,-104.8125,27.2702,-104.8125,27.2702,-107.3125,25.7702,-102.3125,29.2774
2661803,Room Tags,Room Tag,,Point,,45.9375,-14.6221,0.0000,45.9375,-14.6221,45.9375,-14.6221,43.4375,-16.1221,48.4375,-12.6150
2661804,Room Tags,Room Tag,,Point,,-1.4740,23.4167,0.0000,-1.4740,23.4167,-1.4740,23.4167,-3.9740,21.9167,1.0260,25.4239
2661805,Room Tags,Room Tag,,Point,,-95.8490,29.7500,0.0000,-95.8490,29.7500,-95.8490,29.7500,-98.3490,28.2500,-93.3490,31.7572
2661806,Door Tags,Door Tag,,BBoxCenter,,-101.5625,21.8438,32.1667,-101.5625,21.8438,-101.5625,21.8438,-103.0625,21.0938,-100.0625,22.5938
2661807,Door Tags,Door Tag,,BBoxCenter,,43.8615,0.9375,32.1667,43.8615,0.9375,43.8615,0.9375,42.3615,0.1875,45.3615,1.6875
2661808,Door Tags,Door Tag,,BBoxCenter,,-34.3750,-3.5417,32.1667,-34.3750,-3.5417,-34.3750,-3.5417,-35.8750,-4.2917,-32.8750,-2.7917
2661809,Door Tags,Door Tag,,BBoxCenter,,18.9583,-3.5417,32.1667,18.9583,-3.5417,18.9583,-3.5417,17.4583,-4.2917,20.4583,-2.7917
2661810,Door Tags,Door Tag,,BBoxCenter,,25.5677,14.5417,32.1667,25.5677,14.5417,25.5677,14.5417,24.0677,13.7917,27.0677,15.2917
2661811,Door Tags,Door Tag,,BBoxCenter,,21.7500,10.4844,32.1667,21.7500,10.4844,21.7500,10.4844,20.2500,9.7344,23.2500,11.2344
2661812,Door Tags,Door Tag,,BBoxCenter,,28.8854,1.0156,32.1667,28.8854,1.0156,28.8854,1.0156,27.3854,0.2656,30.3854,1.7656
2661813,Door Tags,Door Tag,,BBoxCenter,,53.3229,1.0156,32.1667,53.3229,1.0156,53.3229,1.0156,51.8229,0.2656,54.8229,1.7656
2661814,Door Tags,Door Tag,,BBoxCenter,,57.6688,4.6875,32.1667,57.6688,4.6875,57.6688,4.6875,56.1688,3.9375,59.1688,5.4375
2661815,Door Tags,Door Tag,,BBoxCenter,,-24.4167,10.4844,32.1667,-24.4167,10.4844,-24.4167,10.4844,-25.9167,9.7344,-22.9167,11.2344
2661816,Door Tags,Door Tag,,BBoxCenter,,-8.0208,-3.5417,32.1667,-8.0208,-3.5417,-8.0208,-3.5417,-9.5208,-4.2917,-6.5208,-2.7917
2661817,Door Tags,Door Tag,,BBoxCenter,,-29.1563,1.0156,32.1667,-29.1563,1.0156,-29.1563,1.0156,-30.6563,0.2656,-27.6562,1.7656
2661818,Door Tags,Door Tag,,BBoxCenter,,-3.9375,1.0156,32.1667,-3.9375,1.0156,-3.9375,1.0156,-5.4375,0.2656,-2.4375,1.7656
2661819,Door Tags,Door Tag,,BBoxCenter,,-42.5104,20.6458,32.1667,-42.5104,20.6458,-42.5104,20.6458,-44.0104,19.8958,-41.0104,21.3958
2661820,Door Tags,Door Tag,,BBoxCenter,,5.0208,16.0104,32.1667,5.0208,16.0104,5.0208,16.0104,3.5208,15.2604,6.5208,16.7604
2661821,Door Tags,Door Tag,,BBoxCenter,,59.1667,-5.4271,32.1667,59.1667,-5.4271,59.1667,-5.4271,57.6667,-6.1771,60.6667,-4.6771
2661822,Door Tags,Door Tag,,BBoxCenter,,49.4792,16.3229,32.1667,49.4792,16.3229,49.4792,16.3229,47.9792,15.5729,50.9792,17.0729
2661823,Door Tags,Door Tag,,BBoxCenter,,22.2153,22.0573,32.1667,22.2153,22.0573,22.2153,22.0573,20.3712,21.3073,24.0594,22.8073
2661824,Door Tags,Door Tag,,BBoxCenter,,-48.0417,5.3979,32.1667,-48.0417,5.3979,-48.0417,5.3979,-49.5417,4.6479,-46.5417,6.1479
2661825,Door Tags,Door Tag,,BBoxCenter,,-31.3750,16.3229,32.1667,-31.3750,16.3229,-31.3750,16.3229,-32.8750,15.5729,-29.8750,17.0729
2661826,Door Tags,Door Tag,,BBoxCenter,,-41.0729,4.6875,32.1667,-41.0729,4.6875,-41.0729,4.6875,-42.5729,3.9375,-39.5729,5.4375
2661827,Door Tags,Door Tag,,BBoxCenter,,-13.7865,16.6979,32.1667,-13.7865,16.6979,-13.7865,16.6979,-15.2865,15.9479,-12.2865,17.4479
2661828,Door Tags,Door Tag,,BBoxCenter,,-93.3490,36.4896,32.1667,-93.3490,36.4896,-93.3490,36.4896,-94.8490,35.7396,-91.8490,37.2396
2661829,Door Tags,Door Tag,,BBoxCenter,,-30.5347,-11.0573,32.1667,-30.5347,-11.0573,-30.5347,-11.0573,-32.3788,-11.8073,-28.6906,-10.3073
2661830,Door Tags,Door Tag,,BBoxCenter,,-87.4479,40.9740,32.1667,-87.4479,40.9740,-87.4479,40.9740,-88.9479,40.2240,-85.9479,41.7240
2661831,Door Tags,Door Tag,,BBoxCenter,,48.5417,40.9740,32.1667,48.5417,40.9740,48.5417,40.9740,47.0417,40.2240,50.0417,41.7240
2661832,Door Tags,Door Tag,,BBoxCenter,,-5.6250,40.9740,32.1667,-5.6250,40.9740,-5.6250,40.9740,-7.1250,40.2240,-4.1250,41.7240
2661833,Door Tags,Door Tag,,BBoxCenter,,-17.8229,10.4844,32.1667,-17.8229,10.4844,-17.8229,10.4844,-19.3229,9.7344,-16.3229,11.2344
2661834,Door Tags,Door Tag,,BBoxCenter,,-4.1805,-11.0573,32.1667,-4.1805,-11.0573,-4.1805,-11.0573,-6.0246,-11.8073,-2.3364,-10.3073
2661835,Window Tags,Window Tag,,BBoxCenter,,-30.5937,42.6030,35.1667,-30.5937,42.6030,-30.5937,42.6030,-31.5937,41.6030,-29.5937,43.6030
2661836,Window Tags,Window Tag,,BBoxCenter,,-13.9271,42.6030,35.1667,-13.9271,42.6030,-13.9271,42.6030,-14.9271,41.6030,-12.9271,43.6030
2661837,Window Tags,Window Tag,,BBoxCenter,,6.9063,42.6030,35.1667,6.9063,42.6030,6.9063,42.6030,5.9063,41.6030,7.9063,43.6030
2661838,Window Tags,Window Tag,,BBoxCenter,,36.0729,42.6030,35.1667,36.0729,42.6030,36.0729,42.6030,35.0729,41.6030,37.0729,43.6030
2661839,Window Tags,Window Tag,,BBoxCenter,,15.2396,42.6030,35.1667,15.2396,42.6030,15.2396,42.6030,14.2396,41.6030,16.2396,43.6030
2661840,Window Tags,Window Tag,,BBoxCenter,,27.7396,42.6030,35.1667,27.7396,42.6030,27.7396,42.6030,26.7396,41.6030,28.7396,43.6030
2661841,Window Tags,Window Tag,,BBoxCenter,,-74.9167,42.6030,35.1667,-74.9167,42.6030,-74.9167,42.6030,-75.9167,41.6030,-73.9167,43.6030
2661842,Window Tags,Window Tag,,BBoxCenter,,-62.4167,42.6030,35.1667,-62.4167,42.6030,-62.4167,42.6030,-63.4167,41.6030,-61.4167,43.6030
2661843,Window Tags,Window Tag,,BBoxCenter,,-103.8341,-5.2133,35.0833,-103.8341,-5.2133,-103.8341,-5.2133,-104.8341,-6.2133,-102.8341,-4.2133
2661844,Window Tags,Window Tag,,BBoxCenter,,-97.9044,-7.9154,35.0833,-97.9044,-7.9154,-97.9044,-7.9154,-98.9044,-8.9154,-96.9044,-6.9154
2661845,Window Tags,Window Tag,,BBoxCenter,,-82.2059,-5.1787,35.0833,-82.2059,-5.1787,-82.2059,-5.1787,-83.2059,-6.1787,-81.2059,-4.1787
2661846,Window Tags,Window Tag,,BBoxCenter,,-76.2763,-7.8808,35.0833,-76.2763,-7.8808,-76.2763,-7.8808,-77.2763,-8.8808,-75.2763,-6.8808
2661847,Window Tags,Window Tag,,BBoxCenter,,-60.5778,-5.1442,35.0833,-60.5778,-5.1442,-60.5778,-5.1442,-61.5778,-6.1442,-59.5778,-4.1442
2661848,Window Tags,Window Tag,,BBoxCenter,,-54.6481,-7.8463,35.0833,-54.6481,-7.8463,-54.6481,-7.8463,-55.6481,-8.8463,-53.6481,-6.8463
2661849,Window Tags,Window Tag,,BBoxCenter,,-25.5313,-27.2641,33.2500,-25.5313,-27.2641,-25.5313,-27.2641,-26.5313,-28.2641,-24.5313,-26.2641
2661850,Window Tags,Window Tag,,BBoxCenter,,-32.0313,-27.2641,33.2500,-32.0313,-27.2641,-32.0313,-27.2641,-33.0313,-28.2641,-31.0313,-26.2641
2661851,Window Tags,Window Tag,,BBoxCenter,,-38.4479,-27.2641,33.2500,-38.4479,-27.2641,-38.4479,-27.2641,-39.4479,-28.2641,-37.4479,-26.2641
2661852,Window Tags,Window Tag,,BBoxCenter,,-44.9479,-27.2641,33.2500,-44.9479,-27.2641,-44.9479,-27.2641,-45.9479,-28.2641,-43.9479,-26.2641
2661853,Window Tags,Window Tag,,BBoxCenter,,-0.0417,-29.2037,33.4167,-0.0417,-29.2037,-0.0417,-29.2037,-1.0417,-30.2037,0.9583,-28.2037
2661854,Window Tags,Window Tag,,BBoxCenter,,-16.6250,-29.2037,33.4167,-16.6250,-29.2037,-16.6250,-29.2037,-17.6250,-30.2037,-15.6250,-28.2037
2661855,Window Tags,Window Tag,,BBoxCenter,,-10.7917,-29.2037,33.4167,-10.7917,-29.2037,-10.7917,-29.2037,-11.7917,-30.2037,-9.7917,-28.2037
2661856,Window Tags,Window Tag,,BBoxCenter,,-5.8750,-29.2037,33.4167,-5.8750,-29.2037,-5.8750,-29.2037,-6.8750,-30.2037,-4.8750,-28.2037
2661857,Window Tags,Window Tag,,BBoxCenter,,9.5417,-29.1620,34.5833,9.5417,-29.1620,9.5417,-29.1620,8.5417,-30.1620,10.5417,-28.1620
2661858,Window Tags,Window Tag,,BBoxCenter,,14.8750,-29.1620,34.5833,14.8750,-29.1620,14.8750,-29.1620,13.8750,-30.1620,15.8750,-28.1620
2661859,Window Tags,Window Tag,,BBoxCenter,,20.2083,-29.1620,34.5833,20.2083,-29.1620,20.2083,-29.1620,19.2083,-30.1620,21.2083,-28.1620
2661860,Window Tags,Window Tag,,BBoxCenter,,27.9583,-29.1620,34.5833,27.9583,-29.1620,27.9583,-29.1620,26.9583,-30.1620,28.9583,-28.1620
2661861,Window Tags,Window Tag,,BBoxCenter,,33.2917,-29.1620,34.5833,33.2917,-29.1620,33.2917,-29.1620,32.2917,-30.1620,34.2917,-28.1620
2661862,Window Tags,Window Tag,,BBoxCenter,,38.6250,-29.1620,34.5833,38.6250,-29.1620,38.6250,-29.1620,37.6250,-30.1620,39.6250,-28.1620
2661863,Window Tags,Window Tag,,BBoxCenter,,49.5528,-28.0748,34.5833,49.5528,-28.0748,49.5528,-28.0748,48.5528,-29.0748,50.5528,-27.0748
2661864,Window Tags,Window Tag,,BBoxCenter,,55.8320,-27.2481,34.5833,55.8320,-27.2481,55.8320,-27.2481,54.8320,-28.2481,56.8320,-26.2481
2661865,Window Tags,Window Tag,,BBoxCenter,,61.0371,-26.5629,34.5833,61.0371,-26.5629,61.0371,-26.5629,60.0371,-27.5629,62.0371,-25.5629
2661866,Window Tags,Window Tag,,BBoxCenter,,66.2422,-25.8776,34.5833,66.2422,-25.8776,66.2422,-25.8776,65.2422,-26.8776,67.2422,-24.8776
2661867,Window Tags,Window Tag,,BBoxCenter,,44.5956,-28.7274,34.5833,44.5956,-28.7274,44.5956,-28.7274,43.5956,-29.7274,45.5956,-27.7274
2661868,Wall Tags,"1/4""",,BBoxCenter,,67.4207,3.2773,0.0000,67.4207,3.2773,67.4207,3.2773,66.4207,2.2773,68.4207,4.2773
2661869,Wall Tags,"1/4""",,BBoxCenter,,-109.1771,31.2292,-16.9167,-109.1771,31.2292,-109.1771,31.2292,-110.1771,30.2292,-108.1771,32.2292
2661870,Wall Tags,"1/4""",,BBoxCenter,,-100.1250,30.4661,-5.9167,-100.1250,30.4661,-100.1250,30.4661,-101.1250,29.4661,-99.1250,31.4661
2661871,Wall Tags,"1/4""",,BBoxCenter,,-20.2524,25.6146,8.0833,-20.2524,25.6146,-20.2524,25.6146,-21.2729,24.6146,-19.2319,26.6146
2661872,Wall Tags,"1/4""",,BBoxCenter,,-111.0000,31.2292,-5.9167,-111.0000,31.2292,-111.0000,31.2292,-112.0000,30.2292,-110.0000,32.2292
2661873,Wall Tags,"1/4""",,BBoxCenter,,-74.9375,42.2240,-5.9167,-74.9375,42.2240,-74.9375,42.2240,-75.9375,41.2240,-73.9375,43.2240
2661874,Wall Tags,"1/4""",,BBoxCenter,,69.7889,-14.6716,45.5000,69.7889,-14.6716,69.7889,-14.6716,68.7889,-15.6716,70.7889,-13.6716
2661875,Wall Tags,"1/4""",,BBoxCenter,,41.2476,25.6146,8.0833,41.2476,25.6146,41.2476,25.6146,40.2271,24.6146,42.2681,26.6146
2661876,Wall Tags,"1/4""",,BBoxCenter,,-20.2524,-12.3021,8.0833,-20.2524,-12.3021,-20.2524,-12.3021,-21.2729,-13.3021,-19.2319,-11.3021
2661877,Wall Tags,"1/4""",,BBoxCenter,,3.5809,-13.5703,8.0833,3.5809,-13.5703,3.5809,-13.5703,2.5605,-14.5703,4.6014,-12.5703
2661878,Wall Tags,"1/4""",,BBoxCenter,,41.2500,-8.8750,18.8333,41.2500,-8.8750,41.2500,-8.8750,40.2500,-9.8750,42.2500,-7.8750
2661879,Wall Tags,"1/4""",,BBoxCenter,,-22.1823,9.0052,32.1667,-22.1823,9.0052,-22.1823,9.0052,-23.1823,8.0052,-21.1823,10.0052
2661880,Wall Tags,"1/4""",,BBoxCenter,,-4.4505,2.4948,32.1667,-4.4505,2.4948,-4.4505,2.4948,-5.4505,1.4948,-3.4505,3.4948
2661881,Wall Tags,"1/4""",,BBoxCenter,,30.0141,9.0052,32.1667,30.0141,9.0052,30.0141,9.0052,29.0141,8.0052,31.0141,10.0052
2661882,Wall Tags,"1/4""",,BBoxCenter,,50.6250,-8.8750,18.8333,50.6250,-8.8750,50.6250,-8.8750,49.6250,-9.8750,51.6250,-7.8750
2661883,Wall Tags,"1/4""",,BBoxCenter,,-39.8750,30.7083,8.0833,-39.8750,30.7083,-39.8750,30.7083,-40.8750,29.7083,-38.8750,31.7083
2661884,Wall Tags,"1/4""",,BBoxCenter,,-49.2500,30.3464,18.8333,-49.2500,30.3464,-49.2500,30.3464,-50.2500,29.3464,-48.2500,31.3464
2661885,Wall Tags,"1/4""",,BBoxCenter,,-39.2448,30.3359,32.1667,-39.2448,30.3359,-39.2448,30.3359,-40.2448,29.3359,-38.2448,31.3359
2661886,Wall Tags,"1/4""",,BBoxCenter,,-49.8802,30.3359,32.1667,-49.8802,30.3359,-49.8802,30.3359,-50.8802,29.3359,-48.8802,31.3359
2661887,Wall Tags,"1/4""",,BBoxCenter,,40.6198,-8.8750,32.1667,40.6198,-8.8750,40.6198,-8.8750,39.6198,-9.8750,41.6198,-7.8750
2661888,Wall Tags,"1/4""",,BBoxCenter,,51.2552,-8.8750,32.1667,51.2552,-8.8750,51.2552,-8.8750,50.2552,-9.8750,52.2552,-7.8750
2661889,Wall Tags,"1/4""",,BBoxCenter,,-49.6406,-16.7422,32.1667,-49.6406,-16.7422,-49.6406,-16.7422,-50.6406,-17.7422,-48.6406,-15.7422
2661890,Wall Tags,"1/4""",,BBoxCenter,,-49.5232,4.9697,32.1667,-49.5232,4.9697,-49.5232,4.9697,-50.5437,3.9697,-48.5028,5.9697
2661891,Wall Tags,"1/4""",,BBoxCenter,,-34.9141,-27.8989,32.1667,-34.9141,-27.8989,-34.9141,-27.8989,-35.9141,-28.8989,-33.9141,-26.8989
2661892,Wall Tags,"1/4""",,BBoxCenter,,-8.0833,-29.8385,32.1667,-8.0833,-29.8385,-8.0833,-29.8385,-9.0833,-30.8385,-7.0833,-28.8385
2661893,Wall Tags,"1/4""",,BBoxCenter,,22.4219,-29.7969,32.1667,22.4219,-29.7969,22.4219,-29.7969,21.4219,-30.7969,23.4219,-28.7969
2661894,Wall Tags,"1/4""",,BBoxCenter,,55.7961,-27.8932,32.1667,55.7961,-27.8932,55.7961,-27.8932,54.7961,-28.8932,56.7961,-26.8932
2661895,Wall Tags,"1/4""",,BBoxCenter,,11.7591,42.2240,8.0833,11.7591,42.2240,11.7591,42.2240,10.7591,41.2240,12.7591,43.2240
2661896,Wall Tags,"1/4""",,BBoxCenter,,-110.9740,9.2701,18.8333,-110.9740,9.2701,-110.9740,9.2701,-111.9740,8.2701,-109.9740,10.2701

=== TAGS ===
TagId,TaggedElementId,TaggedElementCategory,TagType,Tag_Head_U_ft,Tag_Head_V_ft,BBox_Min_U,BBox_Min_V,BBox_Max_U,BBox_Max_V
2661806,,,IndependentTag,-101.5625,21.8438,-103.0625,21.0938,-100.0625,22.5938
2661807,,,IndependentTag,43.8615,0.9375,42.3615,0.1875,45.3615,1.6875
2661808,,,IndependentTag,-34.3750,-3.5417,-35.8750,-4.2917,-32.8750,-2.7917
2661809,,,IndependentTag,18.9583,-3.5417,17.4583,-4.2917,20.4583,-2.7917
2661810,,,IndependentTag,25.5677,14.5417,24.0677,13.7917,27.0677,15.2917
2661811,,,IndependentTag,21.7500,10.4844,20.2500,9.7344,23.2500,11.2344
2661812,,,IndependentTag,28.8854,1.0156,27.3854,0.2656,30.3854,1.7656
2661813,,,IndependentTag,53.3229,1.0156,51.8229,0.2656,54.8229,1.7656
2661814,,,IndependentTag,57.6688,4.6875,56.1688,3.9375,59.1688,5.4375
2661815,,,IndependentTag,-24.4167,10.4844,-25.9167,9.7344,-22.9167,11.2344
2661816,,,IndependentTag,-8.0208,-3.5417,-9.5208,-4.2917,-6.5208,-2.7917
2661817,,,IndependentTag,-29.1563,1.0156,-30.6563,0.2656,-27.6562,1.7656
2661818,,,IndependentTag,-3.9375,1.0156,-5.4375,0.2656,-2.4375,1.7656
2661819,,,IndependentTag,-42.5104,20.6458,-44.0104,19.8958,-41.0104,21.3958
2661820,,,IndependentTag,5.0208,16.0104,3.5208,15.2604,6.5208,16.7604
2661821,,,IndependentTag,59.1667,-5.4271,57.6667,-6.1771,60.6667,-4.6771
2661822,,,IndependentTag,49.4792,16.3229,47.9792,15.5729,50.9792,17.0729
2661823,,,IndependentTag,22.2188,22.0573,20.3712,21.3073,24.0594,22.8073
2661824,,,IndependentTag,-48.0417,5.3979,-49.5417,4.6479,-46.5417,6.1479
2661825,,,IndependentTag,-31.3750,16.3229,-32.8750,15.5729,-29.8750,17.0729
2661826,,,IndependentTag,-41.0729,4.6875,-42.5729,3.9375,-39.5729,5.4375
2661827,,,IndependentTag,-13.7865,16.6979,-15.2865,15.9479,-12.2865,17.4479
2661828,,,IndependentTag,-93.3490,36.4896,-94.8490,35.7396,-91.8490,37.2396
2661829,,,IndependentTag,-30.5313,-11.0573,-32.3788,-11.8073,-28.6906,-10.3073
2661830,,,IndependentTag,-87.4479,40.9740,-88.9479,40.2240,-85.9479,41.7240
2661831,,,IndependentTag,48.5417,40.9740,47.0417,40.2240,50.0417,41.7240
2661832,,,IndependentTag,-5.6250,40.9740,-7.1250,40.2240,-4.1250,41.7240
2661833,,,IndependentTag,-17.8229,10.4844,-19.3229,9.7344,-16.3229,11.2344
2661834,,,IndependentTag,-4.1771,-11.0573,-6.0246,-11.8073,-2.3364,-10.3073
2661835,,,IndependentTag,-30.5937,42.6030,-31.5937,41.6030,-29.5937,43.6030
2661836,,,IndependentTag,-13.9271,42.6030,-14.9271,41.6030,-12.9271,43.6030
2661837,,,IndependentTag,6.9063,42.6030,5.9063,41.6030,7.9063,43.6030
2661838,,,IndependentTag,36.0729,42.6030,35.0729,41.6030,37.0729,43.6030
2661839,,,IndependentTag,15.2396,42.6030,14.2396,41.6030,16.2396,43.6030
2661840,,,IndependentTag,27.7396,42.6030,26.7396,41.6030,28.7396,43.6030
2661841,,,IndependentTag,-74.9167,42.6030,-75.9167,41.6030,-73.9167,43.6030
2661842,,,IndependentTag,-62.4167,42.6030,-63.4167,41.6030,-61.4167,43.6030
2661843,,,IndependentTag,-103.8341,-5.2133,-104.8341,-6.2133,-102.8341,-4.2133
2661844,,,IndependentTag,-97.9044,-7.9154,-98.9044,-8.9154,-96.9044,-6.9154
2661845,,,IndependentTag,-82.2059,-5.1787,-83.2059,-6.1787,-81.2059,-4.1787
2661846,,,IndependentTag,-76.2763,-7.8808,-77.2763,-8.8808,-75.2763,-6.8808
2661847,,,IndependentTag,-60.5778,-5.1442,-61.5778,-6.1442,-59.5778,-4.1442
2661848,,,IndependentTag,-54.6481,-7.8463,-55.6481,-8.8463,-53.6481,-6.8463
2661849,,,IndependentTag,-25.5313,-27.2641,-26.5313,-28.2641,-24.5313,-26.2641
2661850,,,IndependentTag,-32.0313,-27.2641,-33.0313,-28.2641,-31.0313,-26.2641
2661851,,,IndependentTag,-38.4479,-27.2641,-39.4479,-28.2641,-37.4479,-26.2641
2661852,,,IndependentTag,-44.9479,-27.2641,-45.9479,-28.2641,-43.9479,-26.2641
2661853,,,IndependentTag,-0.0417,-29.2037,-1.0417,-30.2037,0.9583,-28.2037
2661854,,,IndependentTag,-16.6250,-29.2037,-17.6250,-30.2037,-15.6250,-28.2037
2661855,,,IndependentTag,-10.7917,-29.2037,-11.7917,-30.2037,-9.7917,-28.2037
2661856,,,IndependentTag,-5.8750,-29.2037,-6.8750,-30.2037,-4.8750,-28.2037
2661857,,,IndependentTag,9.5417,-29.1620,8.5417,-30.1620,10.5417,-28.1620
2661858,,,IndependentTag,14.8750,-29.1620,13.8750,-30.1620,15.8750,-28.1620
2661859,,,IndependentTag,20.2083,-29.1620,19.2083,-30.1620,21.2083,-28.1620
2661860,,,IndependentTag,27.9583,-29.1620,26.9583,-30.1620,28.9583,-28.1620
2661861,,,IndependentTag,33.2917,-29.1620,32.2917,-30.1620,34.2917,-28.1620
2661862,,,IndependentTag,38.6250,-29.1620,37.6250,-30.1620,39.6250,-28.1620
2661863,,,IndependentTag,49.5528,-28.0748,48.5528,-29.0748,50.5528,-27.0748
2661864,,,IndependentTag,55.8320,-27.2481,54.8320,-28.2481,56.8320,-26.2481
2661865,,,IndependentTag,61.0371,-26.5629,60.0371,-27.5629,62.0371,-25.5629
2661866,,,IndependentTag,66.2422,-25.8776,65.2422,-26.8776,67.2422,-24.8776
2661867,,,IndependentTag,44.5956,-28.7274,43.5956,-29.7274,45.5956,-27.7274
2661868,,,IndependentTag,67.4207,3.2773,66.4207,2.2773,68.4207,4.2773
2661869,,,IndependentTag,-109.1771,31.2292,-110.1771,30.2292,-108.1771,32.2292
2661870,,,IndependentTag,-100.1250,30.4661,-101.1250,29.4661,-99.1250,31.4661
2661871,,,IndependentTag,-20.2500,25.6146,-21.2729,24.6146,-19.2319,26.6146
2661872,,,IndependentTag,-111.0000,31.2292,-112.0000,30.2292,-110.0000,32.2292
2661873,,,IndependentTag,-74.9375,42.2240,-75.9375,41.2240,-73.9375,43.2240
2661874,,,IndependentTag,69.7889,-14.6716,68.7889,-15.6716,70.7889,-13.6716
2661875,,,IndependentTag,41.2500,25.6146,40.2271,24.6146,42.2681,26.6146
2661876,,,IndependentTag,-20.2500,-12.3021,-21.2729,-13.3021,-19.2319,-11.3021
2661877,,,IndependentTag,3.5833,-13.5703,2.5605,-14.5703,4.6014,-12.5703
2661878,,,IndependentTag,41.2500,-8.8750,40.2500,-9.8750,42.2500,-7.8750
2661879,,,IndependentTag,-22.1823,9.0052,-23.1823,8.0052,-21.1823,10.0052
2661880,,,IndependentTag,-4.4505,2.4948,-5.4505,1.4948,-3.4505,3.4948
2661881,,,IndependentTag,30.0141,9.0052,29.0141,8.0052,31.0141,10.0052
2661882,,,IndependentTag,50.6250,-8.8750,49.6250,-9.8750,51.6250,-7.8750
2661883,,,IndependentTag,-39.8750,30.7083,-40.8750,29.7083,-38.8750,31.7083
2661884,,,IndependentTag,-49.2500,30.3464,-50.2500,29.3464,-48.2500,31.3464
2661885,,,IndependentTag,-39.2448,30.3359,-40.2448,29.3359,-38.2448,31.3359
2661886,,,IndependentTag,-49.8802,30.3359,-50.8802,29.3359,-48.8802,31.3359
2661887,,,IndependentTag,40.6198,-8.8750,39.6198,-9.8750,41.6198,-7.8750
2661888,,,IndependentTag,51.2552,-8.8750,50.2552,-9.8750,52.2552,-7.8750
2661889,,,IndependentTag,-49.6406,-16.7422,-50.6406,-17.7422,-48.6406,-15.7422
2661890,,,IndependentTag,-49.5208,4.9697,-50.5437,3.9697,-48.5028,5.9697
2661891,,,IndependentTag,-34.9141,-27.8989,-35.9141,-28.8989,-33.9141,-26.8989
2661892,,,IndependentTag,-8.0833,-29.8385,-9.0833,-30.8385,-7.0833,-28.8385
2661893,,,IndependentTag,22.4219,-29.7969,21.4219,-30.7969,23.4219,-28.7969
2661894,,,IndependentTag,55.7961,-27.8932,54.7961,-28.8932,56.7961,-26.8932
2661895,,,IndependentTag,11.7591,42.2240,10.7591,41.2240,12.7591,43.2240
2661896,,,IndependentTag,-110.9740,9.2701,-111.9740,8.2701,-109.9740,10.2701
