ElementId,Category,FamilyAndType,Mark,LocationType,Model_X_ft,Model_Y_ft,Model_Z_ft,Tag_U_ft,Tag_V_ft,ViewLocal_U_ft,ViewLocal_V_ft,BBox_Min_X,BBox_Min_Y,BBox_Max_X,BBox_Max_Y
607581,Cameras,Camera fr Above (Realistic) wo Point Cloud,,BBoxCenter,-6.9153,-23.1752,56.2019,-6.9153,-23.1752,-6.9153,-23.1752,-141.4755,-151.2601,127.6448,104.9097
619340,Walls,"Exterior - 13 5/8"" Rainscreen (Two Sides) w Insultation on Metal Stud",,CurveMidpt,-110.9323,9.1581,-5.9167,-110.9323,9.1581,-110.9323,9.1581,-111.5000,-0.1681,-110.3646,18.7083
619404,Walls,"Core - Concrete 12""",,CurveMidpt,-105.5625,43.2500,-5.9167,-105.5625,43.2500,-105.5625,43.2500,-111.5000,42.7500,-99.6250,43.7500
619550,Walls,"Exterior - 12 5/8"" Rainscreen w Insultation on Metal Stud (Alley)",,CurveMidpt,67.4207,3.2773,0.0000,67.4207,3.2773,67.4207,3.2773,63.1901,-24.9650,71.6514,31.5195
621689,Multistory Stairs,Multistory Stairs,,BBoxCenter,-104.8125,33.6979,6.7083,-104.8125,33.6979,-104.8125,33.6979,-109.5000,25.1875,-100.1250,42.2083
622037,Stairs,Stair,,BBoxCenter,-104.8125,33.6979,1.2092,-104.8125,33.6979,-104.8125,33.6979,-109.0000,25.6875,-100.6250,41.7083
622038,Runs,"1/4"" Tread 1"" Nosing 1/4"" Riser",,BBoxCenter,-107.1458,31.2412,1.0833,-107.1458,31.2412,-107.1458,31.2412,-108.9792,25.6875,-105.3125,36.7950
622040,Supports,"_Stringer - 1/4"" Plate",,BBoxCenter,-108.9896,31.3096,1.0833,-108.9896,31.3096,-108.9896,31.3096,-109.0000,25.6875,-108.9792,36.9317
622041,Supports,"_Stringer - 1/4"" Plate",,BBoxCenter,-105.3021,31.3096,1.0833,-105.3021,31.3096,-105.3021,31.3096,-105.3125,25.6875,-105.2917,36.9317
622042,Runs,"1/4"" Tread 1"" Nosing 1/4"" Riser",,BBoxCenter,-102.4792,30.6754,1.0833,-102.4792,30.6754,-102.4792,30.6754,-104.3125,25.5800,-100.6458,35.7708
622044,Landings,Non-Monolithic Landing,,BBoxCenter,-104.8125,38.6754,1.0833,-104.8125,38.6754,-104.8125,38.6754,-108.9792,35.6633,-100.6458,41.6875
622046,Supports,"_Stringer - 1/4"" Plate",,BBoxCenter,-100.6354,31.2060,1.2092,-100.6354,31.2060,-100.6354,31.2060,-100.6458,25.6875,-100.6250,36.7246
622047,Supports,"_Stringer - 1/4"" Plate",,BBoxCenter,-104.3229,31.2060,1.2092,-104.3229,31.2060,-104.3229,31.2060,-104.3333,25.6875,-104.3125,36.7246
622048,Supports,"_Stringer - 1/4"" Plate",,BBoxCenter,-100.6354,38.7396,1.0833,-100.6354,38.7396,-100.6354,38.7396,-100.6458,35.7708,-100.6250,41.7083
622049,Supports,"_Stringer - 1/4"" Plate",,BBoxCenter,-104.8125,41.6979,1.0833,-104.8125,41.6979,-104.8125,41.6979,-109.0000,41.6875,-100.6250,41.7083
622050,Supports,"_Stringer - 1/4"" Plate",,BBoxCenter,-108.9896,39.1794,1.0833,-108.9896,39.1794,-108.9896,39.1794,-109.0000,36.6504,-108.9792,41.7083
622051,Supports,"_Stringer - 1/4"" Plate",,BBoxCenter,-105.3021,37.1690,1.0833,-105.3021,37.1690,-105.3021,37.1690,-105.3125,36.6504,-105.2917,37.6875
622054,Supports,"_Stringer - 1/4"" Plate",,BBoxCenter,-104.8125,37.6771,1.0833,-104.8125,37.6771,-104.8125,37.6771,-105.3125,37.6667,-104.3125,37.6875
622055,Supports,"_Stringer - 1/4"" Plate",,BBoxCenter,-104.3229,36.7292,1.0833,-104.3229,36.7292,-104.3229,36.7292,-104.3333,35.7708,-104.3125,37.6875
622056,Railings,_IBC-Pipe-Plate Stringer (Extension None),,BBoxCenter,-104.8125,31.2135,3.4102,-104.8125,31.2135,-104.8125,31.2135,-105.5521,24.5000,-104.0729,37.9271
622060,Railings,Pipe-Wall Mount,,BBoxCenter,-108.9896,30.7292,4.3125,-108.9896,30.7292,-108.9896,30.7292,-109.7256,23.5208,-108.2535,37.9375
622074,Top Rails,"_IBC-Circular - 1 1/2"" (Extension None)",,BBoxCenter,-104.8125,31.1302,4.3542,-104.8125,31.1302,-104.8125,31.1302,-105.3646,24.5208,-104.2604,37.7396
622095,Handrails,"_IBC-Bottom Rail Circular - 1 1/2""",,BBoxCenter,-104.8125,31.1198,3.0495,-104.8125,31.1198,-104.8125,31.1198,-105.3646,24.5000,-104.2604,37.7396
622114,Handrails,"_IBC-Handrail Circular - 1 1/2"" (Extension None)",,BBoxCenter,-104.8125,31.2240,3.8542,-104.8125,31.2240,-104.8125,31.2240,-105.5521,24.5208,-104.0729,37.9271
622384,Stairs,Stair,,BBoxCenter,-104.8125,33.6979,13.4583,-104.8125,33.6979,-104.8125,33.6979,-109.0000,25.6875,-100.6250,41.7083
622385,Runs,"1/4"" Tread 1"" Nosing 1/4"" Riser",,BBoxCenter,-107.1458,30.3248,13.4583,-107.1458,30.3248,-107.1458,30.3248,-108.9792,25.6875,-105.3125,34.9622
622387,Supports,"_Stringer - 1/4"" Plate",,BBoxCenter,-108.9896,30.3278,13.4583,-108.9896,30.3278,-108.9896,30.3278,-109.0000,25.6875,-108.9792,34.9680
622388,Supports,"_Stringer - 1/4"" Plate",,BBoxCenter,-105.3021,30.3278,13.4583,-105.3021,30.3278,-105.3021,30.3278,-105.3125,25.6875,-105.2917,34.9680
622389,Runs,"1/4"" Tread 1"" Nosing 1/4"" Riser",,BBoxCenter,-102.4792,30.2168,13.4583,-102.4792,30.2168,-102.4792,30.2168,-104.3125,25.5795,-100.6458,34.8542
622391,Landings,Non-Monolithic Landing,,BBoxCenter,-104.8125,38.2168,13.4583,-104.8125,38.2168,-104.8125,38.2168,-108.9792,34.7461,-100.6458,41.6875
622393,Supports,"_Stringer - 1/4"" Plate",,BBoxCenter,-100.6354,30.7972,13.6092,-100.6354,30.7972,-100.6354,30.7972,-100.6458,25.6875,-100.6250,35.9068
622394,Supports,"_Stringer - 1/4"" Plate",,BBoxCenter,-104.3229,30.7972,13.6092,-104.3229,30.7972,-104.3229,30.7972,-104.3333,25.6875,-104.3125,35.9068
622395,Supports,"_Stringer - 1/4"" Plate",,BBoxCenter,-100.6354,38.2813,13.4583,-100.6354,38.2813,-100.6354,38.2813,-100.6458,34.8542,-100.6250,41.7083
622396,Supports,"_Stringer - 1/4"" Plate",,BBoxCenter,-104.8125,41.6979,13.4583,-104.8125,41.6979,-104.8125,41.6979,-109.0000,41.6875,-100.6250,41.7083
622397,Supports,"_Stringer - 1/4"" Plate",,BBoxCenter,-108.9896,38.2132,13.4583,-108.9896,38.2132,-108.9896,38.2132,-109.0000,34.7182,-108.9792,41.7083
622398,Supports,"_Stringer - 1/4"" Plate",,BBoxCenter,-105.3021,35.7028,13.4583,-105.3021,35.7028,-105.3021,35.7028,-105.3125,34.7182,-105.2917,36.6875
622401,Supports,"_Stringer - 1/4"" Plate",,BBoxCenter,-104.8125,36.6771,13.4583,-104.8125,36.6771,-104.8125,36.6771,-105.3125,36.6667,-104.3125,36.6875
622402,Supports,"_Stringer - 1/4"" Plate",,BBoxCenter,-104.3229,35.7708,13.4583,-104.3229,35.7708,-104.3229,35.7708,-104.3333,34.8542,-104.3125,36.6875
622403,Railings,_IBC-Pipe-Plate Stringer (Extension None),,BBoxCenter,-104.8125,30.7135,15.4518,-104.8125,30.7135,-104.8125,30.7135,-105.5521,24.5000,-104.0729,36.9271
622407,Railings,Pipe-Wall Mount,,BBoxCenter,-108.9896,29.8125,13.4167,-108.9896,29.8125,-108.9896,29.8125,-109.7256,23.5208,-108.2535,36.1042
622421,Top Rails,"_IBC-Circular - 1 1/2"" (Extension None)",,BBoxCenter,-105.3021,29.6691,14.0319,-105.3021,29.6691,-105.3021,29.6691,-105.3646,24.5208,-105.2396,34.8174
622442,Handrails,"_IBC-Bottom Rail Circular - 1 1/2""",,BBoxCenter,-105.3021,29.6587,11.4772,-105.3021,29.6587,-105.3021,29.6587,-105.3646,24.5000,-105.2396,34.8174
622461,Handrails,"_IBC-Handrail Circular - 1 1/2"" (Extension None)",,BBoxCenter,-105.4896,29.6691,13.5319,-105.4896,29.6691,-105.4896,29.6691,-105.5521,24.5208,-105.4271,34.8174
629050,Railings,_IBC-Pipe-Plate Stringer (Extension None),,BBoxCenter,-104.8125,24.5729,10.0768,-104.8125,24.5729,-104.8125,24.5729,-105.5521,23.6875,-104.0729,25.4583
629055,Top Rails,"_IBC-Circular - 1 1/2"" (Extension None)",,BBoxCenter,-104.8125,24.6563,11.3542,-104.8125,24.6563,-104.8125,24.6563,-105.3646,23.8750,-104.2604,25.4375
629070,Handrails,"_IBC-Bottom Rail Circular - 1 1/2""",,BBoxCenter,-104.8125,24.6563,8.7995,-104.8125,24.6563,-104.8125,24.6563,-105.3646,23.8750,-104.2604,25.4375
629085,Handrails,"_IBC-Handrail Circular - 1 1/2"" (Extension None)",,BBoxCenter,-104.8125,24.5625,10.8542,-104.8125,24.5625,-104.8125,24.5625,-105.5521,23.6875,-104.0729,25.4375
629100,Supports,"2'-8"" Picket",,Point,-104.3229,25.4375,8.7370,-104.3229,25.4375,-104.3229,25.4375,-104.3437,25.4167,-104.3021,25.4583
629101,Supports,"2'-8"" Picket",,Point,-104.3229,25.1131,8.7370,-104.3229,25.1131,-104.3229,25.1131,-104.3437,25.0923,-104.3021,25.1340
629102,Supports,"2'-8"" Picket",,Point,-104.3229,24.7887,8.7370,-104.3229,24.7887,-104.3229,24.7887,-104.3437,24.7679,-104.3021,24.8096
629103,Supports,"2'-8"" Picket",,Point,-104.3229,24.4644,8.7370,-104.3229,24.4644,-104.3229,24.4644,-104.3437,24.4435,-104.3021,24.4852
629104,Supports,"2'-8"" Picket",,Point,-104.3229,24.1400,8.7370,-104.3229,24.1400,-104.3229,24.1400,-104.3437,24.1191,-104.3021,24.1608
629105,Supports,"2'-8"" Picket",,Point,-104.5164,23.9375,8.7370,-104.5164,23.9375,-104.5164,23.9375,-104.5372,23.9167,-104.4955,23.9583
629106,Supports,"2'-8"" Picket",,Point,-104.8407,23.9375,8.7370,-104.8407,23.9375,-104.8407,23.9375,-104.8616,23.9167,-104.8199,23.9583
629107,Supports,"2'-8"" Picket",,Point,-105.1650,23.9401,8.7370,-105.1650,23.9401,-105.1650,23.9401,-105.1892,23.9159,-105.1408,23.9643
629108,Supports,"2'-8"" Picket",,Point,-105.3021,24.1965,8.7370,-105.3021,24.1965,-105.3021,24.1965,-105.3229,24.1756,-105.2813,24.2173
630692,Floors,Stair Landing Steel Plate,,BBoxCenter,-104.8125,22.7604,8.0729,-104.8125,22.7604,-104.8125,22.7604,-108.9792,19.7292,-100.6458,25.7917
630701,Slab Edges,_Stair Landing Plate Stringer,,BBoxCenter,-103.3229,23.1972,9.2083,-103.3229,23.1972,-103.3229,23.1972,-109.0000,19.7083,-97.6458,26.6860
630930,Walls,"Chase - GWB & Metal Stud 4 1/4""",,CurveMidpt,-109.1771,31.2292,-16.9167,-109.1771,31.2292,-109.1771,31.2292,-109.3542,19.2083,-109.0000,43.2500
660279,Railings,_IBC-Pipe-Plate Stringer (Extension None),,BBoxCenter,45.9375,-2.4063,10.0768,45.9375,-2.4063,45.9375,-2.4063,45.1979,-2.7917,46.6771,-2.0208
660284,Top Rails,"_IBC-Circular - 1 1/2"" (Extension None)",,BBoxCenter,45.9375,-2.4896,11.3542,45.9375,-2.4896,45.9375,-2.4896,45.3854,-2.7708,46.4896,-2.2083
660299,Handrails,"_IBC-Bottom Rail Circular - 1 1/2""",,BBoxCenter,45.9375,-2.4896,8.7995,45.9375,-2.4896,45.9375,-2.4896,45.3854,-2.7708,46.4896,-2.2083
660314,Handrails,"_IBC-Handrail Circular - 1 1/2"" (Extension None)",,BBoxCenter,45.9375,-2.3958,10.8542,45.9375,-2.3958,45.9375,-2.3958,45.1979,-2.7708,46.6771,-2.0208
660330,Supports,"2'-8"" Picket",,Point,45.4479,-2.4648,8.7370,45.4479,-2.4648,45.4479,-2.4648,45.4271,-2.4857,45.4687,-2.4440
660331,Supports,"2'-8"" Picket",,Point,45.6315,-2.2708,8.7370,45.6315,-2.2708,45.6315,-2.2708,45.6107,-2.2917,45.6523,-2.2500
660332,Supports,"2'-8"" Picket",,Point,45.9375,-2.2708,8.7370,45.9375,-2.2708,45.9375,-2.2708,45.9167,-2.2917,45.9583,-2.2500
660333,Supports,"2'-8"" Picket",,Point,46.2435,-2.2708,8.7370,46.2435,-2.2708,46.2435,-2.2708,46.2227,-2.2917,46.2643,-2.2500
660334,Supports,"2'-8"" Picket",,Point,46.4271,-2.4648,8.7370,46.4271,-2.4648,46.4271,-2.4648,46.4063,-2.4857,46.4479,-2.4440
660335,Supports,"2'-8"" Picket",,Point,46.4271,-2.7708,8.7370,46.4271,-2.7708,46.4271,-2.7708,46.4063,-2.7917,46.4479,-2.7500
660428,Doors,"36"" x 84"" (180 MIN)",S32,Point,43.8927,2.3750,8.0833,43.8927,2.3750,43.8927,2.3750,42.1635,-1.0417,45.5594,2.9167
674522,Walls,"Core - Concrete 12""",,CurveMidpt,-100.1250,30.7161,-5.9167,-100.1250,30.7161,-100.1250,30.7161,-100.6250,18.7083,-99.6250,42.2240
674794,Walls,"Core - Concrete 12""",,CurveMidpt,-105.5625,19.2083,-5.9167,-105.5625,19.2083,-105.5625,19.2083,-111.5000,18.7083,-100.1250,19.7083
677683,Views,Longitudinal Section,,BBoxCenter,-19.1588,5.5004,9.5000,-19.1588,5.5004,-19.1588,5.5004,-122.4339,2.4224,84.1162,8.5784
678407,Walls,"Core - Concrete 10""",,CurveMidpt,3.5000,23.7370,-3.4583,3.5000,23.7370,3.5000,23.7370,3.0833,18.8750,3.9167,28.1823
684173,Walls,"Core - Concrete 12""",,CurveMidpt,50.6250,-11.8750,0.0000,50.6250,-11.8750,50.6250,-11.8750,50.1250,-26.1250,51.1250,2.3750
685081,Walls,"Party - 6 1/8"" (2-hr)",,CurveMidpt,-20.2500,25.6146,8.0833,-20.2500,25.6146,-20.2500,25.6146,-20.7396,9.0052,-19.7604,42.2240
686974,Walls,"Chase - GWB & Metal Stud 6 5/8""",,CurveMidpt,42.2144,-30.1941,0.0000,42.2144,-30.1941,42.2144,-30.1941,41.2414,-30.5911,43.3753,-29.7628
687063,Walls,"Core - Concrete 12""",,CurveMidpt,45.9375,-26.1250,0.0000,45.9375,-26.1250,45.9375,-26.1250,40.7500,-26.6250,51.1250,-25.6250
687200,Walls,"Exterior - 5 3/8"" Rainscreen w Insultation (for Concrete Core Walls)",,CurveMidpt,43.1514,-28.0979,0.0000,43.1514,-28.0979,43.1514,-28.0979,42.9274,-30.0707,43.3753,-26.1250
695423,Stairs,Stair,,BBoxCenter,43.6042,-8.9792,4.2272,43.6042,-8.9792,43.6042,-8.9792,41.7500,-14.9375,45.4583,-3.0208
695462,Runs,"1/4"" Tread 1"" Nosing 1/4"" Riser",,BBoxCenter,43.6042,-8.9254,4.1042,43.6042,-8.9254,43.6042,-8.9254,41.7708,-14.9375,45.4375,-2.9134
695464,Supports,"_Stringer - 1/4"" Plate",,BBoxCenter,41.7604,-8.9792,4.2272,41.7604,-8.9792,41.7604,-8.9792,41.7500,-14.9375,41.7708,-3.0208
695465,Supports,"_Stringer - 1/4"" Plate",,BBoxCenter,45.4479,-8.9792,4.2272,45.4479,-8.9792,45.4479,-8.9792,45.4375,-14.9375,45.4583,-3.0208
695514,Railings,_IBC-Pipe-Plate Stringer (Extension None),,BBoxCenter,45.3542,-9.4375,6.4310,45.3542,-9.4375,45.3542,-9.4375,45.1979,-16.1250,45.5104,-2.7500
695518,Railings,Pipe-Wall Mount,,BBoxCenter,41.7604,-9.4375,7.3333,41.7604,-9.4375,41.7604,-9.4375,41.0244,-17.1042,42.4965,-1.7708
695524,Top Rails,"_IBC-Circular - 1 1/2"" (Extension None)",,BBoxCenter,45.4479,-9.4375,7.3750,45.4479,-9.4375,45.4479,-9.4375,45.3854,-16.1042,45.5104,-2.7708
695540,Handrails,"_IBC-Bottom Rail Circular - 1 1/2""",,BBoxCenter,45.4479,-9.4375,4.8203,45.4479,-9.4375,45.4479,-9.4375,45.3854,-16.1042,45.5104,-2.7708
695554,Handrails,"_IBC-Handrail Circular - 1 1/2"" (Extension None)",,BBoxCenter,45.2604,-9.4375,6.8750,45.2604,-9.4375,45.2604,-9.4375,45.1979,-16.1042,45.3229,-2.7708
695586,Handrails,Pipe - Wall Mount,,BBoxCenter,41.8854,-9.4375,6.8750,41.8854,-9.4375,41.8854,-9.4375,41.7604,-17.1042,42.0104,-1.7708
695644,Supports,"2'-8"" Picket",,Point,45.4479,-8.1685,5.5448,45.4479,-8.1685,45.4479,-8.1685,45.4271,-8.1893,45.4687,-8.1477
695645,Supports,"2'-8"" Picket",,Point,45.4479,-7.8865,5.7196,45.4479,-7.8865,45.4479,-7.8865,45.4271,-7.9073,45.4687,-7.8657
695646,Supports,"2'-8"" Picket",,Point,45.4479,-7.6045,5.8945,45.4479,-7.6045,45.4479,-7.6045,45.4271,-7.6253,45.4687,-7.5837
695647,Supports,"2'-8"" Picket",,Point,45.4479,-7.3225,6.0694,45.4479,-7.3225,45.4479,-7.3225,45.4271,-7.3433,45.4687,-7.3017
695648,Supports,"2'-8"" Picket",,Point,45.4479,-7.0405,6.2443,45.4479,-7.0405,45.4479,-7.0405,45.4271,-7.0613,45.4687,-7.0196
695649,Supports,"2'-8"" Picket",,Point,45.4479,-6.7585,6.4192,45.4479,-6.7585,45.4479,-6.7585,45.4271,-6.7793,45.4687,-6.7376
695650,Supports,"2'-8"" Picket",,Point,45.4479,-6.4765,6.5940,45.4479,-6.4765,45.4479,-6.4765,45.4271,-6.4973,45.4687,-6.4556
695651,Supports,"2'-8"" Picket",,Point,45.4479,-6.1945,6.7689,45.4479,-6.1945,45.4479,-6.1945,45.4271,-6.2153,45.4687,-6.1736
695652,Supports,"2'-8"" Picket",,Point,45.4479,-5.9125,6.9438,45.4479,-5.9125,45.4479,-5.9125,45.4271,-5.9333,45.4687,-5.8916
695653,Supports,"2'-8"" Picket",,Point,45.4479,-5.6305,7.1187,45.4479,-5.6305,45.4479,-5.6305,45.4271,-5.6513,45.4687,-5.6096
695654,Supports,"2'-8"" Picket",,Point,45.4479,-5.3485,7.2935,45.4479,-5.3485,45.4479,-5.3485,45.4271,-5.3693,45.4687,-5.3276
695655,Supports,"2'-8"" Picket",,Point,45.4479,-5.0665,7.4684,45.4479,-5.0665,45.4479,-5.0665,45.4271,-5.0873,45.4687,-5.0456
695656,Supports,"2'-8"" Picket",,Point,45.4479,-4.7845,7.6433,45.4479,-4.7845,45.4479,-4.7845,45.4271,-4.8053,45.4687,-4.7636
695657,Supports,"2'-8"" Picket",,Point,45.4479,-4.5025,7.8182,45.4479,-4.5025,45.4479,-4.5025,45.4271,-4.5233,45.4687,-4.4816
695658,Supports,"2'-8"" Picket",,Point,45.4479,-4.2205,7.9931,45.4479,-4.2205,45.4479,-4.2205,45.4271,-4.2413,45.4687,-4.1996
695659,Supports,"2'-8"" Picket",,Point,45.4479,-3.9385,8.1679,45.4479,-3.9385,45.4479,-3.9385,45.4271,-3.9593,45.4687,-3.9176
695660,Supports,"2'-8"" Picket",,Point,45.4479,-3.6565,8.3428,45.4479,-3.6565,45.4479,-3.6565,45.4271,-3.6773,45.4687,-3.6356
695661,Supports,"2'-8"" Picket",,Point,45.4479,-3.3745,8.5177,45.4479,-3.3745,45.4479,-3.3745,45.4271,-3.3953,45.4687,-3.3536
695662,Supports,"2'-8"" Picket",,Point,45.4479,-3.0925,8.6926,45.4479,-3.0925,45.4479,-3.0925,45.4271,-3.1133,45.4687,-3.0716
695668,Supports,Metal - Circular,,Point,41.9479,-4.9241,9.6114,41.9479,-4.9241,41.9479,-4.9241,41.7604,-5.0491,41.9721,-4.1880
695669,Supports,Metal - Circular,,Point,41.7604,-1.8333,10.9167,41.7604,-1.8333,41.7604,-1.8333,41.0244,-2.0208,41.8854,-1.8092
697096,Walls,"Exterior - 14 5/8"" Rainscreen w Insultation on Metal Stud",,CurveMidpt,-49.6406,-8.6719,-3.4583,-49.6406,-8.6719,-49.6406,-8.6719,-50.2500,-26.4167,-49.0312,9.5000
697693,Walls,"Core - Concrete 12""",,CurveMidpt,-111.0000,31.2292,-5.9167,-111.0000,31.2292,-111.0000,31.2292,-111.5000,19.2083,-110.5000,43.2500
697710,Walls,"Exterior - 12 5/8"" Rainscreen w Insultation on Metal Stud",,CurveMidpt,-74.9375,42.2240,-5.9167,-74.9375,42.2240,-74.9375,42.2240,-100.1250,41.6979,-49.7500,42.7500
700016,Stairs,Stair,,BBoxCenter,45.9375,-11.7813,13.4583,45.9375,-11.7813,45.9375,-11.7813,41.7500,-19.6250,50.1250,-3.9375
700122,Runs,"1/4"" Tread 1"" Nosing 1/4"" Riser",,BBoxCenter,48.2708,-8.1162,13.4583,48.2708,-8.1162,48.2708,-8.1162,46.4375,-12.2950,50.1042,-3.9375
700124,Supports,"_Stringer - 1/4"" Plate",,BBoxCenter,50.1146,-8.1892,13.4583,50.1146,-8.1892,50.1146,-8.1892,50.1042,-12.4409,50.1250,-3.9375
700125,Supports,"_Stringer - 1/4"" Plate",,BBoxCenter,46.4271,-8.1892,13.4583,46.4271,-8.1892,46.4271,-8.1892,46.4167,-12.4409,46.4375,-3.9375
700193,Runs,"1/4"" Tread 1"" Nosing 1/4"" Riser",,BBoxCenter,43.6042,-7.5504,13.4583,43.6042,-7.5504,43.6042,-7.5504,41.7708,-11.2708,45.4375,-3.8300
700195,Landings,Non-Monolithic Landing,,BBoxCenter,45.9375,-15.3838,13.4583,45.9375,-15.3838,45.9375,-15.3838,41.7708,-19.6042,50.1042,-11.1634
700197,Supports,"_Stringer - 1/4"" Plate",,BBoxCenter,41.7604,-8.0777,13.5823,41.7604,-8.0777,41.7604,-8.0777,41.7500,-12.2179,41.7708,-3.9375
700198,Supports,"_Stringer - 1/4"" Plate",,BBoxCenter,45.4479,-8.0777,13.5823,45.4479,-8.0777,45.4479,-8.0777,45.4375,-12.2179,45.4583,-3.9375
700199,Supports,"_Stringer - 1/4"" Plate",,BBoxCenter,41.7604,-15.4479,13.4583,41.7604,-15.4479,41.7604,-15.4479,41.7500,-19.6250,41.7708,-11.2708
700200,Supports,"_Stringer - 1/4"" Plate",,BBoxCenter,45.9375,-19.6146,13.4583,45.9375,-19.6146,45.9375,-19.6146,41.7500,-19.6250,50.1250,-19.6042
700201,Supports,"_Stringer - 1/4"" Plate",,BBoxCenter,50.1146,-15.8911,13.4583,50.1146,-15.8911,50.1146,-15.8911,50.1042,-19.6250,50.1250,-12.1571
700202,Supports,"_Stringer - 1/4"" Plate",,BBoxCenter,46.4271,-12.6723,13.4583,46.4271,-12.6723,46.4271,-12.6723,46.4167,-13.1875,46.4375,-12.1571
700237,Supports,"_Stringer - 1/4"" Plate",,BBoxCenter,45.9375,-13.1771,13.4583,45.9375,-13.1771,45.9375,-13.1771,45.4375,-13.1875,46.4375,-13.1667
700446,Supports,"_Stringer - 1/4"" Plate",,BBoxCenter,45.4479,-12.2292,13.4583,45.4479,-12.2292,45.4479,-12.2292,45.4375,-13.1875,45.4583,-11.2708
700761,Railings,_IBC-Pipe-Plate Stringer (Extension None),,BBoxCenter,45.9375,-8.0885,15.4518,45.9375,-8.0885,45.9375,-8.0885,45.1979,-13.4271,46.6771,-2.7500
700765,Railings,Pipe-Wall Mount,,BBoxCenter,50.1146,-7.6042,13.5581,50.1146,-7.6042,50.1146,-7.6042,49.3785,-13.4375,50.8506,-1.7708
701089,Multistory Stairs,Multistory Stairs,,BBoxCenter,45.9375,-11.7813,13.7083,45.9375,-11.7813,45.9375,-11.7813,41.2500,-20.1250,50.6250,-3.4375
705683,Cameras,Camera - Exterior Street View (Real),,BBoxCenter,-26.1040,-63.9239,36.5045,-26.1040,-63.9239,-26.1040,-63.9239,-116.8507,-121.0847,64.6427,-6.7631
716293,Vertical Circulation,3500 lbs,,Point,-95.4583,29.6667,0.0000,-95.4583,29.6667,-95.4583,29.6667,-99.6250,26.2083,-91.2917,33.1250
724864,Vertical Circulation,3500 lbs,,Point,-1.0833,23.5000,0.0000,-1.0833,23.5000,-1.0833,23.5000,-5.2500,20.0417,3.0833,26.9583
724873,Specialty Equipment,"48"" x 84""",,Point,-1.0833,19.2917,8.0833,-1.0833,19.2917,-1.0833,19.2917,-5.0833,18.5183,2.9167,19.8750
734799,Walls,"Party - 6 1/8"" (2-hr)",,CurveMidpt,3.5833,35.1563,8.0833,3.5833,35.1563,3.5833,35.1563,3.0938,28.0885,4.0729,42.2240
735382,Walls,"Core - Concrete 10""",,CurveMidpt,-1.3568,19.2917,-3.4583,-1.3568,19.2917,-1.3568,19.2917,-6.2135,18.8750,3.5000,19.7083
735544,Walls,"Interior - 6 1/8"" Partition (2-hr)",,CurveMidpt,-90.3073,22.0833,-5.9167,-90.3073,22.0833,-90.3073,22.0833,-90.5625,19.0885,-90.0521,25.2083
736143,Walls,"Exterior - 12 5/8"" Rainscreen w Insultation on Metal Stud",,CurveMidpt,-57.1380,36.2240,-5.9167,-57.1380,36.2240,-57.1380,36.2240,-65.5521,35.6979,-49.2500,36.7500
737373,Walls,"Interior - 7 1/4"" Partition (1 hr)",,CurveMidpt,-65.2500,28.3073,-5.9167,-65.2500,28.3073,-65.2500,28.3073,-65.5521,20.3906,-64.9479,36.2240
738934,Walls,"Interior - 4 7/8"" Partition (1-hr)",,CurveMidpt,-80.3880,25.2448,-5.9167,-80.3880,25.2448,-80.3880,25.2448,-90.4583,25.0417,-70.1146,25.4479
739021,Walls,"Interior - 4 7/8"" Partition (1-hr)",,CurveMidpt,-70.3177,26.9948,-5.9167,-70.3177,26.9948,-70.3177,26.9948,-70.5208,25.2448,-70.1146,28.9479
739059,Walls,"Interior - 4 7/8"" Partition (1-hr)",,CurveMidpt,-67.7839,28.7448,-5.9167,-67.7839,28.7448,-67.7839,28.7448,-70.3177,28.5417,-65.2500,28.9479
746421,Stairs,Stair,,BBoxCenter,-15.0937,-4.6458,13.4583,-15.0937,-4.6458,-15.0937,-4.6458,-19.0937,-11.1042,-11.0937,1.8125
746486,Runs,"2 1/2"" Tread Square Nosing No Riser",,BBoxCenter,-12.9271,-2.5208,13.4583,-12.9271,-2.5208,-12.9271,-2.5208,-14.8437,-6.7708,-11.0104,1.7292
746553,Runs,"2 1/2"" Tread Square Nosing No Riser",,BBoxCenter,-17.2604,-1.7292,13.4583,-17.2604,-1.7292,-17.2604,-1.7292,-19.1771,-5.5208,-15.3437,2.0625
746555,Landings,Non-Monolithic Landing,,BBoxCenter,-15.0937,-8.2292,13.4583,-15.0937,-8.2292,-15.0937,-8.2292,-19.1771,-11.1875,-11.0104,-5.2708
748363,Walls,"Party - 6 1/8"" (2-hr)",,CurveMidpt,41.2500,25.6146,8.0833,41.2500,25.6146,41.2500,25.6146,40.7604,9.0052,41.7396,42.2240
748511,Walls,"Interior - 6 1/8"" Partition (2-hr)",,CurveMidpt,-22.2292,9.0052,8.0833,-22.2292,9.0052,-22.2292,9.0052,-39.8229,8.7500,-4.9896,9.2604
748731,Walls,"Interior - 6 1/8"" Partition (2-hr)",,CurveMidpt,21.8516,2.4948,8.0833,21.8516,2.4948,21.8516,2.4948,3.0938,2.2396,40.1198,2.7500
748796,Walls,"Interior - 6 1/8"" Partition (2-hr)",,CurveMidpt,-34.9453,2.4948,8.0833,-34.9453,2.4948,-34.9453,2.4948,-49.6406,2.2396,-19.7604,2.7500
748858,Walls,"Party - 6 1/8"" (2-hr)",,CurveMidpt,-20.2500,-12.5234,8.0833,-20.2500,-12.5234,-20.2500,-12.5234,-20.7396,-27.5417,-19.7604,2.4948
748873,Walls,"Party - 6 1/8"" (2-hr)",,CurveMidpt,3.5833,-13.6510,8.0833,3.5833,-13.6510,3.5833,-13.6510,3.0938,-30.0729,4.0729,2.4948
751237,Walls,"Interior - 6 1/8"" Partition (2-hr)",,CurveMidpt,27.3073,9.0052,8.0833,27.3073,9.0052,27.3073,9.0052,3.5833,8.7500,51.3854,9.2604
756614,Walls,"Core - Concrete 10""",,CurveMidpt,-1.0833,27.5417,-3.4583,-1.0833,27.5417,-1.0833,27.5417,-6.0833,27.1250,3.9167,27.9583
756775,Walls,"Core - Concrete 10""",,CurveMidpt,-5.6667,23.0964,-3.4583,-5.6667,23.0964,-5.6667,23.0964,-6.0833,18.6510,-5.2500,27.5417
756965,Walls,"Core - Concrete 10""",,CurveMidpt,-90.8750,29.7500,-5.9167,-90.8750,29.7500,-90.8750,29.7500,-91.2917,25.6250,-90.4583,34.2917
757097,Walls,"Core - Concrete 10""",,CurveMidpt,-95.5000,33.8750,-5.9167,-95.5000,33.8750,-95.5000,33.8750,-100.1250,33.4583,-90.8750,34.2917
757247,Walls,"Core - Concrete 10""",,CurveMidpt,-95.5000,25.6250,-5.9167,-95.5000,25.6250,-95.5000,25.6250,-100.1250,25.2083,-90.4583,26.0417
759388,Shaft Openings,Opening Cut,,BBoxCenter,-95.0417,30.1667,20.4583,-95.0417,30.1667,-95.0417,30.1667,-99.6250,26.0417,-90.4583,34.2917
785946,Walls,"Interior - 4 7/8"" Partition (NR)",,CurveMidpt,-43.0260,-1.9635,8.0833,-43.0260,-1.9635,-43.0260,-1.9635,-44.2604,-2.1667,-41.7917,-1.7604
785947,Walls,"Interior - 7 1/4"" Partition (NR)",,CurveMidpt,-41.7917,-6.9766,8.0833,-41.7917,-6.9766,-41.7917,-6.9766,-42.0938,-12.0937,-41.4896,-2.0625
785948,Walls,"Interior - 4 7/8"" Partition (NR)",,CurveMidpt,-30.4818,-11.0573,8.0833,-30.4818,-11.0573,-30.4818,-11.0573,-32.2344,-11.2604,-28.7292,-10.8542
785949,Walls,"Interior - 4 7/8"" Partition (NR)",,CurveMidpt,-28.6302,-3.2135,8.0833,-28.6302,-3.2135,-28.6302,-3.2135,-28.8333,-4.6667,-28.4271,-1.9635
785950,Walls,"Interior - 4 7/8"" Partition (NR)",,CurveMidpt,-43.0260,-11.8906,8.0833,-43.0260,-11.8906,-43.0260,-11.8906,-44.2604,-12.0937,-41.7917,-11.6875
785952,Walls,"Interior - 4 7/8"" Partition (NR)",,CurveMidpt,-30.4323,-4.4635,8.0833,-30.4323,-4.4635,-30.4323,-4.4635,-32.2344,-4.6667,-28.6302,-4.2604
785953,Walls,"Interior - 4 7/8"" Partition (NR)",,CurveMidpt,-27.4948,-11.8906,8.0833,-27.4948,-11.8906,-27.4948,-11.8906,-28.7292,-12.0937,-26.2604,-11.6875
785954,Walls,"Interior - 4 7/8"" Partition (NR)",,CurveMidpt,-32.2344,-9.9635,8.0833,-32.2344,-9.9635,-32.2344,-9.9635,-32.4375,-10.9583,-32.0313,-8.9687
785955,Walls,"Interior - 4 7/8"" Partition (NR)",,CurveMidpt,-40.4740,-5.0365,8.0833,-40.4740,-5.0365,-40.4740,-5.0365,-41.7917,-5.2396,-39.1563,-4.8333
785956,Plumbing Fixtures,"48""x36"" - Private",34,Point,-29.0313,-4.6667,8.0833,-29.0313,-4.6667,-29.0313,-4.6667,-32.0313,-8.6667,-29.0313,-4.6667
785957,Walls,"Interior - 4 7/8"" Partition (NR)",,CurveMidpt,-27.4453,-1.9635,8.0833,-27.4453,-1.9635,-27.4453,-1.9635,-28.8333,-2.1667,-26.2604,-1.7604
785958,Specialty Equipment,"24""",,Point,-41.4896,-3.5260,8.0833,-41.4896,-3.5260,-41.4896,-3.5260,-41.5019,-5.3511,-37.4896,-1.6409
785959,Specialty Equipment,Wheel Chair Circle,,Point,-36.2188,-5.8802,8.0833,-36.2188,-5.8802,-36.2188,-5.8802,-38.7188,-8.3802,-33.7188,-3.3802
785960,Doors,"36"" x 84"" (Cores)",202A,Point,-34.3750,-2.0625,8.0833,-34.3750,-2.0625,-34.3750,-2.0625,-36.0417,-5.3646,-32.7083,-1.7187
785961,Plumbing Fixtures,Toilet-Domestic-3D,35,Point,-39.8249,-6.4896,8.0833,-39.8249,-6.4896,-39.8249,-6.4896,-41.4479,-7.3209,-38.3532,-5.6582
785962,Casework,"72""",,Point,-41.4896,-10.6562,8.0833,-41.4896,-10.6562,-41.4896,-10.6562,-41.4896,-10.6562,-32.4375,-8.5729
785963,Generic Models,"18"" Deep",,CurveMidpt,-30.4323,-4.2604,8.0833,-30.4323,-4.2604,-30.4323,-4.2604,-32.0313,-4.2604,-28.8333,-2.7604
785964,Plumbing Fixtures,"19"" x 19""",36,Point,-33.9323,-9.3560,8.0833,-33.9323,-9.3560,-33.9323,-9.3560,-34.7240,-10.4271,-33.1406,-8.8437
785965,Plumbing Fixtures,"19"" x 19""",37,Point,-36.6823,-9.3560,8.0833,-36.6823,-9.3560,-36.6823,-9.3560,-37.4740,-10.4271,-35.8906,-8.8437
785966,Casework,"72""",,Point,-35.4375,-10.6562,8.0833,-35.4375,-10.6562,-35.4375,-10.6562,-38.4375,-10.6562,-32.4375,-7.4292
785967,Specialty Equipment,"54"" x 48""",,Point,-35.4844,-10.9583,11.5833,-35.4844,-10.9583,-35.4844,-10.9583,-37.7344,-10.6562,-33.2344,-9.3588
785968,Specialty Equipment,Kitchenette - Medium,,Point,-28.4271,-9.4990,8.0833,-28.4271,-9.4990,-28.4271,-9.4990,-28.5938,-11.6875,-23.7341,-3.2292
785969,Casework,"24"" Depth",,Point,-28.4271,-11.6875,8.0417,-28.4271,-11.6875,-28.4271,-11.6875,-28.4271,-11.6875,-25.1180,-5.1875
785970,Specialty Equipment,"24"" x 25"" LH",,Point,-27.4440,-4.2083,8.0833,-27.4440,-4.2083,-27.4440,-4.2083,-28.5938,-5.5457,-26.1588,-2.8109
785971,Specialty Equipment,"24"" x 24"" x 34""",,Point,-28.4271,-6.1875,8.0833,-28.4271,-6.1875,-28.4271,-6.1875,-28.4331,-7.5249,-23.7341,-4.7901
785972,Plumbing Fixtures,"18"" x 18""",38,Point,-27.3854,-8.3542,8.0417,-27.3854,-8.3542,-27.3854,-8.3542,-28.1354,-9.1042,-26.0733,-7.6042
785973,Specialty Equipment,"22"" x 20""",,Point,-27.4063,-10.5625,11.0417,-27.4063,-10.5625,-27.4063,-10.5625,-28.3646,-11.6042,-26.4479,-9.5208
785974,Casework,"24"" Depth",,Point,-42.0938,-2.1667,8.0833,-42.0938,-2.1667,-42.0938,-2.1667,-44.9341,-11.6875,-42.0938,-2.1667
785982,Casework,"24""W x 40""H",,Point,-28.7292,-10.6875,12.5833,-28.7292,-10.6875,-28.7292,-10.6875,-28.4271,-11.6875,-26.4057,-9.6875
785983,Casework,"27""W x 28""H",,Point,-28.7292,-8.5625,13.5833,-28.7292,-8.5625,-28.7292,-8.5625,-28.4271,-9.6875,-26.3084,-7.4375
785984,Casework,"24""W x 40""H",,Point,-28.7292,-6.4375,12.5833,-28.7292,-6.4375,-28.7292,-6.4375,-28.4271,-7.4375,-26.4057,-5.4375
785985,Casework,"27""W x 28""H",,Point,-28.6302,-4.3125,13.5833,-28.6302,-4.3125,-28.6302,-4.3125,-28.4271,-5.4375,-26.2094,-3.1875
785986,Specialty Equipment,"18"" x 48""",,Point,-42.7698,-6.9362,8.0833,-42.7698,-6.9362,-42.7698,-6.9362,-44.7685,-6.5833,-42.0938,-2.2500
785988,Model Groups,Live_Work Core - Standard,,Point,-49.7604,2.2865,8.0833,-49.7604,2.2865,-49.7604,2.2865,-45.4341,-12.6406,-23.2341,-1.1409
786584,Walls,"Interior - 4 7/8"" Partition (NR)",,CurveMidpt,34.1927,12.9635,8.0833,34.1927,12.9635,34.1927,12.9635,32.9583,12.7604,35.4271,13.1667
786585,Walls,"Interior - 7 1/4"" Partition (NR)",,CurveMidpt,32.9583,17.9766,8.0833,32.9583,17.9766,32.9583,17.9766,32.6562,13.0625,33.2604,23.0937
786586,Walls,"Interior - 4 7/8"" Partition (NR)",,CurveMidpt,22.1693,22.0573,8.0833,22.1693,22.0573,22.1693,22.0573,19.8958,21.8542,24.6458,22.2604
786587,Walls,"Interior - 4 7/8"" Partition (NR)",,CurveMidpt,19.7969,14.1146,8.0833,19.7969,14.1146,19.7969,14.1146,19.5938,12.9635,20.0000,15.4688
786588,Walls,"Interior - 4 7/8"" Partition (NR)",,CurveMidpt,34.1927,22.8906,8.0833,34.1927,22.8906,34.1927,22.8906,32.9583,22.6875,35.4271,23.0937
786589,Walls,"Interior - 4 7/8"" Partition (NR)",,CurveMidpt,23.4010,14.1641,8.0833,23.4010,14.1641,23.4010,14.1641,23.1979,13.0625,23.6042,15.4688
786590,Walls,"Interior - 4 7/8"" Partition (NR)",,CurveMidpt,21.5990,15.2656,8.0833,21.5990,15.2656,21.5990,15.2656,19.7969,15.0625,23.4010,15.4688
786591,Walls,"Interior - 4 7/8"" Partition (NR)",,CurveMidpt,18.6615,22.8906,8.0833,18.6615,22.8906,18.6615,22.8906,17.4271,22.6875,19.8958,23.0938
786592,Walls,"Chase - GWB & Metal Stud 2 1/4""",,CurveMidpt,23.2917,19.2760,8.0833,23.2917,19.2760,23.2917,19.2760,23.1979,18.4792,23.3854,20.0729
786593,Walls,"Interior - 4 7/8"" Partition (NR)",,CurveMidpt,31.6406,15.9635,8.0833,31.6406,15.9635,31.6406,15.9635,30.3229,15.7604,32.9583,16.1667
786594,Plumbing Fixtures,"48""x36"" - Private",54,Point,20.1979,15.4687,8.0833,20.1979,15.4687,20.1979,15.4687,20.1979,15.4687,23.1979,19.4687
786595,Walls,"Interior - 4 7/8"" Partition (NR)",,CurveMidpt,18.6120,12.9635,8.0833,18.6120,12.9635,18.6120,12.9635,17.4271,12.7604,20.0000,13.1667
786596,Specialty Equipment,"24""",,Point,32.7083,14.5677,8.0833,32.7083,14.5677,32.7083,14.5677,28.7083,12.6826,32.7206,16.3928
786597,Specialty Equipment,Wheel Chair Circle,,Point,27.5521,16.8802,8.0833,27.5521,16.8802,27.5521,16.8802,25.0521,14.3802,30.0521,19.3802
786598,Doors,"36"" x 84"" (Cores)",205A,Point,25.5677,13.0625,8.0833,25.5677,13.0625,25.5677,13.0625,23.9010,12.7187,27.2344,16.3646
786599,Plumbing Fixtures,Toilet-Domestic-3D,55,Point,31.0020,17.4167,8.0833,31.0020,17.4167,31.0020,17.4167,29.5303,16.5853,32.6250,18.2480
786601,Generic Models,"18"" Deep",,CurveMidpt,21.5990,15.0625,8.0833,21.5990,15.0625,21.5990,15.0625,20.0000,13.5625,23.1979,15.0625
786605,Specialty Equipment,"54"" x 48""",,Point,27.6927,21.9583,11.5833,27.6927,21.9583,27.6927,21.9583,25.4427,20.3588,29.9427,21.6562
786606,Specialty Equipment,Kitchenette - Medium,,Point,19.5938,20.4990,8.0833,19.5938,20.4990,19.5938,20.4990,14.9007,14.2292,19.7604,22.6875
786607,Casework,"24"" Depth",,Point,19.5938,22.6875,8.0417,19.5938,22.6875,19.5938,22.6875,16.2846,16.1875,19.5938,22.6875
786608,Specialty Equipment,"24"" x 25"" LH",,Point,18.6106,15.2083,8.0833,18.6106,15.2083,18.6106,15.2083,17.3254,13.8109,19.7604,16.5457
786609,Specialty Equipment,"24"" x 24"" x 34""",,Point,19.5938,17.1875,8.0833,19.5938,17.1875,19.5938,17.1875,14.9007,15.7901,19.5998,18.5249
786610,Plumbing Fixtures,"18"" x 18""",58,Point,18.5521,19.3542,8.0417,18.5521,19.3542,18.5521,19.3542,17.2400,18.6042,19.3021,20.1042
786611,Specialty Equipment,"22"" x 20""",,Point,18.5729,21.5625,11.0417,18.5729,21.5625,18.5729,21.5625,17.6146,20.5208,19.5313,22.6042
786612,Casework,"24"" Depth",,Point,33.2604,13.1667,8.0833,33.2604,13.1667,33.2604,13.1667,33.2604,13.1667,36.1008,22.7604
786620,Casework,"24""W x 40""H",,Point,19.8958,21.7240,12.5833,19.8958,21.7240,19.8958,21.7240,17.5724,20.7240,19.5938,22.7240
786621,Casework,"27""W x 28""H",,Point,19.8958,19.5990,13.5833,19.8958,19.5990,19.8958,19.5990,17.4751,18.4740,19.5938,20.7240
786622,Casework,"24""W x 40""H",,Point,19.8958,17.4740,12.5833,19.8958,17.4740,19.8958,17.4740,17.5724,16.4740,19.5938,18.4740
786623,Casework,"27""W x 28""H",,Point,19.7969,15.3490,13.5833,19.7969,15.3490,19.7969,15.3490,17.3761,14.2240,19.5938,16.4740
786624,Specialty Equipment,"18"" x 48""",,Point,33.9364,17.9362,8.0833,33.9364,17.9362,33.9364,17.9362,33.2604,13.2500,35.9352,17.5833
786626,Model Groups,Live_Work Core - Standard B,,Point,40.9271,8.7135,8.0833,40.9271,8.7135,40.9271,8.7135,14.4007,12.1826,36.6008,23.6406
786784,Doors,"36"" x 84"" (60 MIN)",202B,Point,-29.1563,2.4948,8.0833,-29.1563,2.4948,-29.1563,2.4948,-30.8229,-0.7604,-27.4896,2.7917
786853,Doors,"36"" x 84"" (60 MIN)",205B,Point,21.7500,9.0052,8.0833,21.7500,9.0052,21.7500,9.0052,20.0833,8.7083,23.4167,12.2604
796396,Walls,"Interior - 8 1/2"" Partition (2-hr)",,CurveMidpt,51.0313,5.6901,8.0833,51.0313,5.6901,51.0313,5.6901,50.6771,2.3750,51.3854,9.0052
797941,Walls,"Interior - 7 1/4"" Partition (NR)",,CurveMidpt,-29.8958,11.1901,8.0833,-29.8958,11.1901,-29.8958,11.1901,-30.1979,9.0052,-29.5938,13.3750
797953,Casework,"48""",,Point,-30.1875,12.2396,8.0833,-30.1875,12.2396,-30.1875,12.2396,-33.4145,10.2396,-30.1875,14.2396
797954,Specialty Equipment,"36"" x 48""",,Point,-29.8958,12.2396,11.5833,-29.8958,12.2396,-29.8958,12.2396,-31.4954,10.7396,-30.1979,13.7396
797975,Model Groups,Live_Work Core - Studio,,Point,-39.5729,9.2500,8.0833,-39.5729,9.2500,-39.5729,9.2500,-40.3750,8.1853,-26.6510,24.0576
798132,Walls,"Interior - 7 1/4"" Partition (NR)",,CurveMidpt,-33.6380,18.5625,8.0833,-33.6380,18.5625,-33.6380,18.5625,-39.8750,18.2604,-27.1979,18.8646
798133,Walls,"Interior - 4 7/8"" Partition (NR)",,CurveMidpt,-27.4010,19.9115,8.0833,-27.4010,19.9115,-27.4010,19.9115,-27.6042,18.5625,-27.1979,21.2604
798141,Casework,"24""W x 40""H",,Point,-28.6042,18.5625,12.5833,-28.6042,18.5625,-28.6042,18.5625,-29.6042,18.8646,-27.6042,20.8860
798142,Casework,"27""W x 28""H",,Point,-30.7292,18.5625,13.5833,-30.7292,18.5625,-30.7292,18.5625,-31.8542,18.8646,-29.6042,20.9833
798143,Casework,"24""W x 40""H",,Point,-32.8542,18.5625,12.5833,-32.8542,18.5625,-32.8542,18.5625,-33.8542,18.8646,-31.8542,20.8860
798144,Casework,"27""W x 28""H",,Point,-34.9792,18.5625,13.5833,-34.9792,18.5625,-34.9792,18.5625,-36.1042,18.8646,-33.8542,20.9833
798256,Casework,"24"" Depth",,Point,-20.7396,39.7500,8.0833,-20.7396,39.7500,-20.7396,39.7500,-23.5800,29.2500,-20.7396,39.7500
798264,Specialty Equipment,"18"" x 72""",,Point,-21.4156,35.1471,8.0833,-21.4156,35.1471,-21.4156,35.1471,-23.4144,33.5000,-20.7396,39.8333
799658,Casework,"24"" Depth",,Point,-30.1875,9.2604,8.0833,-30.1875,9.2604,-30.1875,9.2604,-33.3179,9.2604,-30.1875,14.2604
799696,Plumbing Fixtures,"19"" x 19""",106,Point,-31.5086,12.2396,8.0833,-31.5086,12.2396,-31.5086,12.2396,-32.0208,11.4479,-30.4375,13.0313
800030,Doors,"36"" x 84"" (Cores)",203B,Point,-29.8958,16.3229,8.0833,-29.8958,16.3229,-29.8958,16.3229,-33.1979,14.6563,-29.5521,17.9896
800258,Plumbing Fixtures,"36""x36"" - Private",111,Point,-39.1146,12.2604,8.0833,-39.1146,12.2604,-39.1146,12.2604,-39.1146,12.2604,-36.1146,15.2604
800259,Plumbing Fixtures,Toilet-Domestic-3D,112,Point,-37.4499,16.9479,8.0833,-37.4499,16.9479,-37.4499,16.9479,-39.0729,16.1166,-35.9782,17.7793
800260,Walls,"Interior - 4 7/8"" Partition (NR)",,CurveMidpt,-37.7917,15.4635,8.0833,-37.7917,15.4635,-37.7917,15.4635,-39.4688,15.2604,-36.1146,15.6667
800261,Walls,"Interior - 4 7/8"" Partition (NR)",,CurveMidpt,-37.7917,12.0573,8.0833,-37.7917,12.0573,-37.7917,12.0573,-39.4688,11.8542,-36.1146,12.2604
800262,Specialty Equipment,"24""",,Point,-39.1146,10.5104,8.0833,-39.1146,10.5104,-39.1146,10.5104,-39.1269,8.6853,-35.1146,12.3956
800338,Generic Models,"18"" Deep",,CurveMidpt,-29.5938,11.1667,8.0833,-29.5938,11.1667,-29.5938,11.1667,-29.5938,9.2604,-28.0938,13.0729
803105,Specialty Equipment,Kitchenette - Medium,,Point,-29.7927,18.8646,8.0833,-29.7927,18.8646,-29.7927,18.8646,-36.0625,18.6979,-27.6042,23.5576
803106,Casework,"24"" Depth",,Point,-27.6042,18.8646,8.0417,-27.6042,18.8646,-27.6042,18.8646,-34.1042,18.8646,-27.6042,22.1737
803107,Specialty Equipment,"24"" x 25"" LH",,Point,-35.0833,19.8477,8.0833,-35.0833,19.8477,-35.0833,19.8477,-36.4808,18.6979,-33.7460,21.1329
803108,Specialty Equipment,"24"" x 24"" x 34""",,Point,-33.1042,18.8646,8.0833,-33.1042,18.8646,-33.1042,18.8646,-34.5016,18.8586,-31.7668,23.5576
803109,Plumbing Fixtures,"18"" x 18""",107,Point,-30.9375,19.9063,8.0417,-30.9375,19.9063,-30.9375,19.9063,-31.6875,19.1563,-30.1875,21.2183
803110,Specialty Equipment,"22"" x 20""",,Point,-28.7292,19.8854,11.0417,-28.7292,19.8854,-28.7292,19.8854,-29.7708,18.9271,-27.6875,20.8437
804526,Furniture,"96"" x 12"" x 84""",,Point,-21.2396,13.2500,8.0833,-21.2396,13.2500,-21.2396,13.2500,-21.7396,9.2500,-20.7396,17.2500
804787,Furniture,"72"" x 12"" x 72""",,Point,-21.2396,26.2500,8.0833,-21.2396,26.2500,-21.2396,26.2500,-21.7396,23.2500,-20.7396,29.2500
805013,Doors,"36"" x 84"" (60 MIN)",203A,Point,-23.8438,9.0052,8.0833,-23.8438,9.0052,-23.8438,9.0052,-25.5104,8.7083,-22.1771,12.2604
806358,Casework,"30""",,Point,-37.4177,19.0885,8.0833,-37.4177,19.0885,-37.4177,19.0885,-38.7292,19.0885,-36.2292,21.8407
807787,Walls,"Interior - 4 7/8"" Partition (NR)",,CurveMidpt,-15.2656,16.2318,8.0833,-15.2656,16.2318,-15.2656,16.2318,-15.4687,13.5469,-15.0625,18.9167
808244,Walls,"Interior - 7 1/4"" Partition (NR)",,CurveMidpt,-13.6979,11.2760,8.0833,-13.6979,11.2760,-13.6979,11.2760,-14.0000,9.0052,-13.3958,13.7500
808251,Generic Models,"18"" Deep",,CurveMidpt,-14.0000,11.3021,8.0833,-14.0000,11.3021,-14.0000,11.3021,-15.5000,9.2604,-14.0000,13.3438
808252,Walls,"Interior - 4 7/8"" Partition (NR)",,CurveMidpt,-14.7552,13.5469,8.0833,-14.7552,13.5469,-14.7552,13.5469,-16.0625,13.3438,-13.6979,13.7500
808934,Casework,"48""",,Point,-13.3958,11.2604,8.0833,-13.3958,11.2604,-13.3958,11.2604,-13.3958,9.2604,-10.1688,13.2604
808935,Specialty Equipment,"36"" x 48""",,Point,-13.6979,11.2500,11.5833,-13.6979,11.2500,-13.6979,11.2500,-13.3958,9.7500,-12.0984,12.7500
808936,Casework,"24"" Depth",,Point,-13.3958,9.2604,8.0833,-13.3958,9.2604,-13.3958,9.2604,-13.3958,9.2604,-10.2654,13.2604
808937,Plumbing Fixtures,"19"" x 19""",133,Point,-12.0747,11.2604,8.0833,-12.0747,11.2604,-12.0747,11.2604,-13.1458,10.4688,-11.5625,12.0521
809458,Walls,"Interior - 7 1/4"" Partition (NR)",,CurveMidpt,-10.7552,18.9167,8.0833,-10.7552,18.9167,-10.7552,18.9167,-15.1667,18.6146,-6.3437,19.2188
809459,Casework,"24""W x 40""H",,Point,-7.3437,18.9167,12.5833,-7.3437,18.9167,-7.3437,18.9167,-8.3437,19.2187,-6.3437,21.2401
809460,Casework,"27""W x 28""H",,Point,-9.4687,18.9167,13.5833,-9.4687,18.9167,-9.4687,18.9167,-10.5937,19.2187,-8.3437,21.3374
809461,Casework,"24""W x 40""H",,Point,-11.5937,18.9167,12.5833,-11.5937,18.9167,-11.5937,18.9167,-12.5937,19.2187,-10.5937,21.2401
809462,Casework,"27""W x 28""H",,Point,-13.7187,18.9167,13.5833,-13.7187,18.9167,-13.7187,18.9167,-14.8437,19.2187,-12.5937,21.3374
809463,Specialty Equipment,Kitchenette - Medium,,Point,-8.5323,19.2187,8.0833,-8.5323,19.2187,-8.5323,19.2187,-14.8021,19.0521,-6.3437,23.9118
809464,Casework,"24"" Depth",,Point,-6.3437,19.2187,8.0417,-6.3437,19.2187,-6.3437,19.2187,-12.8437,19.2187,-6.3437,22.5279
809465,Specialty Equipment,"24"" x 25"" LH",,Point,-13.8229,20.2019,8.0833,-13.8229,20.2019,-13.8229,20.2019,-15.2203,19.0521,-12.4856,21.4871
809466,Specialty Equipment,"24"" x 24"" x 34""",,Point,-11.8437,19.2187,8.0833,-11.8437,19.2187,-11.8437,19.2187,-13.2412,19.2127,-10.5064,23.9118
809467,Plumbing Fixtures,"18"" x 18""",135,Point,-9.6771,20.2604,8.0417,-9.6771,20.2604,-9.6771,20.2604,-10.4271,19.5104,-8.9271,21.5725
809468,Specialty Equipment,"22"" x 20""",,Point,-7.4687,20.2396,11.0417,-7.4687,20.2396,-7.4687,20.2396,-8.5104,19.2812,-6.4271,21.1979
809470,Doors,"36"" x 84"" (Cores)",204B,Point,-15.2656,16.6979,8.0833,-15.2656,16.6979,-15.2656,16.6979,-15.5104,15.0313,-12.0625,18.3646
809636,Walls,"Interior - 8 1/2"" Partition (2-hr)",,CurveMidpt,-4.9896,13.8750,8.0833,-4.9896,13.8750,-4.9896,13.8750,-5.3437,8.7500,-4.6354,18.7448
809637,Plumbing Fixtures,Toilet-Domestic-3D,138,Point,-6.9668,10.5104,8.0833,-6.9668,10.5104,-6.9668,10.5104,-8.4385,9.6791,-5.3437,11.3418
809638,Plumbing Fixtures,"36""x36"" - Private",139,Point,-5.2500,18.6146,8.0833,-5.2500,18.6146,-5.2500,18.6146,-8.2500,15.6146,-5.2500,18.6146
809639,Walls,"Interior - 4 7/8"" Partition (NR)",,CurveMidpt,-6.6198,15.4115,8.0833,-6.6198,15.4115,-6.6198,15.4115,-8.2500,15.2083,-4.9896,15.6146
809640,Specialty Equipment,"24""",,Point,-5.3437,13.8281,8.0833,-5.3437,13.8281,-5.3437,13.8281,-9.3437,11.9430,-5.3314,15.6532
812830,Model Groups,Live_Work Core - Studio Two Story,,Point,-5.3437,9.2500,8.0833,-5.3437,9.2500,-5.3437,9.2500,-16.5625,8.5052,-4.4896,24.4118
826267,Windows,"50"" x 60""",119,Point,-34.7604,42.2240,11.5417,-34.7604,42.2240,-34.7604,42.2240,-37.0729,41.5938,-32.4479,43.6123
826274,Windows,"50"" x 60""",120,Point,-26.4271,42.2240,11.5417,-26.4271,42.2240,-26.4271,42.2240,-28.7396,41.5938,-24.1146,43.6123
826288,Windows,"50"" x 60""",122,Point,-9.7604,42.2240,11.5417,-9.7604,42.2240,-9.7604,42.2240,-12.0729,41.5938,-7.4479,43.6123
826309,Windows,"50"" x 60""",125,Point,36.0729,42.2240,11.5417,36.0729,42.2240,36.0729,42.2240,33.7604,41.5938,38.3854,43.6123
826316,Windows,"50"" x 60""",126,Point,-1.4271,42.2240,11.5417,-1.4271,42.2240,-1.4271,42.2240,-3.7396,41.5938,0.8854,43.6123
826323,Windows,"50"" x 60""",127,Point,27.7396,42.2240,11.5417,27.7396,42.2240,27.7396,42.2240,25.4271,41.5938,30.0521,43.6123
826376,Rooms,Stair S1,,Point,-104.8534,21.9404,-5.9167,-104.8534,21.9404,-104.8534,21.9404,-109.0000,19.7083,-100.6250,41.7500
826593,Rooms,Stair S3,,Point,46.3309,-0.3700,8.0833,46.3309,-0.3700,46.3309,-0.3700,41.7500,-19.6250,50.1250,1.8750
826600,Rooms,Stair S2,,Point,-44.6959,21.6617,-3.4583,-44.6959,21.6617,-44.6959,21.6617,-48.7500,19.7083,-40.3750,42.7500
826702,Rooms,Elevator E1,,Point,-95.4121,28.3550,-16.9167,-95.4121,28.3550,-95.4121,28.3550,-99.6250,26.0417,-91.2917,33.4583
826708,Rooms,Elevator E2,,Point,-1.0178,22.1821,-3.4583,-1.0178,22.1821,-1.0178,22.1821,-5.2500,19.7083,3.0833,27.1250
826919,Shaft Openings,Opening Cut,,BBoxCenter,-1.0833,23.8333,25.4583,-1.0833,23.8333,-1.0833,23.8333,-6.0833,19.7083,3.9167,27.9583
828508,Rooms,Café 101,,Point,-81.0467,16.4169,-5.9167,-81.0467,16.4169,-81.0467,16.4169,-90.0521,9.5000,-50.6042,35.6979
828518,Rooms,Outdoor Covered Dining 103,,Point,-79.3511,4.0632,-5.9167,-79.3511,4.0632,-79.3511,4.0632,-90.4792,-7.9167,-49.7500,8.6458
828521,Rooms,Pocket Park 104,,Point,-84.9573,-19.3180,-5.9167,-84.9573,-19.3180,-84.9573,-19.3180,-111.5000,-29.1750,-49.7500,18.2604
828537,Rooms,Residential Lobby 106,,Point,-8.7830,-8.9245,-3.4583,-8.7830,-8.9245,-8.7830,-8.9245,-19.7604,-28.3542,3.0938,1.9792
828548,Rooms,Commercial/Retail 108,,Point,23.7843,0.0000,0.0000,23.7843,0.0000,23.7843,0.0000,3.8021,-30.4219,40.7708,40.5417
828551,Rooms,Commercial/Retail 109,,Point,55.4648,-3.5861,0.0000,55.4648,-3.5861,55.4648,-3.5861,41.7396,-28.8565,70.5743,41.6979
829648,Rooms,Corridor 201,,Point,-4.3181,5.6377,8.0833,-4.3181,5.6377,-4.3181,5.6377,-39.3646,2.5000,47.6042,18.6146
829709,Rooms,Live/Work Unit 202,,Point,-38.0620,-18.7476,8.0833,-38.0620,-18.7476,-38.0620,-18.7476,-49.0312,-27.6042,-20.7396,2.2396
829712,Rooms,Studio Unit 203,,Point,-31.3197,33.5682,8.0833,-31.3197,33.5682,-31.3197,33.5682,-39.1146,9.2604,-20.7396,41.6979
829715,Rooms,Two Story Studio Unit 204,,Point,-8.1503,33.9597,8.0833,-8.1503,33.9597,-8.1503,33.9597,-19.7604,9.2604,3.0938,41.6979
829718,Rooms,Live/Work Unit 205,,Point,22.9459,33.9597,8.0833,22.9459,33.9597,22.9459,33.9597,4.0729,9.2604,40.7604,41.6979
831926,Walls,"Interior - 4 7/8"" Partition (NR)",,CurveMidpt,47.8073,6.0052,8.0833,47.8073,6.0052,47.8073,6.0052,47.6042,3.0052,48.0104,9.0052
831927,Doors,"36"" x 84""",201B,Point,47.8073,6.8125,8.0833,47.8073,6.8125,47.8073,6.8125,44.6042,5.1458,48.0521,8.4792
836408,Windows,"50"" x 80""",138,Point,-79.0833,42.2240,9.0000,-79.0833,42.2240,-79.0833,42.2240,-81.3958,41.5938,-76.7708,43.2287
836429,Windows,"50"" x 80""",141,Point,-85.7083,42.2240,9.0000,-85.7083,42.2240,-85.7083,42.2240,-88.0208,41.5938,-83.3958,43.2287
850641,Cameras,At Ramp,,BBoxCenter,66.1324,-53.6592,3.3187,66.1324,-53.6592,66.1324,-53.6592,-12.0082,-133.0302,144.2729,25.7118
851665,Cameras,Loft Unit,,BBoxCenter,-28.5464,13.3330,37.1183,-28.5464,13.3330,-28.5464,13.3330,-91.8648,-30.2202,34.7720,56.8862
851719,Cameras,Residential Lobby,,BBoxCenter,-52.2825,38.0241,29.1767,-52.2825,38.0241,-52.2825,38.0241,-117.5981,-28.4715,13.0330,104.5197
851733,Cameras,Spiral Stair Loft,,BBoxCenter,-15.7810,45.4487,35.7366,-15.7810,45.4487,-15.7810,45.4487,-45.2706,11.2671,13.7086,79.6304
853376,Cameras,3D Solar Study,,BBoxCenter,-2024.5419,-819.6914,1402.3477,-2024.5419,-819.6914,-2024.5419,-819.6914,-4665.9831,-2436.6592,616.8993,797.2763
854986,Elevations,Elevation 4,,BBoxCenter,-30.8760,62.8284,0.0000,-30.8760,62.8284,-30.8760,62.8284,-34.0000,59.8284,-27.7519,65.8284
854987,Views,North,,BBoxCenter,-30.0000,62.4142,0.0000,-30.0000,62.4142,-30.0000,62.4142,-32.8284,61.0000,-27.1716,63.8284
855056,Elevations,Elevation 2,,BBoxCenter,-30.8835,-48.8284,0.0000,-30.8835,-48.8284,-30.8835,-48.8284,-34.0000,-51.8284,-27.7669,-45.8284
855057,Views,South,,BBoxCenter,-30.0000,-46.4142,0.0000,-30.0000,-46.4142,-30.0000,-46.4142,-32.8284,-47.8284,-27.1716,-45.0000
881710,Doors,"36"" x 84"" (180 MIN)",S22B,Point,-42.5417,19.2083,8.0833,-42.5417,19.2083,-42.5417,19.2083,-44.2083,18.6667,-40.8125,22.6250
881716,Walls,"Core - Concrete 12""",,CurveMidpt,-49.2500,39.7370,-3.4583,-49.2500,39.7370,-49.2500,39.7370,-49.7500,36.2240,-48.7500,43.7500
881724,Walls,"Core - Concrete 12""",,CurveMidpt,-39.8750,30.7083,8.0833,-39.8750,30.7083,-39.8750,30.7083,-40.3750,19.2083,-39.3750,42.2083
881855,Railings,_IBC-Pipe-Plate Stringer (Extension None),,BBoxCenter,-44.5625,24.5938,10.0768,-44.5625,24.5938,-44.5625,24.5938,-45.3021,24.0625,-43.8229,25.1250
881860,Top Rails,"_IBC-Circular - 1 1/2"" (Extension None)",,BBoxCenter,-44.5625,24.6771,11.3542,-44.5625,24.6771,-44.5625,24.6771,-45.1146,24.2500,-44.0104,25.1042
881875,Handrails,"_IBC-Bottom Rail Circular - 1 1/2""",,BBoxCenter,-44.5625,24.6771,8.7995,-44.5625,24.6771,-44.5625,24.6771,-45.1146,24.2500,-44.0104,25.1042
881890,Handrails,"_IBC-Handrail Circular - 1 1/2"" (Extension None)",,BBoxCenter,-44.5625,24.5833,10.8542,-44.5625,24.5833,-44.5625,24.5833,-45.3021,24.0625,-43.8229,25.1042
881906,Supports,"2'-8"" Picket",,Point,-44.0729,24.4907,8.7370,-44.0729,24.4907,-44.0729,24.4907,-44.0938,24.4698,-44.0521,24.5115
881907,Supports,"2'-8"" Picket",,Point,-44.2673,24.3125,8.7370,-44.2673,24.3125,-44.2673,24.3125,-44.2881,24.2917,-44.2464,24.3333
881908,Supports,"2'-8"" Picket",,Point,-44.5683,24.3125,8.7370,-44.5683,24.3125,-44.5683,24.3125,-44.5891,24.2917,-44.5474,24.3333
881909,Supports,"2'-8"" Picket",,Point,-44.8692,24.3125,8.7370,-44.8692,24.3125,-44.8692,24.3125,-44.8901,24.2917,-44.8484,24.3333
881910,Supports,"2'-8"" Picket",,Point,-45.0521,24.5022,8.7370,-45.0521,24.5022,-45.0521,24.5022,-45.0729,24.4814,-45.0313,24.5230
881911,Supports,"2'-8"" Picket",,Point,-45.0521,24.8032,8.7370,-45.0521,24.8032,-45.0521,24.8032,-45.0729,24.7823,-45.0313,24.8240
881912,Supports,"2'-8"" Picket",,Point,-45.0521,25.1042,8.7370,-45.0521,25.1042,-45.0521,25.1042,-45.0729,25.0833,-45.0313,25.1250
881927,Floors,Stair Landing Steel Plate,,BBoxCenter,-44.5625,23.0521,8.0729,-44.5625,23.0521,-44.5625,23.0521,-48.7292,19.7292,-40.3958,26.3750
881936,Slab Edges,_Stair Landing Plate Stringer,,BBoxCenter,-43.0729,23.4849,9.2083,-43.0729,23.4849,-43.0729,23.4849,-48.7500,19.7083,-37.3958,27.2615
881948,Stairs,Stair,,BBoxCenter,-44.5625,34.0417,2.4327,-44.5625,34.0417,-44.5625,34.0417,-48.7500,25.0417,-40.3750,43.0417
881949,Runs,"1/4"" Tread 1"" Nosing 1/4"" Riser",,BBoxCenter,-42.2292,30.9463,2.3125,-42.2292,30.9463,-42.2292,30.9463,-44.0625,24.9343,-40.3958,36.9583
881951,Supports,"_Stringer - 1/4"" Plate",,BBoxCenter,-40.3854,31.4672,2.4327,-40.3854,31.4672,-40.3854,31.4672,-40.3958,25.0417,-40.3750,37.8927
881952,Supports,"_Stringer - 1/4"" Plate",,BBoxCenter,-44.0729,31.4672,2.4327,-44.0729,31.4672,-44.0729,31.4672,-44.0833,25.0417,-44.0625,37.8927
881953,Railings,_IBC-Pipe-Plate Stringer (Extension None),,BBoxCenter,-44.5625,31.7604,10.4102,-44.5625,31.7604,-44.5625,31.7604,-45.3021,24.7708,-43.8229,38.7499
881963,Top Rails,"_IBC-Circular - 1 1/2"" (Extension None)",,BBoxCenter,-44.5625,31.6771,11.3542,-44.5625,31.6771,-44.5625,31.6771,-45.1146,24.7917,-44.0104,38.5624
881977,Handrails,"_IBC-Bottom Rail Circular - 1 1/2""",,BBoxCenter,-44.5625,31.6771,8.7995,-44.5625,31.6771,-44.5625,31.6771,-45.1146,24.7917,-44.0104,38.5624
881991,Handrails,"_IBC-Handrail Circular - 1 1/2"" (Extension None)",,BBoxCenter,-44.5625,31.7708,10.8542,-44.5625,31.7708,-44.5625,31.7708,-45.3021,24.7917,-43.8229,38.7499
882136,Stairs,Stair,,BBoxCenter,-44.5625,34.1146,13.4583,-44.5625,34.1146,-44.5625,34.1146,-48.7500,26.2708,-40.3750,41.9583
882137,Runs,"1/4"" Tread 1"" Nosing 1/4"" Riser",,BBoxCenter,-46.8958,30.4496,13.4583,-46.8958,30.4496,-46.8958,30.4496,-48.7292,26.2708,-45.0625,34.6283
882139,Supports,"_Stringer - 1/4"" Plate",,BBoxCenter,-48.7396,30.5225,13.4583,-48.7396,30.5225,-48.7396,30.5225,-48.7500,26.2708,-48.7292,34.7742
882140,Supports,"_Stringer - 1/4"" Plate",,BBoxCenter,-45.0521,30.5225,13.4583,-45.0521,30.5225,-45.0521,30.5225,-45.0625,26.2708,-45.0417,34.7742
882141,Runs,"1/4"" Tread 1"" Nosing 1/4"" Riser",,BBoxCenter,-42.2292,29.8838,13.4583,-42.2292,29.8838,-42.2292,29.8838,-44.0625,26.1634,-40.3958,33.6042
882143,Landings,Non-Monolithic Landing,,BBoxCenter,-44.5625,37.7171,13.4583,-44.5625,37.7171,-44.5625,37.7171,-48.7292,33.4967,-40.3958,41.9375
882145,Supports,"_Stringer - 1/4"" Plate",,BBoxCenter,-40.3854,30.4110,13.5823,-40.3854,30.4110,-40.3854,30.4110,-40.3958,26.2708,-40.3750,34.5512
882146,Supports,"_Stringer - 1/4"" Plate",,BBoxCenter,-44.0729,30.4110,13.5823,-44.0729,30.4110,-44.0729,30.4110,-44.0833,26.2708,-44.0625,34.5512
882147,Supports,"_Stringer - 1/4"" Plate",,BBoxCenter,-40.3854,37.7813,13.4583,-40.3854,37.7813,-40.3854,37.7813,-40.3958,33.6042,-40.3750,41.9583
882148,Supports,"_Stringer - 1/4"" Plate",,BBoxCenter,-44.5625,41.9479,13.4583,-44.5625,41.9479,-44.5625,41.9479,-48.7500,41.9375,-40.3750,41.9583
882149,Supports,"_Stringer - 1/4"" Plate",,BBoxCenter,-48.7396,38.2244,13.4583,-48.7396,38.2244,-48.7396,38.2244,-48.7500,34.4905,-48.7292,41.9583
882150,Supports,"_Stringer - 1/4"" Plate",,BBoxCenter,-45.0521,35.0056,13.4583,-45.0521,35.0056,-45.0521,35.0056,-45.0625,34.4905,-45.0417,35.5208
882151,Supports,"_Stringer - 1/4"" Plate",,BBoxCenter,-44.5625,35.5104,13.4583,-44.5625,35.5104,-44.5625,35.5104,-45.0625,35.5000,-44.0625,35.5208
882152,Supports,"_Stringer - 1/4"" Plate",,BBoxCenter,-44.0729,34.5625,13.4583,-44.0729,34.5625,-44.0729,34.5625,-44.0833,33.6042,-44.0625,35.5208
882153,Railings,_IBC-Pipe-Plate Stringer (Extension None),,BBoxCenter,-44.5625,30.4219,15.4518,-44.5625,30.4219,-44.5625,30.4219,-45.3021,25.0833,-43.8229,35.7604
882157,Railings,Pipe-Wall Mount,,BBoxCenter,-48.7396,29.9375,13.5581,-48.7396,29.9375,-48.7396,29.9375,-49.4756,24.1042,-48.0035,35.7708
882171,Top Rails,"_IBC-Circular - 1 1/2"" (Extension None)",,BBoxCenter,-45.0521,29.7924,14.1707,-45.0521,29.7924,-45.0521,29.7924,-45.1146,25.1042,-44.9896,34.4806
882190,Handrails,"_IBC-Bottom Rail Circular - 1 1/2""",,BBoxCenter,-45.0521,29.7820,11.6160,-45.0521,29.7820,-45.0521,29.7820,-45.1146,25.0833,-44.9896,34.4806
882209,Handrails,"_IBC-Handrail Circular - 1 1/2"" (Extension None)",,BBoxCenter,-45.2396,29.7924,13.6707,-45.2396,29.7924,-45.2396,29.7924,-45.3021,25.1042,-45.1771,34.4806
882249,Multistory Stairs,Multistory Stairs,,BBoxCenter,-44.5625,34.1146,13.7083,-44.5625,34.1146,-44.5625,34.1146,-49.2500,25.7708,-39.8750,42.4583
882785,Supports,"2'-8"" Picket",,Point,-44.0729,30.1784,5.5032,-44.0729,30.1784,-44.0729,30.1784,-44.0938,30.1575,-44.0521,30.1992
882786,Supports,"2'-8"" Picket",,Point,-44.0729,29.8970,5.6803,-44.0729,29.8970,-44.0729,29.8970,-44.0938,29.8762,-44.0521,29.9178
882787,Supports,"2'-8"" Picket",,Point,-44.0729,29.6156,5.8575,-44.0729,29.6156,-44.0729,29.6156,-44.0938,29.5948,-44.0521,29.6365
882788,Supports,"2'-8"" Picket",,Point,-44.0729,29.3342,6.0346,-44.0729,29.3342,-44.0729,29.3342,-44.0938,29.3134,-44.0521,29.3551
882789,Supports,"2'-8"" Picket",,Point,-44.0729,29.0529,6.2117,-44.0729,29.0529,-44.0729,29.0529,-44.0938,29.0320,-44.0521,29.0737
882790,Supports,"2'-8"" Picket",,Point,-44.0729,28.7715,6.3889,-44.0729,28.7715,-44.0729,28.7715,-44.0938,28.7507,-44.0521,28.7923
882791,Supports,"2'-8"" Picket",,Point,-44.0729,28.4901,6.5660,-44.0729,28.4901,-44.0729,28.4901,-44.0938,28.4693,-44.0521,28.5110
882792,Supports,"2'-8"" Picket",,Point,-44.0729,28.2088,6.7432,-44.0729,28.2088,-44.0729,28.2088,-44.0938,28.1879,-44.0521,28.2296
882793,Supports,"2'-8"" Picket",,Point,-44.0729,27.9274,6.9203,-44.0729,27.9274,-44.0729,27.9274,-44.0938,27.9065,-44.0521,27.9482
882794,Supports,"2'-8"" Picket",,Point,-44.0729,27.6460,7.0974,-44.0729,27.6460,-44.0729,27.6460,-44.0938,27.6252,-44.0521,27.6668
882795,Supports,"2'-8"" Picket",,Point,-44.0729,27.3646,7.2746,-44.0729,27.3646,-44.0729,27.3646,-44.0938,27.3438,-44.0521,27.3855
882796,Supports,"2'-8"" Picket",,Point,-44.0729,27.0833,7.4517,-44.0729,27.0833,-44.0729,27.0833,-44.0938,27.0624,-44.0521,27.1041
882797,Supports,"2'-8"" Picket",,Point,-44.0729,26.8019,7.6288,-44.0729,26.8019,-44.0729,26.8019,-44.0938,26.7810,-44.0521,26.8227
882800,Walls,"Core - Concrete 12""",,CurveMidpt,-44.8776,19.2083,-3.4583,-44.8776,19.2083,-44.8776,19.2083,-49.8802,18.7083,-39.3750,19.7083
882827,Stairs,Stair,,BBoxCenter,-44.5625,33.3646,-10.0618,-44.5625,33.3646,-44.5625,33.3646,-48.7500,24.9792,-40.3750,41.7500
882834,Landings,Non-Monolithic Landing,,BBoxCenter,-44.5625,38.3421,-10.1875,-44.5625,38.3421,-44.5625,38.3421,-48.7292,34.9550,-40.3958,41.7292
882838,Supports,"_Stringer - 1/4"" Plate",,BBoxCenter,-40.3854,38.4063,-10.1875,-40.3854,38.4063,-40.3854,38.4063,-40.3958,35.0625,-40.3750,41.7500
882839,Supports,"_Stringer - 1/4"" Plate",,BBoxCenter,-44.5625,41.7396,-10.1875,-44.5625,41.7396,-44.5625,41.7396,-48.7500,41.7292,-40.3750,41.7500
882840,Supports,"_Stringer - 1/4"" Plate",,BBoxCenter,-48.7396,38.6381,-10.1875,-48.7396,38.6381,-48.7396,38.6381,-48.7500,35.5263,-48.7292,41.7500
883766,Runs,"1/4"" Tread 1"" Nosing 1/4"" Riser",,BBoxCenter,-46.8958,35.2724,2.3125,-46.8958,35.2724,-46.8958,35.2724,-48.7292,32.9270,-45.0625,37.6178
883768,Supports,"_Stringer - 1/4"" Plate",,BBoxCenter,-48.7396,35.3541,2.3125,-48.7396,35.3541,-48.7396,35.3541,-48.7500,32.9270,-48.7292,37.7812
883769,Supports,"_Stringer - 1/4"" Plate",,BBoxCenter,-45.0521,35.3541,2.3125,-45.0521,35.3541,-45.0521,35.3541,-45.0625,32.9270,-45.0417,37.7812
884177,Landings,Non-Monolithic Landing,,BBoxCenter,-44.5625,39.9463,2.3125,-44.5625,39.9463,-44.5625,39.9463,-48.7292,36.8509,-40.3958,43.0417
884281,Supports,"2'-8"" Picket",,Point,-44.0729,26.5205,7.8060,-44.0729,26.5205,-44.0729,26.5205,-44.0938,26.4997,-44.0521,26.5413
884282,Supports,"2'-8"" Picket",,Point,-44.0729,26.2391,7.9831,-44.0729,26.2391,-44.0729,26.2391,-44.0938,26.2183,-44.0521,26.2600
884283,Supports,"2'-8"" Picket",,Point,-44.0729,25.9578,8.1603,-44.0729,25.9578,-44.0729,25.9578,-44.0938,25.9369,-44.0521,25.9786
884284,Supports,"2'-8"" Picket",,Point,-44.0729,25.6764,8.3374,-44.0729,25.6764,-44.0729,25.6764,-44.0938,25.6555,-44.0521,25.6972
884285,Supports,"2'-8"" Picket",,Point,-44.0729,25.3950,8.5145,-44.0729,25.3950,-44.0729,25.3950,-44.0938,25.3742,-44.0521,25.4158
884286,Supports,"2'-8"" Picket",,Point,-44.0729,25.1136,8.6917,-44.0729,25.1136,-44.0729,25.1136,-44.0938,25.0928,-44.0521,25.1345
887288,Walls,"Interior - 6 1/8"" Partition (2-hr)",,CurveMidpt,6.3776,13.5417,-3.4583,6.3776,13.5417,6.3776,13.5417,3.5833,13.2865,9.4271,13.7969
887308,Walls,"Interior - 6 1/8"" Partition (2-hr)",,CurveMidpt,9.1719,18.5000,-3.4583,9.1719,18.5000,9.1719,18.5000,8.9167,13.5417,9.4271,23.7135
887778,Doors,"36"" x 84"" (45 MIN)",201A,Point,3.5833,16.0417,8.0833,3.5833,16.0417,3.5833,16.0417,3.0521,14.3125,6.9896,17.7083
887939,Walls,"Interior - 6 1/8"" Partition (2-hr)",,CurveMidpt,6.5833,20.2083,-3.4583,6.5833,20.2083,6.5833,20.2083,3.9167,19.9531,9.1719,20.4635
888013,Walls,"Interior - 6 1/8"" Partition (2-hr)",,CurveMidpt,6.3359,23.4583,-3.4583,6.3359,23.4583,6.3359,23.4583,3.5000,23.2031,9.1719,23.7135
900615,Walls,"Interior - 8 1/2"" Partition (2-hr)",,CurveMidpt,-39.4688,13.7917,8.0833,-39.4688,13.7917,-39.4688,13.7917,-39.8229,9.0052,-39.1146,18.5781
900745,Walls,"Interior - 4 7/8"" Partition (NR)",,CurveMidpt,-45.6094,10.5365,8.0833,-45.6094,10.5365,-45.6094,10.5365,-45.8125,2.4948,-45.4063,18.5781
900781,Walls,"Interior - 4 7/8"" Partition (NR)",,CurveMidpt,-47.6250,8.9531,8.0833,-47.6250,8.9531,-47.6250,8.9531,-49.6406,8.7500,-45.6094,9.1563
902459,Specialty Equipment,Trash Chute,,Point,5.9167,19.9531,0.0000,5.9167,19.9531,5.9167,19.9531,4.7500,19.9115,7.0833,22.9531
903725,Shaft Openings,Opening Cut,,BBoxCenter,5.9167,21.7917,8.0833,5.9167,21.7917,5.9167,21.7917,5.1801,21.0551,6.6532,22.5282
931357,Floors,Finish Floor - Ceramic Tile (Wood),,BBoxCenter,-78.6458,30.2604,5.2500,-78.6458,30.2604,-78.6458,30.2604,-99.6250,18.7708,-57.6667,41.7500
945824,Specialty Equipment,"48"" x 84""",,Point,-95.4583,25.6250,5.5000,-95.4583,25.6250,-95.4583,25.6250,-99.4583,24.8517,-91.4583,26.2083
946544,Walls,Glazing Wall - Stair,,CurveMidpt,-104.8333,43.2500,0.0000,-104.8333,43.2500,-104.8333,43.2500,-108.0208,42.7500,-101.6458,43.7500
946546,Curtain Wall Grids,Grid Line,,BBoxCenter,-106.8333,43.2500,12.0833,-106.8333,43.2500,-106.8333,43.2500,-106.8333,42.7500,-106.8333,43.7500
946552,Curtain Panels,Glazed,,BBoxCenter,-107.3750,43.3542,10.1042,-107.3750,43.3542,-107.3750,43.3542,-107.8125,43.3125,-106.9375,43.3958
946553,Curtain Panels,Glazed,,BBoxCenter,-104.8333,43.3542,10.1042,-104.8333,43.3542,-104.8333,43.3542,-106.7292,43.3125,-102.9375,43.3958
946571,Curtain Wall Mullions,"2.5"" x 5"" rectangular (Orange)",,Point,-101.6458,43.2500,4.1042,-101.6458,43.2500,-101.6458,43.2500,-101.8542,43.0417,-101.6458,43.4583
946572,Curtain Wall Mullions,"2.5"" x 5"" rectangular (Orange)",,Point,-101.6458,43.2500,8.1042,-101.6458,43.2500,-101.6458,43.2500,-101.8542,43.0417,-101.6458,43.4583
946579,Curtain Wall Mullions,"2.5"" x 5"" rectangular (Orange)",,Point,-108.0208,43.2500,8.1042,-108.0208,43.2500,-108.0208,43.2500,-108.0208,43.0417,-107.8125,43.4583
946580,Curtain Wall Mullions,"2.5"" x 5"" rectangular (Orange)",,Point,-108.0208,43.2500,12.1042,-108.0208,43.2500,-108.0208,43.2500,-108.0208,43.0417,-107.8125,43.4583
946586,Curtain Wall Mullions,"2.5"" x 5"" rectangular (Black)",,Point,-106.9375,43.2500,8.1042,-106.9375,43.2500,-106.9375,43.2500,-107.8125,43.0417,-106.9375,43.4583
946587,Curtain Wall Mullions,"2.5"" x 5"" rectangular (Black)",,Point,-102.9375,43.2500,8.1042,-102.9375,43.2500,-102.9375,43.2500,-106.7292,43.0417,-102.9375,43.4583
946588,Curtain Wall Mullions,"2.5"" x 5"" rectangular (Black)",,Point,-106.9375,43.2500,12.1042,-106.9375,43.2500,-106.9375,43.2500,-107.8125,43.0417,-106.9375,43.4583
946589,Curtain Wall Mullions,"2.5"" x 5"" rectangular (Black)",,Point,-102.9375,43.2500,12.1042,-102.9375,43.2500,-102.9375,43.2500,-106.7292,43.0417,-102.9375,43.4583
946597,Curtain Wall Mullions,"2.5"" x 5"" rectangular (Black)",,Point,-106.8333,43.2500,4.1042,-106.8333,43.2500,-106.8333,43.2500,-106.9375,43.0417,-106.7292,43.4583
946598,Curtain Wall Mullions,"2.5"" x 5"" rectangular (Black)",,Point,-106.8333,43.2500,8.1042,-106.8333,43.2500,-106.8333,43.2500,-106.9375,43.0417,-106.7292,43.4583
946627,Curtain Wall Grids,Grid Line,,BBoxCenter,-102.8333,43.2500,12.0833,-102.8333,43.2500,-102.8333,43.2500,-102.8333,42.7500,-102.8333,43.7500
946630,Curtain Panels,Glazed,,BBoxCenter,-102.2917,43.3542,10.1042,-102.2917,43.3542,-102.2917,43.3542,-102.7292,43.3125,-101.8542,43.3958
946641,Curtain Wall Mullions,"2.5"" x 5"" rectangular (Black)",,Point,-101.8542,43.2500,8.1042,-101.8542,43.2500,-101.8542,43.2500,-102.7292,43.0417,-101.8542,43.4583
946642,Curtain Wall Mullions,"2.5"" x 5"" rectangular (Black)",,Point,-101.8542,43.2500,12.1042,-101.8542,43.2500,-101.8542,43.2500,-102.7292,43.0417,-101.8542,43.4583
946650,Curtain Wall Mullions,"2.5"" x 5"" rectangular (Black)",,Point,-102.8333,43.2500,4.1042,-102.8333,43.2500,-102.8333,43.2500,-102.9375,43.0417,-102.7292,43.4583
946651,Curtain Wall Mullions,"2.5"" x 5"" rectangular (Black)",,Point,-102.8333,43.2500,8.1042,-102.8333,43.2500,-102.8333,43.2500,-102.9375,43.0417,-102.7292,43.4583
1021629,Cameras,Camera at Kitchen 01,,BBoxCenter,-113.1819,12.1298,-4.7057,-113.1819,12.1298,-113.1819,12.1298,-161.8448,-47.4834,-64.5190,71.7431
1022192,Cameras,Camera at Kitchen 03,,BBoxCenter,-43.4818,43.8968,-1.1084,-43.4818,43.8968,-43.4818,43.8968,-89.9321,-32.2428,2.9685,120.0363
1022216,Cameras,Camera - Exterior River View,,BBoxCenter,-9.0827,20.9664,52.5563,-9.0827,20.9664,-9.0827,20.9664,-127.4723,-71.2011,109.3068,113.1338
1024619,Walls,"Exterior - 9 7/8"" EIFS on Mtl. Stud",,CurveMidpt,-35.2500,-28.5864,8.0833,-35.2500,-28.5864,-35.2500,-28.5864,-47.2500,-28.9979,-23.2500,-28.1750
1047581,Walls,"Core - Concrete 12""",,CurveMidpt,-44.5625,43.2500,-3.4583,-44.5625,43.2500,-44.5625,43.2500,-49.2500,42.7500,-39.8750,43.7500
1048451,Walls,Glazing Wall - Stair,,CurveMidpt,-44.5833,43.2500,0.0000,-44.5833,43.2500,-44.5833,43.2500,-47.7708,42.7500,-41.3958,43.7500
1048452,Doors,Door-Curtain-Wall-Single-Storefront,S22A,BBoxCenter,-46.0625,44.7188,4.0000,-46.0625,44.7188,-46.0625,44.7188,-47.5625,43.1458,-44.5625,46.2917
1048453,Curtain Wall Grids,Grid Line,,BBoxCenter,-46.5833,43.2500,30.0417,-46.5833,43.2500,-46.5833,43.2500,-46.5833,42.7500,-46.5833,43.7500
1048475,Curtain Wall Mullions,"2.5"" x 5"" rectangular (Orange)",,Point,-41.3958,43.2500,0.2083,-41.3958,43.2500,-41.3958,43.2500,-41.6042,43.0417,-41.3958,43.4583
1048482,Curtain Wall Mullions,"2.5"" x 5"" rectangular (Orange)",,Point,-47.7708,43.2500,4.1042,-47.7708,43.2500,-47.7708,43.2500,-47.7708,43.0417,-47.5625,43.4583
1048527,Curtain Wall Grids,Grid Line,,BBoxCenter,-42.5833,43.2500,12.0833,-42.5833,43.2500,-42.5833,43.2500,-42.5833,42.7500,-42.5833,43.7500
1048528,Curtain Panels,Glazed,,BBoxCenter,-42.0417,43.3542,2.1042,-42.0417,43.3542,-42.0417,43.3542,-42.4792,43.3125,-41.6042,43.3958
1048539,Curtain Wall Mullions,"2.5"" x 5"" rectangular (Orange)",,Point,-42.5833,43.2500,0.0000,-42.5833,43.2500,-42.5833,43.2500,-42.5833,43.0417,-41.3958,43.4583
1048549,Curtain Wall Mullions,"2.5"" x 5"" rectangular (Black)",,Point,-42.5833,43.2500,0.2083,-42.5833,43.2500,-42.5833,43.2500,-42.6875,43.0417,-42.4792,43.4583
1048604,Curtain Wall Grids,Grid Line,,BBoxCenter,-44.4583,43.2500,30.0417,-44.4583,43.2500,-44.4583,43.2500,-44.4583,42.7500,-44.4583,43.7500
1048605,Curtain Panels,Glazed,,BBoxCenter,-43.5208,43.3542,2.1042,-43.5208,43.3542,-43.5208,43.3542,-44.3542,43.3125,-42.6875,43.3958
1048620,Curtain Wall Mullions,"2.5"" x 5"" rectangular (Orange)",,Point,-44.5625,43.2500,0.0000,-44.5625,43.2500,-44.5625,43.2500,-44.5625,43.0417,-42.5833,43.4583
1048634,Curtain Wall Mullions,"2.5"" x 5"" rectangular (Black)",,Point,-44.4583,43.2500,0.2083,-44.4583,43.2500,-44.4583,43.2500,-44.5625,43.0417,-44.3542,43.4583
1069270,Cameras,Rooftop Seating Looking toward bandstand,,BBoxCenter,-13.4018,-39.5300,51.2486,-13.4018,-39.5300,-13.4018,-39.5300,-76.3174,-85.9585,49.5138,6.8985
1135969,Walls,"Interior - 4 7/8"" Partition (NR)",,CurveMidpt,-78.7812,35.6198,-5.9167,-78.7812,35.6198,-78.7812,35.6198,-86.7812,35.4167,-70.7812,35.8229
1135970,Food Service Equipment,Hood_wPSP,,Point,-82.7812,33.4115,0.7500,-82.7812,33.4115,-82.7812,33.4115,-86.7812,30.6615,-78.7812,35.4115
1135971,Food Service Equipment,Hood_wPSP,,Point,-74.7812,33.4115,0.7500,-74.7812,33.4115,-74.7812,33.4115,-78.7812,30.6615,-70.7812,35.4115
1158107,Columns,Flex,,Point,-2.0917,-30.9562,0.0000,-2.0917,-30.9562,-2.0917,-30.9562,-3.0448,-31.9094,-1.1385,-29.6854
1160909,Columns,Flex,,Point,3.4083,-30.9562,0.0000,3.4083,-30.9562,3.4083,-30.9562,2.4552,-31.9094,4.3615,-29.6854
1161167,Columns,Flex,,Point,-14.5760,-30.9562,0.0000,-14.5760,-30.9562,-14.5760,-30.9562,-15.5292,-31.9094,-13.6229,-29.6854
1161179,Columns,Flex,,Point,-20.0760,-30.9562,0.0000,-20.0760,-30.9562,-20.0760,-30.9562,-21.0292,-31.9094,-19.1229,-29.6854
1175905,Elevations,Elevation 2,,BBoxCenter,-9.4379,-13.3030,-5.9167,-9.4379,-13.3030,-9.4379,-13.3030,-12.4379,-16.3030,-6.4379,-10.3030
1175906,Views,Residential Lobby - South,,BBoxCenter,-8.4379,-14.4045,-5.9167,-8.4379,-14.4045,-8.4379,-14.4045,-9.8521,-16.5060,-7.0237,-12.3030
1184003,Walls,"Chase - GWB & Metal Stud 6 5/8""",,CurveMidpt,22.9471,-30.3281,8.0833,22.9471,-30.3281,22.9471,-30.3281,4.5833,-30.6042,41.3108,-30.0521
1206137,Doors,"36"" x 84"" (60 MIN)",204A,Point,-17.8229,9.0052,8.0833,-17.8229,9.0052,-17.8229,9.0052,-19.4896,8.7083,-16.1563,12.2604
1206189,Columns,"4"" Diameter (Spiral Stair Post)",,Point,-16.8333,31.1255,0.0000,-16.8333,31.1255,-16.8333,31.1255,-17.0000,30.9589,-16.6667,31.2922
1207539,Stairs,Stair,,BBoxCenter,-16.8333,31.1255,13.4583,-16.8333,31.1255,-16.8333,31.1255,-19.8333,28.1255,-13.8333,34.1255
1208950,Railings,Pipe-Spiral,,BBoxCenter,-16.8333,31.1234,15.8283,-16.8333,31.1234,-16.8333,31.1234,-19.8125,28.1462,-13.8540,34.1006
1208962,Top Rails,"Circular - 1 1/2"" (Spiral)",,BBoxCenter,-16.8333,31.1255,15.9539,-16.8333,31.1255,-16.8333,31.1255,-19.8058,28.1530,-13.8608,34.0980
1208979,Handrails,"Bottom Rail Circular - 1 1/2"" (Spiral)",,BBoxCenter,-16.8333,31.1237,13.3992,-16.8333,31.1237,-16.8333,31.1237,-19.8058,28.1493,-13.8608,34.0980
1209060,Supports,"2'-8"" Picket",,Point,-18.3047,28.6072,9.5048,-18.3047,28.6072,-18.3047,28.6072,-18.3332,28.5787,-18.2762,28.6357
1209061,Supports,"2'-8"" Picket",,Point,-18.0415,28.4709,9.6538,-18.0415,28.4709,-18.0415,28.4709,-18.0691,28.4433,-18.0139,28.4985
1209062,Supports,"2'-8"" Picket",,Point,-17.7658,28.3619,9.8028,-17.7658,28.3619,-17.7658,28.3619,-17.7922,28.3355,-17.7394,28.3883
1209063,Supports,"2'-8"" Picket",,Point,-17.4804,28.2816,9.9518,-17.4804,28.2816,-17.4804,28.2816,-17.5054,28.2566,-17.4555,28.3065
1209064,Supports,"2'-8"" Picket",,Point,-17.1884,28.2306,10.1008,-17.1884,28.2306,-17.1884,28.2306,-17.2116,28.2073,-17.1652,28.2538
1209065,Supports,"2'-8"" Picket",,Point,-16.8927,28.2095,10.2498,-16.8927,28.2095,-16.8927,28.2095,-16.9139,28.1882,-16.8714,28.2307
1209066,Supports,"2'-8"" Picket",,Point,-16.5964,28.2185,10.3988,-16.5964,28.2185,-16.5964,28.2185,-16.6188,28.1961,-16.5739,28.2410
1209067,Supports,"2'-8"" Picket",,Point,-16.3025,28.2576,10.5477,-16.3025,28.2576,-16.3025,28.2576,-16.3268,28.2333,-16.2782,28.2819
1209068,Supports,"2'-8"" Picket",,Point,-16.0141,28.3263,10.6967,-16.0141,28.3263,-16.0141,28.3263,-16.0400,28.3004,-15.9883,28.3521
1209069,Supports,"2'-8"" Picket",,Point,-15.7342,28.4239,10.8457,-15.7342,28.4239,-15.7342,28.4239,-15.7614,28.3967,-15.7071,28.4510
1209070,Supports,"2'-8"" Picket",,Point,-15.4656,28.5494,10.9947,-15.4656,28.5494,-15.4656,28.5494,-15.4938,28.5213,-15.4375,28.5776
1209071,Supports,"2'-8"" Picket",,Point,-15.2112,28.7016,11.1437,-15.2112,28.7016,-15.2112,28.7016,-15.2401,28.6727,-15.1823,28.7305
1209072,Supports,"2'-8"" Picket",,Point,-14.9735,28.8787,11.2927,-14.9735,28.8787,-14.9735,28.8787,-15.0029,28.8494,-14.9442,28.9081
1209073,Supports,"2'-8"" Picket",,Point,-14.7551,29.0791,11.4417,-14.7551,29.0791,-14.7551,29.0791,-14.7845,29.0497,-14.7256,29.1086
1209074,Supports,"2'-8"" Picket",,Point,-14.5581,29.3007,11.5907,-14.5581,29.3007,-14.5581,29.3007,-14.5874,29.2714,-14.5288,29.3300
1209075,Supports,"2'-8"" Picket",,Point,-14.3846,29.5411,11.7396,-14.3846,29.5411,-14.3846,29.5411,-14.4134,29.5123,-14.3558,29.5699
1209076,Supports,"2'-8"" Picket",,Point,-14.2364,29.7978,11.8886,-14.2364,29.7978,-14.2364,29.7978,-14.2644,29.7698,-14.2084,29.8259
1209077,Supports,"2'-8"" Picket",,Point,-14.1150,30.0683,12.0376,-14.1150,30.0683,-14.1150,30.0683,-14.1420,30.0413,-14.0881,30.0953
1209815,Runs,Spiral,,BBoxCenter,-16.8333,31.1255,13.4583,-16.8333,31.1255,-16.8333,31.1255,-19.8333,28.1255,-13.8333,34.1255
1226933,Walls,"Core - Concrete 12""",,CurveMidpt,41.2500,-11.8750,0.0000,41.2500,-11.8750,41.2500,-11.8750,40.7500,-26.1250,41.7500,2.3750
1233135,Planting,15' Canopy,,Point,-104.2708,-26.5589,-5.2500,-104.2708,-26.5589,-104.2708,-26.5589,-111.9792,-34.2672,-96.5625,-18.5994
1233374,Planting,15' Canopy,,Point,-104.2708,-10.6621,-5.2500,-104.2708,-10.6621,-104.2708,-10.6621,-111.9792,-18.3704,-96.5625,-2.7026
1233380,Planting,15' Canopy,,Point,-88.3308,-10.6590,-4.4167,-88.3308,-10.6590,-88.3308,-10.6590,-96.0392,-18.3673,-80.6225,-2.6995
1233388,Planting,15' Canopy,,Point,-88.3308,-26.5495,-4.4167,-88.3308,-26.5495,-88.3308,-26.5495,-96.0392,-34.2579,-80.6225,-18.5901
1233396,Planting,15' Canopy,,Point,-80.2920,-18.5750,-4.4167,-80.2920,-18.5750,-80.2920,-18.5750,-88.0003,-26.2834,-72.5836,-10.6156
1233404,Planting,15' Canopy,,Point,-72.3333,-10.6590,-4.4167,-72.3333,-10.6590,-72.3333,-10.6590,-80.0517,-18.3773,-64.6150,-2.6995
1233412,Planting,15' Canopy,,Point,-72.3333,-26.5495,-4.4167,-72.3333,-26.5495,-72.3333,-26.5495,-80.0517,-34.2679,-64.6150,-18.5901
1233420,Planting,15' Canopy,,Point,-64.2920,-18.5750,-4.4167,-64.2920,-18.5750,-64.2920,-18.5750,-72.0003,-26.2834,-56.5836,-10.6156
1233428,Planting,15' Canopy,,Point,-56.3258,-10.6590,-4.4167,-56.3258,-10.6590,-56.3258,-10.6590,-64.0342,-18.3673,-48.6175,-2.6995
1233438,Planting,15' Canopy,,Point,-56.3258,-26.5495,-4.4167,-56.3258,-26.5495,-56.3258,-26.5495,-64.0342,-34.2579,-48.6175,-18.5901
1235583,Walls,"Party - 6 1/8"" (2-hr)",,CurveMidpt,3.5833,13.8750,8.0833,3.5833,13.8750,3.5833,13.8750,3.0938,8.7500,4.0729,18.7448
1239522,Entourage,Dwayne,,Point,-85.6037,20.5000,5.5000,-85.6037,20.5000,-85.6037,20.5000,-86.6631,19.3831,-84.4604,21.5859
1239582,Entourage,YinYin,,Point,-87.7995,20.1250,5.5000,-87.7995,20.1250,-87.7995,20.1250,-88.9120,19.0125,-86.6870,21.2375
1240635,Stairs,Stair,,BBoxCenter,-54.1354,30.2083,-0.1432,-54.1354,30.2083,-54.1354,30.2083,-57.6667,20.7500,-50.6042,39.6667
1240636,Railings,Pipe-Wall Mount,,BBoxCenter,-54.3924,29.1875,2.4375,-54.3924,29.1875,-54.3924,29.1875,-58.9167,18.5833,-49.8681,39.7917
1240640,Railings,Glass Panel - Bottom Fill (Extension Bottom),,BBoxCenter,-71.9792,27.3281,1.6826,-71.9792,27.3281,-71.9792,27.3281,-89.6042,18.7396,-54.3542,35.9167
1240644,Handrails,Pipe - Wall Mount,,BBoxCenter,-54.7604,29.1250,2.5625,-54.7604,29.1250,-54.7604,29.1250,-58.9167,18.5833,-50.6042,39.6667
1240680,Supports,Metal - Circular,,Point,-50.7917,30.9188,3.6949,-50.7917,30.9188,-50.7917,30.9188,-50.8158,30.1828,-50.6042,31.0438
1240681,Supports,Metal - Circular,,Point,-50.7917,33.9663,5.5927,-50.7917,33.9663,-50.7917,33.9663,-50.8158,33.2303,-50.6042,34.0913
1240688,Supports,Metal - Circular,,Point,-50.7917,37.4638,5.9250,-50.7917,37.4638,-50.7917,37.4638,-50.8158,36.7278,-50.6042,37.5888
1240722,Supports,Metal - Circular,,Point,-52.4379,39.4792,5.9250,-52.4379,39.4792,-52.4379,39.4792,-52.5629,39.4550,-51.7019,39.6667
1240811,Runs,"2"" Tread 1"" Nosing 1/4"" Riser",,BBoxCenter,-52.5208,27.6771,-0.2083,-52.5208,27.6771,-52.5208,27.6771,-54.4375,20.7500,-50.6042,34.6042
1240813,Supports,"Stringer - 2"" Width",,BBoxCenter,-54.5208,27.8641,-0.2083,-54.5208,27.8641,-54.5208,27.8641,-54.6042,20.7500,-54.4375,34.9782
1240814,Supports,"Stringer - 2"" Width",,BBoxCenter,-50.6875,27.8641,-0.2083,-50.6875,27.8641,-50.6875,27.8641,-50.7708,20.7500,-50.6042,34.9782
1240916,Runs,"2"" Tread 1"" Nosing 1/4"" Riser",,BBoxCenter,-56.3437,37.7500,-0.2083,-56.3437,37.7500,-56.3437,37.7500,-57.7708,35.8333,-54.9167,39.6667
1240918,Landings,Non-Monolithic Landing,,BBoxCenter,-52.8854,37.0000,-0.2083,-52.8854,37.0000,-52.8854,37.0000,-55.0000,34.5000,-50.7708,39.5000
1240920,Supports,"Stringer - 2"" Width",,BBoxCenter,-56.0521,35.7500,-0.1432,-56.0521,35.7500,-56.0521,35.7500,-57.6667,35.6667,-54.4375,35.8333
1240921,Supports,"Stringer - 2"" Width",,BBoxCenter,-55.9295,39.5833,-0.1432,-55.9295,39.5833,-55.9295,39.5833,-57.6667,39.5000,-54.1923,39.6667
1240922,Supports,"Stringer - 2"" Width",,BBoxCenter,-54.6771,35.8333,-0.2083,-54.6771,35.8333,-54.6771,35.8333,-54.9167,35.8333,-54.4375,35.8333
1240924,Supports,"Stringer - 2"" Width",,BBoxCenter,-50.6875,37.0833,-0.2083,-50.6875,37.0833,-50.6875,37.0833,-50.7708,34.5000,-50.6042,39.6667
1240959,Supports,"Stringer - 2"" Width",,BBoxCenter,-54.5208,35.1667,-0.2083,-54.5208,35.1667,-54.5208,35.1667,-54.6042,34.5000,-54.4375,35.8333
1240960,Supports,"Stringer - 2"" Width",,BBoxCenter,-52.7604,39.5833,-0.2083,-52.7604,39.5833,-52.7604,39.5833,-54.9167,39.5000,-50.6042,39.6667
1240988,Supports,Metal - Circular,,Point,-55.7236,39.4792,6.9983,-55.7236,39.4792,-55.7236,39.4792,-55.8486,39.4550,-54.9875,39.6667
1244066,Walls,"Core - Concrete 12""",,CurveMidpt,-100.1250,42.7370,-5.9167,-100.1250,42.7370,-100.1250,42.7370,-100.6250,41.6979,-99.6250,43.2500
1245348,Walls,"Core - Concrete 12""",,CurveMidpt,-49.2500,27.3542,-3.4583,-49.2500,27.3542,-49.2500,27.3542,-49.7500,18.4844,-48.7500,36.2240
1247377,Walls,"Interior - 4 7/8"" Partition (NR)",,CurveMidpt,-57.7656,28.3073,-5.9167,-57.7656,28.3073,-57.7656,28.3073,-57.9688,20.1875,-57.5625,36.2240
1247474,Walls,"Interior - 4 7/8"" Partition (NR)",,CurveMidpt,-61.5078,20.3906,-5.9167,-61.5078,20.3906,-61.5078,20.3906,-65.5521,20.1875,-57.7656,20.5938
1247521,Walls,"Interior - 4 7/8"" Partition (NR)",,CurveMidpt,-61.5078,28.1302,-5.9167,-61.5078,28.1302,-61.5078,28.1302,-65.2500,27.9271,-57.7656,28.3333
1257762,Walls,"Exterior - 10 1/4"" Rainscreen w Insultation on Metal Stud",,CurveMidpt,-95.3021,18.6875,-5.9167,-95.3021,18.6875,-95.3021,18.6875,-100.1250,18.2604,-90.4792,19.1146
1258318,Walls,"Exterior - 10 1/4"" Rainscreen w Insultation on Metal Stud",,CurveMidpt,-90.4792,13.8802,-5.9167,-90.4792,13.8802,-90.4792,13.8802,-90.9063,8.6458,-90.0521,19.1146
1262326,Furniture,"66"" x 36""",,Point,-87.3646,29.9583,5.5000,-87.3646,29.9583,-87.3646,29.9583,-90.1146,28.4583,-84.6146,31.4583
1262871,Furniture,Banquette - Single,,Point,-84.6146,33.4583,5.5000,-84.6146,33.4583,-84.6146,33.4583,-90.1146,31.2432,-84.6146,33.7917
1263067,Furniture,Banquette - Single,,Point,-84.6146,26.4583,5.5000,-84.6146,26.4583,-84.6146,26.4583,-90.1146,26.1250,-84.6146,28.6734
1263462,Furniture,Banquette - Single,,Point,-98.7396,41.6667,5.5000,-98.7396,41.6667,-98.7396,41.6667,-99.0729,38.0000,-96.5245,41.6667
1263463,Furniture,"44"" x 30""",,Point,-95.4896,39.8333,5.5000,-95.4896,39.8333,-95.4896,39.8333,-96.7396,38.0000,-94.2396,41.6667
1263464,Furniture,Banquette - Single,,Point,-92.2396,41.6667,5.5000,-92.2396,41.6667,-92.2396,41.6667,-94.4547,38.0000,-91.9062,41.6667
1263584,Windows,"50"" x 80""",182,Point,-95.7500,42.2240,9.0000,-95.7500,42.2240,-95.7500,42.2240,-98.0625,41.5938,-93.4375,43.2287
1263678,Walls,"Chase - GWB & Metal Stud 4 1/4""",,CurveMidpt,-50.4271,24.7526,-5.9167,-50.4271,24.7526,-50.4271,24.7526,-50.6042,9.6615,-50.2500,40.0208
1263784,Walls,"Core - Concrete 12""",,CurveMidpt,-49.2500,30.3464,18.8333,-49.2500,30.3464,-49.2500,30.3464,-49.7500,18.4844,-48.7500,42.2083
1266477,Furniture,Banquette - Double,,Point,-82.8333,38.0000,5.5000,-82.8333,38.0000,-82.8333,38.0000,-85.0484,38.0000,-80.2849,41.6667
1266478,Furniture,Banquette - Single,,Point,-89.3333,41.6667,5.5000,-89.3333,41.6667,-89.3333,41.6667,-89.6667,38.0000,-87.1182,41.6667
1266479,Furniture,"44"" x 30""",,Point,-86.0833,39.8333,5.5000,-86.0833,39.8333,-86.0833,39.8333,-87.3333,38.0000,-84.8333,41.6667
1266480,Furniture,Banquette - Single,,Point,-69.1667,40.5000,5.5000,-69.1667,40.5000,-69.1667,40.5000,-71.3818,38.0000,-68.8333,40.5000
1266481,Furniture,"44"" x 30""",,Point,-79.2500,39.8333,5.5000,-79.2500,39.8333,-79.2500,39.8333,-80.5000,38.0000,-78.0000,41.6667
1266850,Furniture,Banquette - Double,,Point,-76.0000,38.0000,5.5000,-76.0000,38.0000,-76.0000,38.0000,-78.2151,38.0000,-73.4516,41.6667
1266851,Furniture,"44"" x 30""",,Point,-72.4167,39.8333,5.5000,-72.4167,39.8333,-72.4167,39.8333,-73.6667,38.0000,-71.1667,41.6667
1267596,Windows,"50"" x 80""",183,Point,-73.2917,42.2240,9.0000,-73.2917,42.2240,-73.2917,42.2240,-75.6042,41.5938,-70.9792,43.2287
1270819,Top Rails,"Elliptical - 1 1/2"" x 1 1/8"" (Extension Bottom)",,BBoxCenter,-71.9687,27.3281,1.9948,-71.9687,27.3281,-71.9687,27.3281,-89.5833,18.7396,-54.3542,35.9167
1271194,Specialty Equipment,TrashContainer,,Point,-68.7083,39.5000,5.5000,-68.7083,39.5000,-68.7083,39.5000,-68.7083,39.5000,-66.7083,41.5000
1271299,Specialty Equipment,TrashContainer,,Point,-97.2500,19.2813,5.5000,-97.2500,19.2813,-97.2500,19.2813,-99.2500,19.2813,-97.2500,21.2813
1272069,Walls,Block 37 Pilaster,,CurveMidpt,-50.2708,-27.7125,-5.9167,-50.2708,-27.7125,-50.2708,-27.7125,-50.6042,-28.6750,-49.9375,-26.7500
1272219,Walls,Block 37 Pilaster,,CurveMidpt,-50.0104,-28.6750,-5.9167,-50.0104,-28.6750,-50.0104,-28.6750,-50.6042,-29.0083,-49.7500,-28.3416
1275285,Grids,1,,BBoxCenter,-110.5000,16.6172,12.0833,-110.5000,16.6172,-110.5000,16.6172,-112.5000,-43.5614,-108.5000,76.7958
1275286,Grids,E,,BBoxCenter,-18.7451,41.4583,12.0833,-18.7451,41.4583,-18.7451,41.4583,-127.2600,39.4583,89.7698,43.4583
1275287,Grids,D,,BBoxCenter,-18.7451,19.2083,12.0833,-18.7451,19.2083,-18.7451,19.2083,-127.2600,17.2083,89.7698,21.2083
1275288,Grids,C,,BBoxCenter,-18.7451,2.5000,12.0833,-18.7451,2.5000,-18.7451,2.5000,-127.2600,0.5000,89.7698,4.5000
1275289,Grids,A,,BBoxCenter,-18.7451,-27.5417,12.0833,-18.7451,-27.5417,-18.7451,-27.5417,-127.2600,-29.5417,89.7698,-25.5417
1275290,Grids,B,,BBoxCenter,-18.7451,-12.7083,12.0833,-18.7451,-12.7083,-18.7451,-12.7083,-127.2600,-14.7083,89.7698,-10.7083
1275291,Grids,4,,BBoxCenter,-49.2500,16.6172,12.0833,-49.2500,16.6172,-49.2500,16.6172,-51.2500,-43.5614,-47.2500,76.7958
1275292,Grids,5,,BBoxCenter,-20.2500,16.6172,12.0833,-20.2500,16.6172,-20.2500,16.6172,-22.2500,-43.5614,-18.2500,76.7958
1275293,Grids,6,,BBoxCenter,3.5833,16.6172,12.0833,3.5833,16.6172,3.5833,16.6172,1.5833,-43.5614,5.5833,76.7958
1275294,Grids,8,,BBoxCenter,41.2500,16.6172,12.0833,41.2500,16.6172,41.2500,16.6172,39.2500,-43.5614,43.2500,76.7958
1275295,Grids,9,,BBoxCenter,64.1132,16.7306,12.0833,64.1132,16.7306,64.1132,16.7306,55.2013,-43.5614,73.0250,77.0226
1275296,Grids,7,,BBoxCenter,23.9167,16.6172,12.0833,23.9167,16.6172,23.9167,16.6172,21.9167,-43.5614,25.9167,76.7958
1275297,Grids,2,,BBoxCenter,-90.7917,16.6172,12.0833,-90.7917,16.6172,-90.7917,16.6172,-92.7917,-43.5614,-88.7917,76.7958
1275298,Grids,3,,BBoxCenter,-70.0000,16.6172,12.0833,-70.0000,16.6172,-70.0000,16.6172,-72.0000,-43.5614,-68.0000,76.7958
1275300,Grids,B.1,,BBoxCenter,-18.7451,-5.7917,12.0833,-18.7451,-5.7917,-18.7451,-5.7917,-127.2600,-7.7917,89.7698,-3.7917
1275855,Columns,"24""D x 24""W",,Point,-20.2500,2.5000,0.0000,-20.2500,2.5000,-20.2500,2.5000,-21.2500,1.5000,-19.2500,3.5000
1275998,Columns,"24""D x 24""W",,Point,-20.2500,-12.7083,0.0000,-20.2500,-12.7083,-20.2500,-12.7083,-21.2500,-13.7083,-19.2500,-11.7083
1279689,Walls,"Interior - 7 1/4"" Partition (NR)",,CurveMidpt,-28.7292,-8.1771,8.0833,-28.7292,-8.1771,-28.7292,-8.1771,-29.0313,-12.0937,-28.4271,-4.4635
1280871,Walls,"Interior - 7 1/4"" Partition (NR)",,CurveMidpt,19.8958,19.0781,8.0833,19.8958,19.0781,19.8958,19.0781,19.5938,15.2656,20.1979,23.0938
1286004,Walls,"Interior - 4 7/8"" Partition (NR)",,CurveMidpt,24.4427,21.0182,8.0833,24.4427,21.0182,24.4427,21.0182,24.2396,19.9792,24.6458,22.0573
1286298,Walls,"Chase - GWB & Metal Stud 2 1/4""",,CurveMidpt,23.9219,18.5729,8.0833,23.9219,18.5729,23.9219,18.5729,23.2917,18.4792,24.5521,18.6667
1288369,Walls,"Chase - GWB & Metal Stud 2 1/4""",,CurveMidpt,23.9219,19.9792,8.0833,23.9219,19.9792,23.9219,19.9792,23.2917,19.8854,24.6458,20.0729
1288370,Walls,"Chase - GWB & Metal Stud 2 1/4""",,CurveMidpt,24.5521,19.2760,8.0833,24.5521,19.2760,24.5521,19.2760,24.4583,18.4792,24.6458,19.9792
1288371,Walls,"Interior - 7 1/4"" Partition (NR)",,CurveMidpt,21.5938,19.7708,8.0833,21.5938,19.7708,21.5938,19.7708,19.8958,19.4687,23.2917,20.0729
1290416,Doors,"32"" x 84""",205OPN,Point,22.2188,22.0573,8.0833,22.2188,22.0573,22.2188,22.0573,20.8854,21.8542,23.5521,22.2604
1297743,Walls,"Core - Concrete 12""",,CurveMidpt,-49.2500,42.7292,8.0833,-49.2500,42.7292,-49.2500,42.7292,-49.7500,42.2083,-48.7500,43.7500
1297976,Walls,"Core - Concrete 12""",,CurveMidpt,-39.8750,42.7292,8.0833,-39.8750,42.7292,-39.8750,42.7292,-40.3750,42.2083,-39.3750,43.7500
1299174,Walls,"Party - 6 1/8"" (2-hr)",,CurveMidpt,41.2604,-28.3385,0.0000,41.2604,-28.3385,41.2604,-28.3385,40.7708,-30.0521,41.7500,-26.6250
1299759,Walls,"Core - Concrete 12""",,CurveMidpt,45.9375,2.3750,0.0000,45.9375,2.3750,45.9375,2.3750,40.7500,1.8750,51.1250,2.8750
1300087,Walls,"Core - Concrete 12""",,CurveMidpt,45.8125,-20.1250,-16.9167,45.8125,-20.1250,45.8125,-20.1250,41.0000,-20.6250,50.6250,-19.6250
1300707,Walls,"Chase - GWB & Metal Stud 3 1/8""",,CurveMidpt,40.1198,-12.6849,-3.4583,40.1198,-12.6849,40.1198,-12.6849,39.9896,-28.3750,40.2500,3.1354
1300836,Walls,"Exterior - 5 3/8"" Rainscreen w Insultation (for Concrete Core Walls)",,CurveMidpt,-105.2135,18.4844,-5.9167,-105.2135,18.4844,-105.2135,18.4844,-110.9323,18.2604,-99.4948,18.7083
1302653,Walls,"Chase - GWB & Metal Stud 4 1/4""",,CurveMidpt,-54.6771,39.8438,5.5000,-54.6771,39.8438,-54.6771,39.8438,-58.9271,39.6667,-50.4271,40.0208
1302690,Walls,"Chase - GWB & Metal Stud 4 1/4""",,CurveMidpt,-58.9271,41.0339,5.5000,-58.9271,41.0339,-58.9271,41.0339,-59.1042,39.6667,-58.7500,42.2240
1302970,Walls,"Chase - GWB & Metal Stud 3 1/8""",,CurveMidpt,-94.8151,34.4219,5.5000,-94.8151,34.4219,-94.8151,34.4219,-99.6250,34.2917,-90.1042,34.5521
1302972,Walls,"Chase - GWB & Metal Stud 6 5/8""",,CurveMidpt,-99.3490,38.3229,5.5000,-99.3490,38.3229,-99.3490,38.3229,-99.6250,34.4219,-99.0729,42.2240
1302973,Walls,"Chase - GWB & Metal Stud 3 1/8""",,CurveMidpt,-94.8880,25.0781,5.5000,-94.8880,25.0781,-94.8880,25.0781,-99.6250,24.9479,-90.1042,25.2083
1303281,Walls,"Chase - GWB & Metal Stud 4 1/4""",,CurveMidpt,-90.2812,29.7500,5.5000,-90.2812,29.7500,-90.2812,29.7500,-90.4583,25.0781,-90.1042,34.4219
1303290,Walls,"Chase - GWB & Metal Stud 3 1/8""",,CurveMidpt,-99.4948,21.8932,5.5000,-99.4948,21.8932,-99.4948,21.8932,-99.6250,18.7083,-99.3646,25.0781
1304481,Walls,"Chase - GWB & Metal Stud 4 1/4""",,CurveMidpt,-94.8151,34.4688,-5.9167,-94.8151,34.4688,-94.8151,34.4688,-99.6250,34.2917,-90.1042,34.6458
1304482,Walls,"Chase - GWB & Metal Stud 6 5/8""",,CurveMidpt,-99.3490,38.3464,-5.9167,-99.3490,38.3464,-99.3490,38.3464,-99.6250,34.4688,-99.0729,42.2240
1304483,Walls,"Chase - GWB & Metal Stud 3 1/8""",,CurveMidpt,-94.9010,25.0781,-5.9167,-94.9010,25.0781,-94.9010,25.0781,-99.6250,24.9479,-90.3073,25.2083
1304484,Walls,"Chase - GWB & Metal Stud 4 1/4""",,CurveMidpt,-90.2812,29.8568,-5.9167,-90.2812,29.8568,-90.2812,29.8568,-90.4583,25.2448,-90.1042,34.4688
1304485,Walls,"Chase - GWB & Metal Stud 3 1/8""",,CurveMidpt,-99.4948,21.9193,-5.9167,-99.4948,21.9193,-99.4948,21.9193,-99.6250,18.7604,-99.3646,25.0781
1305280,Walls,Block 37 Pilaster,,CurveMidpt,-50.0104,-26.7500,-5.9167,-50.0104,-26.7500,-50.0104,-26.7500,-50.6042,-27.0833,-49.7500,-26.4167
1309342,Walls,"Interior - 5 1/2"" Partition (1-hr Smoke)",,CurveMidpt,-39.5938,5.7500,8.0833,-39.5938,5.7500,-39.5938,5.7500,-39.8229,2.4948,-39.3646,9.0052
1309343,Doors,"36"" x 84"" (20 MIN)",201C,Point,-39.5938,4.6875,8.0833,-39.5938,4.6875,-39.5938,4.6875,-42.8229,3.0208,-39.3229,6.3542
1309514,Walls,"Chase - GWB & Metal Stud 3 1/8""",,CurveMidpt,-1.0833,28.0885,8.0833,-1.0833,28.0885,-1.0833,28.0885,-6.3437,27.9583,4.1771,28.2188
1309515,Walls,"Chase - GWB & Metal Stud 3 1/8""",,CurveMidpt,-6.2135,23.4167,8.0833,-6.2135,23.4167,-6.2135,23.4167,-6.3437,18.6146,-6.0833,28.0885
1309516,Walls,"Chase - GWB & Metal Stud 3 1/8""",,CurveMidpt,4.0469,25.7734,8.0833,4.0469,25.7734,4.0469,25.7734,3.9167,23.4583,4.1771,28.0885
1309518,Walls,"Chase - GWB & Metal Stud 3 1/8""",,CurveMidpt,51.2552,-11.9870,8.0833,51.2552,-11.9870,51.2552,-11.9870,51.1250,-26.8490,51.3854,2.8750
1309519,Walls,"Chase - GWB & Metal Stud 3 1/8""",,CurveMidpt,-39.2448,30.4010,8.0833,-39.2448,30.4010,-39.2448,30.4010,-39.3750,18.4479,-39.1146,42.2240
1309520,Walls,"Chase - GWB & Metal Stud 3 1/8""",,CurveMidpt,-1.1094,18.7448,8.0833,-1.1094,18.7448,-1.1094,18.7448,-6.2135,18.6146,4.0729,18.8750
1309521,Walls,"Chase - GWB & Metal Stud 3 1/8""",,CurveMidpt,45.5755,3.0052,8.0833,45.5755,3.0052,45.5755,3.0052,40.1198,2.8750,51.0313,3.1354
1309522,Walls,"Chase - GWB & Metal Stud 3 1/8""",,CurveMidpt,-44.5625,18.5781,8.0833,-44.5625,18.5781,-44.5625,18.5781,-49.8802,18.4479,-39.2448,18.7083
1309523,Walls,"Furring - GWB & Channels 1 7/8""",,CurveMidpt,3.9948,19.4766,8.0833,3.9948,19.4766,3.9948,19.4766,3.9167,18.7448,4.0729,20.2083
1319646,Walls,"Interior - 7 1/4"" Partition (NR)",,CurveMidpt,28.7005,21.9583,8.0833,28.7005,21.9583,28.7005,21.9583,24.4427,21.6562,32.9583,22.2604
1322532,Specialty Equipment,Wheel Chair Circle,,Point,6.4135,17.2917,8.0833,6.4135,17.2917,6.4135,17.2917,3.9135,14.7917,8.9135,19.7917
1342183,Walls,"Chase - GWB & Metal Stud 3 1/8""",,CurveMidpt,-48.9546,18.0781,-3.4583,-48.9546,18.0781,-48.9546,18.0781,-49.5208,17.9479,-48.2582,18.2083
1342227,Walls,"Chase - GWB & Metal Stud 3 1/8""",,CurveMidpt,-48.3884,18.3281,-3.4583,-48.3884,18.3281,-48.3884,18.3281,-48.5186,18.0781,-48.2582,18.5781
1343128,Walls,"Party - 6 1/8"" (2-hr)",,CurveMidpt,-49.5208,14.3542,-3.4583,-49.5208,14.3542,-49.5208,14.3542,-50.0104,9.5000,-49.0312,19.2083
1362233,Walls,"Chase - GWB & Metal Stud 3 1/8""",,CurveMidpt,4.4531,-29.1292,-3.4583,4.4531,-29.1292,4.4531,-29.1292,4.3229,-30.0916,4.5833,-28.1667
1362515,Columns,"24""D x 24""W",,Point,23.9167,-27.5417,0.0000,23.9167,-27.5417,23.9167,-27.5417,22.9167,-28.5417,24.9167,-26.5417
1362571,Columns,"24""D x 24""W",,Point,23.9167,-12.7083,0.0000,23.9167,-12.7083,23.9167,-12.7083,22.9167,-13.7083,24.9167,-11.7083
1362616,Columns,"24""D x 24""W",,Point,23.9167,2.5000,0.0000,23.9167,2.5000,23.9167,2.5000,22.9167,1.5000,24.9167,3.5000
1362837,Columns,"24""D x 24""W",,Point,41.2500,19.2083,0.0000,41.2500,19.2083,41.2500,19.2083,40.2500,18.2083,42.2500,20.2083
1362908,Columns,"24""D x 24""W",,Point,64.6314,19.2083,0.0000,64.6314,19.2083,64.6314,19.2083,63.6314,18.2083,65.6314,20.2083
1363010,Columns,"24""D x 24""W",,Point,68.8333,-12.7083,0.0000,68.8333,-12.7083,68.8333,-12.7083,67.8333,-13.7083,69.8333,-11.7083
1363187,Columns,"24""D x 24""W",,Point,61.7022,41.4583,0.0000,61.7022,41.4583,61.7022,41.4583,60.7022,40.4583,62.7022,42.4583
1363706,Columns,"24""D x 24""W",,Point,3.5833,-12.7083,0.0000,3.5833,-12.7083,3.5833,-12.7083,2.5833,-13.7083,4.5833,-11.7083
1363785,Columns,"24""D x 24""W",,Point,3.5833,2.5000,0.0000,3.5833,2.5000,3.5833,2.5000,2.5833,1.5000,4.5833,3.5000
1374411,Columns,"24""D x 24""W",,Point,-90.7917,19.2083,0.0000,-90.7917,19.2083,-90.7917,19.2083,-91.7917,18.2604,-89.7917,20.2604
1376800,Columns,"24""D x 24""W",,Point,-20.2500,19.2083,0.0000,-20.2500,19.2083,-20.2500,19.2083,-21.2500,18.2083,-19.2500,20.2083
1376890,Columns,"24""D x 24""W",,Point,-20.2500,41.4583,0.0000,-20.2500,41.4583,-20.2500,41.4583,-21.2500,40.4583,-19.2500,42.4583
1376921,Columns,"24""D x 24""W",,Point,3.5833,41.4583,0.0000,3.5833,41.4583,3.5833,41.4583,2.5833,40.4583,4.5833,42.4583
1378482,Furniture,"60"" Diameter",,Point,-78.5000,31.8750,5.5000,-78.5000,31.8750,-78.5000,31.8750,-81.7123,28.5755,-75.2877,35.1745
1378483,Furniture,Chair-Breuer,,Point,-76.3406,33.1217,5.5000,-76.3406,33.1217,-76.3406,33.1217,-77.3822,32.1113,-75.2881,34.1394
1378484,Furniture,Chair-Breuer,,Point,-78.5000,34.3685,5.5000,-78.5000,34.3685,-78.5000,34.3685,-79.2098,33.5755,-77.7911,35.1745
1378485,Furniture,Chair-Breuer,,Point,-80.6594,33.1218,5.5000,-80.6594,33.1218,-80.6594,33.1218,-81.7123,32.1106,-79.6182,34.1387
1378486,Furniture,Chair-Breuer,,Point,-80.6594,30.6283,5.5000,-80.6594,30.6283,-80.6594,30.6283,-81.7119,29.6106,-79.6178,31.6387
1378487,Furniture,Chair-Breuer,,Point,-76.3406,30.6282,5.5000,-76.3406,30.6282,-76.3406,30.6282,-77.3818,29.6113,-75.2877,31.6394
1378488,Furniture,Chair-Breuer,,Point,-78.5000,29.3815,5.5000,-78.5000,29.3815,-78.5000,29.3815,-79.2089,28.5755,-77.7902,30.1745
1378611,Furniture,"60"" Diameter",,Point,-70.2708,31.8750,5.5000,-70.2708,31.8750,-70.2708,31.8750,-73.4831,28.5755,-67.0585,35.1745
1378612,Furniture,Chair-Breuer,,Point,-68.1114,33.1217,5.5000,-68.1114,33.1217,-68.1114,33.1217,-69.1530,32.1113,-67.0590,34.1394
1378613,Furniture,Chair-Breuer,,Point,-70.2708,34.3685,5.5000,-70.2708,34.3685,-70.2708,34.3685,-70.9806,33.5755,-69.5619,35.1745
1378614,Furniture,Chair-Breuer,,Point,-72.4303,33.1218,5.5000,-72.4303,33.1218,-72.4303,33.1218,-73.4831,32.1106,-71.3891,34.1387
1378615,Furniture,Chair-Breuer,,Point,-72.4303,30.6283,5.5000,-72.4303,30.6283,-72.4303,30.6283,-73.4827,29.6106,-71.3887,31.6387
1378616,Furniture,Chair-Breuer,,Point,-68.1114,30.6282,5.5000,-68.1114,30.6282,-68.1114,30.6282,-69.1526,29.6113,-67.0585,31.6394
1378617,Furniture,Chair-Breuer,,Point,-70.2708,29.3815,5.5000,-70.2708,29.3815,-70.2708,29.3815,-70.9798,28.5755,-69.5611,30.1745
1378674,Furniture,"60"" Diameter",,Point,-61.9375,31.8750,5.5000,-61.9375,31.8750,-61.9375,31.8750,-65.1498,28.5755,-58.7252,35.1745
1378675,Furniture,Chair-Breuer,,Point,-59.7781,33.1217,5.5000,-59.7781,33.1217,-59.7781,33.1217,-60.8197,32.1113,-58.7256,34.1394
1378676,Furniture,Chair-Breuer,,Point,-61.9375,34.3685,5.5000,-61.9375,34.3685,-61.9375,34.3685,-62.6473,33.5755,-61.2286,35.1745
1378677,Furniture,Chair-Breuer,,Point,-64.0969,33.1218,5.5000,-64.0969,33.1218,-64.0969,33.1218,-65.1498,32.1106,-63.0557,34.1387
1378678,Furniture,Chair-Breuer,,Point,-64.0969,30.6283,5.5000,-64.0969,30.6283,-64.0969,30.6283,-65.1494,29.6106,-63.0553,31.6387
1378679,Furniture,Chair-Breuer,,Point,-59.7781,30.6282,5.5000,-59.7781,30.6282,-59.7781,30.6282,-60.8193,29.6113,-58.7252,31.6394
1378680,Furniture,Chair-Breuer,,Point,-61.9375,29.3815,5.5000,-61.9375,29.3815,-61.9375,29.3815,-62.6464,28.5755,-61.2277,30.1745
1379087,Furniture,"36"" Diameter",,Point,-82.2917,22.6146,5.5000,-82.2917,22.6146,-82.2917,22.6146,-85.5436,19.3627,-79.0398,25.8665
1379088,Furniture,Chair-Breuer,,Point,-83.3476,23.6708,5.5000,-83.3476,23.6708,-83.3476,23.6708,-84.4194,22.6082,-82.2856,24.7420
1379089,Furniture,Chair-Breuer,,Point,-83.3478,21.5586,5.5000,-83.3478,21.5586,-83.3478,21.5586,-84.4190,20.4869,-82.2853,22.6206
1379090,Furniture,Chair-Breuer,,Point,-81.2355,23.6705,5.5000,-81.2355,23.6705,-81.2355,23.6705,-82.2981,22.6085,-80.1643,24.7423
1379091,Furniture,Chair-Breuer,,Point,-81.2357,21.5584,5.5000,-81.2357,21.5584,-81.2357,21.5584,-82.2977,20.4872,-80.1639,22.6210
1379103,Furniture,"36"" Diameter",,Point,-77.2477,25.4479,5.5000,-77.2477,25.4479,-77.2477,25.4479,-80.4996,22.1960,-73.9958,28.6998
1379104,Furniture,Chair-Breuer,,Point,-78.3037,26.5041,5.5000,-78.3037,26.5041,-78.3037,26.5041,-79.3755,25.4415,-77.2417,27.5753
1379105,Furniture,Chair-Breuer,,Point,-78.3039,24.3920,5.5000,-78.3039,24.3920,-78.3039,24.3920,-79.3751,23.3202,-77.2413,25.4540
1379106,Furniture,Chair-Breuer,,Point,-76.1915,26.5039,5.5000,-76.1915,26.5039,-76.1915,26.5039,-77.2541,25.4419,-75.1204,27.5756
1379107,Furniture,Chair-Breuer,,Point,-76.1918,24.3917,5.5000,-76.1918,24.3917,-76.1918,24.3917,-77.2538,23.3205,-75.1200,25.4543
1379119,Furniture,"36"" Diameter",,Point,-72.1250,22.6146,5.5000,-72.1250,22.6146,-72.1250,22.6146,-75.3769,19.3627,-68.8731,25.8665
1379120,Furniture,Chair-Breuer,,Point,-73.1809,23.6708,5.5000,-73.1809,23.6708,-73.1809,23.6708,-74.2527,22.6082,-72.1189,24.7420
1379121,Furniture,Chair-Breuer,,Point,-73.1812,21.5586,5.5000,-73.1812,21.5586,-73.1812,21.5586,-74.2524,20.4869,-72.1186,22.6206
1379122,Furniture,Chair-Breuer,,Point,-71.0688,23.6705,5.5000,-71.0688,23.6705,-71.0688,23.6705,-72.1314,22.6085,-69.9976,24.7423
1379123,Furniture,Chair-Breuer,,Point,-71.0691,21.5584,5.5000,-71.0691,21.5584,-71.0691,21.5584,-72.1311,20.4872,-69.9973,22.6210
1379135,Furniture,"36"" Diameter",,Point,-60.4583,22.1146,5.5000,-60.4583,22.1146,-60.4583,22.1146,-63.7102,18.8627,-57.2064,25.3665
1379136,Furniture,Chair-Breuer,,Point,-61.5143,23.1708,5.5000,-61.5143,23.1708,-61.5143,23.1708,-62.5861,22.1082,-60.4523,24.2420
1379137,Furniture,Chair-Breuer,,Point,-61.5145,21.0586,5.5000,-61.5145,21.0586,-61.5145,21.0586,-62.5857,19.9869,-60.4519,22.1206
1379138,Furniture,Chair-Breuer,,Point,-59.4022,23.1705,5.5000,-59.4022,23.1705,-59.4022,23.1705,-60.4647,22.1085,-58.3310,24.2423
1379139,Furniture,Chair-Breuer,,Point,-59.4024,21.0584,5.5000,-59.4024,21.0584,-59.4024,21.0584,-60.4644,19.9872,-58.3306,22.1210
1379152,Furniture,"36"" Diameter",,Point,-66.4977,25.1146,5.5000,-66.4977,25.1146,-66.4977,25.1146,-69.7496,21.8627,-63.2458,28.3665
1379153,Furniture,Chair-Breuer,,Point,-67.5537,26.1708,5.5000,-67.5537,26.1708,-67.5537,26.1708,-68.6255,25.1082,-66.4917,27.2420
1379154,Furniture,Chair-Breuer,,Point,-67.5539,24.0586,5.5000,-67.5539,24.0586,-67.5539,24.0586,-68.6251,22.9869,-66.4913,25.1206
1379155,Furniture,Chair-Breuer,,Point,-65.4415,26.1705,5.5000,-65.4415,26.1705,-65.4415,26.1705,-66.5041,25.1085,-64.3704,27.2423
1379156,Furniture,Chair-Breuer,,Point,-65.4418,24.0584,5.5000,-65.4418,24.0584,-65.4418,24.0584,-66.5038,22.9872,-64.3700,25.1210
1380272,Walls,"Interior - 4 7/8"" Partition (NR)",,CurveMidpt,9.2240,11.1458,8.0833,9.2240,11.1458,9.2240,11.1458,9.0208,9.0052,9.4271,13.2865
1390768,Walls,"Interior - 4 7/8"" Partition (NR)",,CurveMidpt,49.4635,34.3073,0.0000,49.4635,34.3073,49.4635,34.3073,49.2604,26.1875,49.6667,42.2240
1390769,Walls,"Interior - 4 7/8"" Partition (NR)",,CurveMidpt,45.3568,26.3906,0.0000,45.3568,26.3906,45.3568,26.3906,41.2500,26.1875,49.4635,26.5938
1390770,Walls,"Interior - 4 7/8"" Partition (NR)",,CurveMidpt,45.7734,34.1302,0.0000,45.7734,34.1302,45.7734,34.1302,42.0833,33.9271,49.4635,34.3333
1391115,Walls,"Chase - GWB & Metal Stud 4 1/4""",,CurveMidpt,42.0833,34.3073,0.0000,42.0833,34.3073,42.0833,34.3073,41.9063,26.1875,42.2604,42.2240
1413471,Cameras,Green Roof - By Stair 1,,BBoxCenter,133.9126,-41.4454,64.3333,133.9126,-41.4454,133.9126,-41.4454,-98.4946,-307.5293,366.3198,224.6386
1423886,Floors,Finish Floor - Polished Concrete (Brown),,BBoxCenter,1.0208,12.0859,7.8333,1.0208,12.0859,1.0208,12.0859,-49.0833,0.5625,51.1250,23.6094
1428699,Entourage,Alex,,Point,-38.4271,-8.0729,8.0833,-38.4271,-8.0729,-38.4271,-8.0729,-39.6123,-9.2581,-37.2419,-6.8877
1429671,Rectangular Straight Wall Opening,Rectangular Straight Wall Opening,,BBoxCenter,-32.2344,-6.6562,11.5833,-32.2344,-6.6562,-32.2344,-6.6562,-32.4375,-8.4896,-32.0313,-4.8229
1433522,Doors,"32"" x 84""",202OPN,Point,-30.5313,-11.0573,8.0833,-30.5313,-11.0573,-30.5313,-11.0573,-31.8646,-11.2604,-29.1979,-10.8542
1433602,Walls,"Interior - 7 1/4"" Partition (NR)",,CurveMidpt,-37.0130,-10.9583,8.0833,-37.0130,-10.9583,-37.0130,-10.9583,-41.7917,-11.2604,-32.0313,-10.6562
1433853,Walls,"Interior - 7 1/4"" Partition (NR)",,CurveMidpt,-30.4818,-8.9687,8.0833,-30.4818,-8.9687,-30.4818,-8.9687,-32.2344,-9.2708,-28.7292,-8.6667
1434726,Walls,"Chase - GWB & Metal Stud 6 5/8""",,CurveMidpt,-34.8255,-27.8802,8.0833,-34.8255,-27.8802,-34.8255,-27.8802,-48.5833,-28.1562,-21.2448,-27.6042
1435929,Cameras,Unit 302 - Toward Windows,,BBoxCenter,-69.6303,-53.8899,22.9578,-69.6303,-53.8899,-69.6303,-53.8899,-114.7448,-100.5566,-24.5158,-7.2232
1435943,Cameras,Unit 302 - Toward Interior,,BBoxCenter,-5.8442,21.0110,24.7808,-5.8442,21.0110,-5.8442,21.0110,-47.8132,-27.3833,36.1249,69.4053
1439134,Columns,"24""D x 22""W",,Point,-49.2500,2.5000,0.0000,-49.2500,2.5000,-49.2500,2.5000,-49.9167,1.5000,-48.0833,3.5000
1440827,Columns,"20""D x 24""W",,Point,-20.2500,-27.5417,0.0000,-20.2500,-27.5417,-20.2500,-27.5417,-21.2500,-28.1667,-19.2500,-26.5000
1441402,Columns,"24""D x 20""W",,Point,-49.2500,-12.7083,0.0000,-49.2500,-12.7083,-49.2500,-12.7083,-49.9167,-13.7083,-48.2500,-11.7083
1450232,Windows,Schematic Opening Cut,111,Point,-25.4479,-27.8802,11.1667,-25.4479,-27.8802,-25.4479,-27.8802,-27.2396,-28.1562,-23.6563,-26.3344
1452001,Windows,Schematic Opening Cut,112,Point,-31.9479,-27.8802,11.1667,-31.9479,-27.8802,-31.9479,-27.8802,-33.7396,-28.1562,-30.1563,-26.3344
1452013,Windows,Schematic Opening Cut,113,Point,-38.4479,-27.8802,11.1667,-38.4479,-27.8802,-38.4479,-27.8802,-40.2396,-28.1562,-36.6563,-26.3344
1452023,Windows,Schematic Opening Cut,115,Point,-44.9479,-27.8802,11.1667,-44.9479,-27.8802,-44.9479,-27.8802,-46.7396,-28.1562,-43.1563,-26.3344
1453376,Walls,"Chase - GWB & Metal Stud 4 1/4""",,CurveMidpt,-49.0234,-26.2396,8.0833,-49.0234,-26.2396,-49.0234,-26.2396,-49.6406,-26.4167,-48.2292,-26.0625
1453862,Walls,"Chase - GWB & Metal Stud 4 1/4""",,CurveMidpt,-48.4063,-27.0599,8.0833,-48.4063,-27.0599,-48.4063,-27.0599,-48.5833,-27.8802,-48.2292,-26.2396
1474830,Walls,"Exterior - 5 3/8"" Rainscreen w Insultation (for Concrete Core Walls)",,CurveMidpt,-105.4505,43.9740,-5.9167,-105.4505,43.9740,-105.4505,43.9740,-111.5000,43.7500,-99.1771,44.1979
1475270,Walls,"Exterior - 5 3/8"" Rainscreen w Insultation (for Concrete Core Walls)",,CurveMidpt,-99.4010,43.0990,-5.9167,-99.4010,43.0990,-99.4010,43.0990,-99.6250,42.2240,-99.1771,43.9740
1475443,Walls,"Exterior - 5 3/8"" Rainscreen w Insultation (for Concrete Core Walls)",,CurveMidpt,-44.5625,43.9740,-3.4583,-44.5625,43.9740,-44.5625,43.9740,-50.1979,43.7500,-38.9271,44.1979
1475676,Walls,"Exterior - 5 3/8"" Rainscreen w Insultation (for Concrete Core Walls)",,CurveMidpt,-49.9740,43.0990,-3.4583,-49.9740,43.0990,-49.9740,43.0990,-50.1979,42.2240,-49.7500,43.9740
1475677,Walls,"Exterior - 5 3/8"" Rainscreen w Insultation (for Concrete Core Walls)",,CurveMidpt,-39.1510,43.0990,-3.4583,-39.1510,43.0990,-39.1510,43.0990,-39.3750,42.2240,-38.9271,43.9740
1502353,Walls,"Chase - GWB & Metal Stud 6 5/8""",,CurveMidpt,-8.3339,-28.0260,8.0833,-8.3339,-28.0260,-8.3339,-28.0260,-15.3802,-28.3021,-1.2875,-27.7500
1502355,Windows,Schematic Opening Cut,139,Point,-8.3333,-28.0260,14.1667,-8.3333,-28.0260,-8.3333,-28.0260,-10.0833,-28.3021,-6.5833,-26.4803
1502356,Windows,Schematic Opening Cut,140,Point,-12.1667,-28.0260,14.1667,-12.1667,-28.0260,-12.1667,-28.0260,-13.2917,-28.3021,-11.0417,-26.4803
1502684,Windows,Schematic Opening Cut,143,Point,-4.5000,-28.0260,14.1667,-4.5000,-28.0260,-4.5000,-28.0260,-5.6250,-28.3021,-3.3750,-26.4803
1502778,Walls,"Chase - GWB & Metal Stud 6 5/8""",,CurveMidpt,-17.5651,-28.8177,8.0833,-17.5651,-28.8177,-17.5651,-28.8177,-19.7500,-29.0938,-15.3802,-28.5417
1504319,Columns,"20""D x 24""W",,Point,3.5833,-27.5417,0.0000,3.5833,-27.5417,3.5833,-27.5417,2.5833,-28.1667,4.5833,-26.5000
1505924,Walls,"Exterior - GWB on Metal Stud w Insulated Panel 8 7/8""",,CurveMidpt,-8.3333,-28.7240,-3.4583,-8.3333,-28.7240,-8.3333,-28.7240,-19.7500,-29.0938,3.0833,-28.3542
1506500,Walls,Block 39 Storefront,,CurveMidpt,-8.3333,-28.6875,-3.4583,-8.3333,-28.6875,-8.3333,-28.6875,-19.3802,-29.1875,2.7135,-28.1875
1506506,Curtain Wall Mullions,"2.5"" x 5"" rectangular",,Point,-19.2500,-28.6875,10.5000,-19.2500,-28.6875,-19.2500,-28.6875,-19.2500,-28.8958,-19.0417,-28.4792
1506542,Curtain Wall Mullions,"3"" x 5"" rectangular",,Point,2.3750,-28.6875,10.5000,2.3750,-28.6875,2.3750,-28.6875,-0.9594,-28.8958,2.3750,-28.4792
1513749,Curtain Wall Grids,Grid Line,,BBoxCenter,-15.6042,-28.6875,12.0833,-15.6042,-28.6875,-15.6042,-28.6875,-15.6042,-29.1875,-15.6042,-28.1875
1513826,Curtain Wall Mullions,"3"" x 5"" rectangular",,Point,-15.7083,-28.6875,10.5000,-15.7083,-28.6875,-15.7083,-28.6875,-19.0417,-28.8958,-15.7083,-28.4792
1513842,Curtain Wall Grids,Grid Line,,BBoxCenter,-1.0635,-28.6875,12.0833,-1.0635,-28.6875,-1.0635,-28.6875,-1.0635,-29.1875,-1.0635,-28.1875
1513904,Curtain Wall Mullions,"3"" x 5"" rectangular",,Point,-1.1677,-28.6875,10.5000,-1.1677,-28.6875,-1.1677,-28.6875,-3.3750,-28.8958,-1.1677,-28.4792
1513991,Curtain Panels,Glazed,,BBoxCenter,-17.3750,-28.7917,8.5365,-17.3750,-28.7917,-17.3750,-28.7917,-19.0417,-28.8333,-15.7083,-28.7500
1513992,Curtain Panels,Glazed,,BBoxCenter,-14.6042,-28.7917,8.5365,-14.6042,-28.7917,-14.6042,-28.7917,-15.5000,-28.8333,-13.7083,-28.7500
1513993,Curtain Panels,Glazed,,BBoxCenter,0.7078,-28.7917,8.5365,0.7078,-28.7917,0.7078,-28.7917,-0.9594,-28.8333,2.3750,-28.7500
1514007,Curtain Wall Mullions,"2.5"" x 5"" rectangular",,Point,2.5833,-28.6875,6.6979,2.5833,-28.6875,2.5833,-28.6875,2.3750,-28.8958,2.5833,-28.4792
1514012,Curtain Wall Mullions,"2.5"" x 5"" rectangular",,Point,-15.6042,-28.6875,6.6979,-15.6042,-28.6875,-15.6042,-28.6875,-15.7083,-28.8958,-15.5000,-28.4792
1514013,Curtain Wall Mullions,"2.5"" x 5"" rectangular",,Point,-1.0635,-28.6875,6.6979,-1.0635,-28.6875,-1.0635,-28.6875,-1.1677,-28.8958,-0.9594,-28.4792
1514312,Curtain Wall Grids,Grid Line,,BBoxCenter,-13.6042,-28.6875,12.0833,-13.6042,-28.6875,-13.6042,-28.6875,-13.6042,-29.1875,-13.6042,-28.1875
1514357,Curtain Panels,Glazed,,BBoxCenter,-8.5417,-28.7917,8.5365,-8.5417,-28.7917,-8.5417,-28.7917,-13.5000,-28.8333,-3.5833,-28.7500
1514366,Curtain Wall Mullions,"3"" x 5"" rectangular",,Point,-13.7083,-28.6875,10.5000,-13.7083,-28.6875,-13.7083,-28.6875,-15.5000,-28.8958,-13.7083,-28.4792
1514370,Curtain Wall Mullions,"2.5"" x 5"" rectangular",,Point,-13.6042,-28.6875,6.6979,-13.6042,-28.6875,-13.6042,-28.6875,-13.7083,-28.8958,-13.5000,-28.4792
1514393,Curtain Wall Grids,Grid Line,,BBoxCenter,-3.4792,-28.6875,12.0833,-3.4792,-28.6875,-3.4792,-28.6875,-3.4792,-29.1875,-3.4792,-28.1875
1514484,Curtain Panels,Glazed,,BBoxCenter,-2.2714,-28.7917,8.5365,-2.2714,-28.7917,-2.2714,-28.7917,-3.3750,-28.8333,-1.1677,-28.7500
1514492,Curtain Wall Mullions,"3"" x 5"" rectangular",,Point,-3.5833,-28.6875,10.5000,-3.5833,-28.6875,-3.5833,-28.6875,-13.5000,-28.8958,-3.5833,-28.4792
1514496,Curtain Wall Mullions,"2.5"" x 5"" rectangular",,Point,-3.4792,-28.6875,6.6979,-3.4792,-28.6875,-3.4792,-28.6875,-3.5833,-28.8958,-3.3750,-28.4792
1514545,Generic Models,"10"" Trebuchet MS",,Point,-8.7505,-28.8333,8.0833,-8.7505,-28.8333,-8.7505,-28.8333,-12.9224,-28.9167,-4.5787,-28.8333
1516919,Ceilings,Exterior Soffit,,BBoxCenter,-8.3333,-29.4052,10.6771,-8.3333,-29.4052,-8.3333,-29.4052,-19.7500,-30.5083,3.0833,-28.3021
1517541,Walls,"Chase - GWB & Metal Stud 3 1/8""",,CurveMidpt,-19.3802,-28.4401,8.0833,-19.3802,-28.4401,-19.3802,-28.4401,-19.5104,-28.8177,-19.2500,-28.0625
1517884,Walls,"Chase - GWB & Metal Stud 3 1/8""",,CurveMidpt,-15.3802,-28.5599,8.0833,-15.3802,-28.5599,-15.3802,-28.5599,-15.5104,-29.0938,-15.2500,-27.7500
1518158,Walls,"Chase - GWB & Metal Stud 6 5/8""",,CurveMidpt,0.8974,-28.8177,8.0833,0.8974,-28.8177,0.8974,-28.8177,-1.2875,-29.0938,3.0823,-28.5417
1518160,Walls,"Chase - GWB & Metal Stud 3 1/8""",,CurveMidpt,2.7125,-28.4401,8.0833,2.7125,-28.4401,2.7125,-28.4401,2.5823,-28.8177,2.8427,-28.0625
1518161,Walls,"Chase - GWB & Metal Stud 3 1/8""",,CurveMidpt,-1.2875,-28.5599,8.0833,-1.2875,-28.5599,-1.2875,-28.5599,-1.4177,-29.0938,-1.1573,-27.7500
1532609,Walls,"Exterior - 12 5/8"" Rainscreen w Insultation on Metal Stud",,CurveMidpt,63.0024,36.8374,8.0833,63.0024,36.8374,63.0024,36.8374,61.8234,31.3822,64.2331,42.2274
1534835,Walls,"Chase - GWB & Metal Stud 3 1/8""",,CurveMidpt,70.1446,-24.8947,0.0000,70.1446,-24.8947,70.1446,-24.8947,69.5519,-25.0996,70.6083,-24.7068
1534836,Walls,"Chase - GWB & Metal Stud 3 1/8""",,CurveMidpt,69.7846,-25.6119,0.0000,69.7846,-25.6119,69.7846,-25.6119,69.5859,-26.2872,70.0004,-24.9365
1543392,Walls,"Chase - GWB & Metal Stud 3 1/8""",,CurveMidpt,40.4453,-28.3750,-3.4583,40.4453,-28.3750,40.4453,-28.3750,39.9896,-28.5052,40.7708,-28.2448
1545977,Walls,"Exterior - 5 3/8"" Rainscreen w Insultation (for Concrete Core Walls)",,CurveMidpt,47.2091,-26.8490,0.0000,47.2091,-26.8490,47.2091,-26.8490,43.1514,-27.0729,51.2669,-26.6250
1546499,Walls,"Chase - GWB & Metal Stud 6 5/8""",,CurveMidpt,52.2963,-28.8625,0.0000,52.2963,-28.8625,52.2963,-28.8625,50.9874,-29.3037,53.0837,-28.4899
1547379,Walls,"Chase - GWB & Metal Stud 6 5/8""",,CurveMidpt,69.7215,-26.5684,0.0000,69.7215,-26.5684,69.7215,-26.5684,69.3704,-26.8835,70.0725,-26.2532
1555261,Walls,_Not Defined,,CurveMidpt,46.7917,-25.9167,0.0000,46.7917,-25.9167,46.7917,-25.9167,43.9583,-26.4167,49.6250,-25.4167
1556525,Stairs,Stair,,BBoxCenter,-17.2604,-6.4375,2.8125,-17.2604,-6.4375,-17.2604,-6.4375,-19.0937,-14.6875,-15.4271,1.8125
1556760,Runs,"2 1/2"" Tread Square Nosing No Riser",,BBoxCenter,-17.2604,-6.3125,2.8125,-17.2604,-6.3125,-17.2604,-6.3125,-19.1771,-14.6875,-15.3437,2.0625
1557298,Supports,"Carriage - 24"" Width",,BBoxCenter,-17.2604,-6.3125,2.8125,-17.2604,-6.3125,-17.2604,-6.3125,-18.2604,-14.6875,-16.2604,2.0625
1557841,Supports,"Carriage - 24"" Width",,BBoxCenter,-12.9271,-2.5208,13.4583,-12.9271,-2.5208,-12.9271,-2.5208,-13.9271,-6.7708,-11.9271,1.7292
1557842,Supports,"Carriage - 24"" Width",,BBoxCenter,-17.2604,-1.7292,13.4583,-17.2604,-1.7292,-17.2604,-1.7292,-18.2604,-5.5208,-16.2604,2.0625
1557905,Walls,Soffit - Beam Wrap (Both Sides),,CurveMidpt,-8.8333,2.5000,8.0833,-8.8333,2.5000,-8.8333,2.5000,-20.2500,2.0625,2.5833,2.9375
1566583,Ceilings,"5/8"" GWB on Mtl. Stud",,BBoxCenter,-94.9635,22.0313,3.2604,-94.9635,22.0313,-94.9635,22.0313,-99.3646,19.1146,-90.5625,24.9479
1566645,Ceilings,"5/8"" GWB on Mtl. Stud",,BBoxCenter,-61.4583,24.2604,3.2604,-61.4583,24.2604,-61.4583,24.2604,-64.9479,20.5938,-57.9688,27.9271
1566653,Ceilings,"5/8"" GWB on Mtl. Stud",,BBoxCenter,-61.4583,32.0156,3.2604,-61.4583,32.0156,-61.4583,32.0156,-64.9479,28.3333,-57.9688,35.6979
1566775,Ceilings,"5/8"" GWB on Mtl. Stud",,BBoxCenter,45.7604,38.0156,9.1771,45.7604,38.0156,45.7604,38.0156,42.2604,34.3333,49.2604,41.6979
1566783,Ceilings,"5/8"" GWB on Mtl. Stud",,BBoxCenter,45.7604,30.2604,9.1771,45.7604,30.2604,45.7604,30.2604,42.2604,26.5938,49.2604,33.9271
1593638,Walls,Block 43 Storefront,,CurveMidpt,61.2393,-27.7796,8.0833,61.2393,-27.7796,61.2393,-27.7796,52.9946,-29.3522,69.4840,-26.2071
1593639,Curtain Panels,Glazed,,BBoxCenter,54.8395,-28.7273,10.8229,54.8395,-28.7273,54.8395,-28.7273,53.2746,-28.9739,56.4044,-28.4806
1593641,Curtain Wall Mullions,"4"" x 6.25"" rectangular (Off Center)",,Point,53.2664,-28.8293,9.2292,53.2664,-28.8293,53.2664,-28.8293,53.2270,-29.0462,56.5172,-28.1056
1593642,Curtain Wall Mullions,"2.5"" x 5"" rectangular",,Point,69.4187,-26.7028,9.2292,69.4187,-26.7028,69.4187,-26.7028,69.1850,-26.9365,69.4459,-26.4963
1593644,Walls,_Not Defined,,CurveMidpt,54.8775,-28.6172,0.0000,54.8775,-28.6172,54.8775,-28.6172,52.9946,-29.3522,56.7604,-27.8822
1593646,Curtain Wall Mullions,"2.5"" x 5"" rectangular",,Point,53.0599,-28.8565,9.2292,53.0599,-28.8565,53.0599,-28.8565,53.0327,-29.0630,53.2936,-28.6227
1593647,Walls,_Not Defined,,CurveMidpt,56.5429,-27.2212,0.0000,56.5429,-27.2212,56.5429,-27.2212,55.8949,-28.4432,57.1909,-25.9993
1593649,Curtain Wall Mullions,"4"" x 5"" rectangular (Off Center)",,Point,56.4178,-26.2711,9.5625,56.4178,-26.2711,56.4178,-26.2711,56.2112,-28.0953,56.8609,-26.2439
1593650,Walls,_Not Defined,,CurveMidpt,60.9347,-25.4663,0.0000,60.9347,-25.4663,60.9347,-25.4663,56.3253,-26.5602,65.5441,-24.3723
1593652,Curtain Wall Mullions,"4"" x 5"" rectangular (Off Center)",,Point,65.2723,-24.8952,9.5625,65.2723,-24.8952,65.2723,-24.8952,64.0884,-25.2541,65.2995,-24.6887
1593653,Curtain Wall Mullions,"5"" x 5"" Quad Corner",,Point,56.3906,-26.0645,9.5625,56.3906,-26.0645,56.3906,-26.0645,56.1569,-26.2983,56.6243,-25.8308
1593654,Walls,_Not Defined,,CurveMidpt,65.6311,-26.0247,0.0000,65.6311,-26.0247,65.6311,-26.0247,64.9831,-27.2467,66.2791,-24.8028
1593656,Curtain Wall Mullions,"4"" x 5"" rectangular (Off Center)",,Point,65.7426,-26.8716,9.5625,65.7426,-26.8716,65.7426,-26.8716,65.2995,-26.8988,65.9492,-25.0474
1593657,Walls,_Not Defined,,CurveMidpt,67.6011,-26.9421,0.0000,67.6011,-26.9421,67.6011,-26.9421,65.7181,-27.6771,69.4840,-26.2071
1593659,Curtain Wall Mullions,"5"" V Corner",,Point,65.7834,-27.1814,9.2292,65.7834,-27.1814,65.7834,-27.1814,65.5361,-27.4151,66.1204,-26.8308
1593680,Curtain Wall Grids,Grid Line,,BBoxCenter,57.8571,-25.8714,12.0833,57.8571,-25.8714,57.8571,-25.8714,57.7919,-26.3672,57.9224,-25.3757
1593683,Curtain Wall Mullions,"4"" x 5"" rectangular (Off Center)",,Point,57.7538,-25.8850,9.5625,57.7538,-25.8850,57.7538,-25.8850,56.5700,-26.2439,57.7810,-25.6785
1593686,Curtain Wall Grids,Grid Line,,BBoxCenter,64.0123,-25.0611,12.0833,64.0123,-25.0611,64.0123,-25.0611,63.9471,-25.5568,64.0776,-24.5654
1593689,Curtain Wall Mullions,"4"" x 5"" rectangular (Off Center)",,Point,63.9091,-25.0747,9.5625,63.9091,-25.0747,63.9091,-25.0747,57.9332,-26.0644,63.9363,-24.8681
1593708,Curtain Panels,Solid,,BBoxCenter,57.1809,-26.0025,8.3854,57.1809,-26.0025,57.1809,-26.0025,56.5890,-26.1819,57.7729,-25.8231
1593710,Curtain Panels,Solid,,BBoxCenter,64.6994,-25.0127,8.3854,64.6994,-25.0127,64.6994,-25.0127,64.1075,-25.1921,65.2913,-24.8333
1593712,Curtain Wall Mullions,"5"" x 5"" Quad Corner",,Point,65.4788,-24.8680,7.4375,65.4788,-24.8680,65.4788,-24.8680,65.2451,-25.1018,65.7126,-24.6343
1593713,Curtain Wall Mullions,"2.5"" x 5"" rectangular",,Point,57.8571,-25.8714,7.4375,57.8571,-25.8714,57.8571,-25.8714,57.7266,-26.0916,57.9876,-25.6513
1593714,Curtain Wall Mullions,"2.5"" x 5"" rectangular",,Point,64.0123,-25.0611,7.4375,64.0123,-25.0611,64.0123,-25.0611,63.8819,-25.2812,64.1428,-24.8410
1593725,Doors,Door-Curtain-Wall-Double-Storefront,109A,BBoxCenter,61.1264,-26.9225,4.6562,61.1264,-26.9225,61.1264,-26.9225,57.9468,-28.8735,64.3061,-24.9714
1593730,Curtain Panels,Solid,,BBoxCenter,54.8313,-28.6653,8.3854,54.8313,-28.6653,54.8313,-28.6653,53.2583,-28.9739,56.4044,-28.3567
1593732,Curtain Wall Mullions,"5"" V Corner",,Point,56.6952,-28.3779,7.4375,56.6952,-28.3779,56.6952,-28.3779,56.3446,-28.6252,56.9289,-28.0409
1593734,Curtain Panels,Solid,,BBoxCenter,56.5774,-27.1641,8.3854,56.5774,-27.1641,56.5774,-27.1641,56.3558,-28.0762,56.7990,-26.2520
1593737,Curtain Panels,Solid,,BBoxCenter,65.5830,-25.9785,8.3854,65.5830,-25.9785,65.5830,-25.9785,65.3615,-26.8906,65.8046,-25.0664
1593740,Curtain Panels,Solid,,BBoxCenter,67.6581,-26.9766,8.3854,67.6581,-26.9766,67.6581,-26.9766,66.0851,-27.2852,69.2312,-26.6680
1593742,Curtain Wall Mullions,"2.5"" x 5"" rectangular",,Point,69.4187,-26.7028,7.4375,69.4187,-26.7028,69.4187,-26.7028,69.1850,-26.9365,69.4459,-26.4963
1593745,Curtain Wall Grids,Grid Line,,BBoxCenter,59.7520,-27.9754,12.8229,59.7520,-27.9754,59.7520,-27.9754,59.6868,-28.4712,59.8173,-27.4797
1593748,Curtain Wall Mullions,"4"" x 6.25"" rectangular (Off Center)",,Point,59.7520,-27.9754,9.2292,59.7520,-27.9754,59.7520,-27.9754,59.7126,-28.1923,62.7549,-27.2844
1593750,Curtain Wall Grids,Grid Line,,BBoxCenter,62.7264,-27.5839,12.8229,62.7264,-27.5839,62.7264,-27.5839,62.6611,-28.0796,62.7916,-27.0881
1593753,Curtain Wall Mullions,"4"" x 6.25"" rectangular (Off Center)",,Point,62.7264,-27.5839,9.2292,62.7264,-27.5839,62.7264,-27.5839,62.6869,-27.8007,66.0184,-26.8547
1593755,Curtain Wall Grids,Grid Line,,BBoxCenter,65.9900,-27.1542,12.0833,65.9900,-27.1542,65.9900,-27.1542,65.9247,-27.6499,66.0552,-26.6585
1593756,Curtain Panels,Glazed,,BBoxCenter,67.6663,-27.0386,10.8229,67.6663,-27.0386,67.6663,-27.0386,66.1014,-27.2852,69.2312,-26.7920
1593758,Curtain Wall Mullions,"4"" x 6.25"" rectangular (Off Center)",,Point,65.9900,-27.1542,9.2292,65.9900,-27.1542,65.9900,-27.1542,65.9505,-27.3711,69.2406,-26.4305
1593759,Curtain Wall Mullions,"2.5"" x 6.25"" rectangular",,Point,65.9900,-27.1542,9.5625,65.9900,-27.1542,65.9900,-27.1542,65.8473,-27.3847,66.1218,-26.8411
1593760,Curtain Wall Grids,Grid Line,,BBoxCenter,56.4886,-28.4051,12.0833,56.4886,-28.4051,56.4886,-28.4051,56.4234,-28.9008,56.5539,-27.9094
1593761,Curtain Panels,Solid,,BBoxCenter,61.2447,-27.8210,10.3785,61.2447,-27.8210,61.2447,-27.8210,56.5837,-28.5361,65.9057,-27.1058
1593763,Curtain Wall Mullions,"4"" x 6.25"" rectangular (Off Center)",,Point,56.4886,-28.4051,9.2292,56.4886,-28.4051,56.4886,-28.4051,56.4492,-28.6220,59.7807,-27.6759
1593764,Curtain Wall Mullions,"2.5"" x 6.25"" rectangular",,Point,56.4886,-28.4051,9.5625,56.4886,-28.4051,56.4886,-28.4051,56.3459,-28.6356,56.6204,-28.0920
1593787,Curtain Wall Mullions,"2.5"" x 5"" rectangular",,Point,53.0599,-28.8565,12.3333,53.0599,-28.8565,53.0599,-28.8565,53.0327,-29.0630,53.2936,-28.6227
1593795,Ceilings,"5/8"" GWB on Mtl. Stud",,BBoxCenter,61.0809,-26.5765,9.4062,61.0809,-26.5765,61.0809,-26.5765,56.6243,-28.0512,65.5374,-25.1018
1594372,Walls,Block 41 Storefront,,CurveMidpt,14.7917,-30.4219,8.0833,14.7917,-30.4219,14.7917,-30.4219,6.6667,-30.9219,22.9167,-29.9219
1594373,Curtain Panels,Solid,,BBoxCenter,8.4479,-30.4635,8.4479,8.4479,-30.4635,8.4479,-30.4635,6.8750,-30.5677,10.0208,-30.3594
1594375,Curtain Wall Mullions,"2.5"" x 5"" rectangular",,Point,22.9167,-30.4219,7.3333,22.9167,-30.4219,22.9167,-30.4219,22.7083,-30.6302,22.9167,-30.2135
1594377,Walls,Block 41 Storefront,,CurveMidpt,33.1370,-30.4219,8.0833,33.1370,-30.4219,33.1370,-30.4219,25.0000,-30.9219,41.2740,-29.9219
1594378,Curtain Panels,Solid,,BBoxCenter,26.7812,-30.4635,8.4479,26.7812,-30.4635,26.7812,-30.4635,25.2083,-30.5677,28.3542,-30.3594
1594380,Curtain Wall Mullions,"2.5"" x 5"" rectangular",,Point,41.2740,-30.4219,7.3333,41.2740,-30.4219,41.2740,-30.4219,41.0657,-30.6302,41.2740,-30.2135
1594383,Curtain Panels,Glazed,,BBoxCenter,8.4479,-30.5260,10.7604,8.4479,-30.5260,8.4479,-30.5260,6.8750,-30.5677,10.0208,-30.4844
1594384,Curtain Wall Mullions,"2.5"" x 5"" rectangular",,Point,22.9167,-30.4219,9.3333,22.9167,-30.4219,22.9167,-30.4219,22.7083,-30.6302,22.9167,-30.2135
1594385,Curtain Wall Mullions,"2.5"" x 5"" rectangular",,Point,6.6667,-30.4219,9.3333,6.6667,-30.4219,6.6667,-30.4219,6.6667,-30.6302,6.8750,-30.2135
1594386,Curtain Wall Mullions,"2.5"" x 5"" rectangular",,Point,10.0208,-30.4219,9.3333,10.0208,-30.4219,10.0208,-30.4219,6.8750,-30.6302,10.0208,-30.2135
1594388,Curtain Panels,Glazed,,BBoxCenter,26.7812,-30.5260,10.7604,26.7812,-30.5260,26.7812,-30.5260,25.2083,-30.5677,28.3542,-30.4844
1594389,Curtain Wall Mullions,"2.5"" x 5"" rectangular",,Point,41.2740,-30.4219,9.3333,41.2740,-30.4219,41.2740,-30.4219,41.0657,-30.6302,41.2740,-30.2135
1594390,Curtain Wall Mullions,"2.5"" x 5"" rectangular",,Point,25.0000,-30.4219,9.3333,25.0000,-30.4219,25.0000,-30.4219,25.0000,-30.6302,25.2083,-30.2135
1594391,Curtain Wall Mullions,"2.5"" x 5"" rectangular",,Point,28.3542,-30.4219,9.3333,28.3542,-30.4219,28.3542,-30.4219,25.2083,-30.6302,28.3542,-30.2135
1594393,Curtain Wall Grids,Grid Line,,BBoxCenter,16.4167,-30.4219,11.8750,16.4167,-30.4219,16.4167,-30.4219,16.4167,-30.9219,16.4167,-29.9219
1594395,Curtain Panels,Glazed,,BBoxCenter,18.0625,-30.5260,10.7604,18.0625,-30.5260,18.0625,-30.5260,16.5208,-30.5677,19.6042,-30.4844
1594397,Curtain Wall Mullions,"2.5"" x 5"" rectangular",,Point,19.6042,-30.4219,9.3333,19.6042,-30.4219,19.6042,-30.4219,16.4166,-30.6302,19.6042,-30.2135
1594399,Curtain Wall Mullions,"2.5"" x 5"" rectangular",,Point,16.4167,-30.4219,9.4375,16.4167,-30.4219,16.4167,-30.4219,16.3125,-30.6302,16.5208,-30.2135
1594400,Curtain Wall Grids,Grid Line,,BBoxCenter,13.4167,-30.4219,11.8750,13.4167,-30.4219,13.4167,-30.4219,13.4167,-30.9219,13.4167,-29.9219
1594402,Curtain Panels,Glazed,,BBoxCenter,14.9167,-30.5260,10.7604,14.9167,-30.5260,14.9167,-30.5260,13.5208,-30.5677,16.3125,-30.4844
1594404,Curtain Wall Mullions,"2.5"" x 5"" rectangular",,Point,16.4167,-30.4219,9.3333,16.4167,-30.4219,16.4167,-30.4219,13.4167,-30.6302,16.4167,-30.2135
1594406,Curtain Wall Mullions,"2.5"" x 5"" rectangular",,Point,13.4167,-30.4219,9.4375,13.4167,-30.4219,13.4167,-30.4219,13.3125,-30.6302,13.5208,-30.2135
1594407,Curtain Wall Grids,Grid Line,,BBoxCenter,19.7083,-30.4219,12.0833,19.7083,-30.4219,19.7083,-30.4219,19.7083,-30.9219,19.7083,-29.9219
1594408,Curtain Panels,Solid,,BBoxCenter,21.2604,-30.4635,8.4479,21.2604,-30.4635,21.2604,-30.4635,19.8125,-30.5677,22.7083,-30.3594
1594409,Curtain Panels,Glazed,,BBoxCenter,21.2604,-30.5260,10.7604,21.2604,-30.5260,21.2604,-30.5260,19.8125,-30.5677,22.7083,-30.4844
1594411,Curtain Wall Mullions,"2.5"" x 5"" rectangular",,Point,22.7083,-30.4219,9.3333,22.7083,-30.4219,22.7083,-30.4219,19.8125,-30.6302,22.7083,-30.2135
1594412,Curtain Wall Mullions,"2.5"" x 6.25"" rectangular",,Point,19.7083,-30.4219,7.6667,19.7083,-30.4219,19.7083,-30.4219,19.6042,-30.6406,19.8125,-30.1198
1594413,Curtain Wall Mullions,"2.5"" x 6.25"" rectangular",,Point,19.7083,-30.4219,9.3333,19.7083,-30.4219,19.7083,-30.4219,19.6042,-30.6406,19.8125,-30.1198
1594414,Curtain Wall Grids,Grid Line,,BBoxCenter,10.1250,-30.4219,12.0833,10.1250,-30.4219,10.1250,-30.4219,10.1250,-30.9219,10.1250,-29.9219
1594415,Curtain Panels,Solid,,BBoxCenter,14.9167,-30.4635,8.4479,14.9167,-30.4635,14.9167,-30.4635,10.2292,-30.5677,19.6042,-30.3594
1594416,Curtain Panels,Glazed,,BBoxCenter,11.7708,-30.5260,10.7604,11.7708,-30.5260,11.7708,-30.5260,10.2292,-30.5677,13.3125,-30.4844
1594418,Curtain Wall Mullions,"2.5"" x 5"" rectangular",,Point,13.4167,-30.4219,9.3333,13.4167,-30.4219,13.4167,-30.4219,10.2293,-30.6302,13.4167,-30.2135
1594419,Curtain Wall Mullions,"2.5"" x 6.25"" rectangular",,Point,10.1250,-30.4219,7.6667,10.1250,-30.4219,10.1250,-30.4219,10.0208,-30.6406,10.2292,-30.1198
1594420,Curtain Wall Mullions,"2.5"" x 6.25"" rectangular",,Point,10.1250,-30.4219,9.3333,10.1250,-30.4219,10.1250,-30.4219,10.0208,-30.6406,10.2292,-30.1198
1594427,Curtain Wall Grids,Grid Line,,BBoxCenter,31.7552,-30.4219,11.8750,31.7552,-30.4219,31.7552,-30.4219,31.7552,-30.9219,31.7552,-29.9219
1594429,Curtain Panels,Glazed,,BBoxCenter,33.2552,-30.5260,10.7604,33.2552,-30.5260,33.2552,-30.5260,31.8594,-30.5677,34.6510,-30.4844
1594431,Curtain Wall Mullions,"2.5"" x 5"" rectangular",,Point,34.6510,-30.4219,9.3333,34.6510,-30.4219,34.6510,-30.4219,31.8594,-30.6302,34.6510,-30.2135
1594433,Curtain Wall Mullions,"2.5"" x 5"" rectangular",,Point,31.7552,-30.4219,9.2292,31.7552,-30.4219,31.7552,-30.4219,31.6510,-30.6302,31.8594,-30.2135
1594435,Curtain Wall Grids,Grid Line,,BBoxCenter,34.7552,-30.4219,11.8750,34.7552,-30.4219,34.7552,-30.4219,34.7552,-30.9219,34.7552,-29.9219
1594437,Curtain Panels,Glazed,,BBoxCenter,36.3984,-30.5260,10.7604,36.3984,-30.5260,36.3984,-30.5260,34.8594,-30.5677,37.9375,-30.4844
1594439,Curtain Wall Mullions,"2.5"" x 5"" rectangular",,Point,37.9375,-30.4219,9.3333,37.9375,-30.4219,37.9375,-30.4219,34.8594,-30.6302,37.9375,-30.2135
1594441,Curtain Wall Mullions,"2.5"" x 5"" rectangular",,Point,34.7552,-30.4219,9.2292,34.7552,-30.4219,34.7552,-30.4219,34.6510,-30.6302,34.8594,-30.2135
1594443,Curtain Wall Grids,Grid Line,,BBoxCenter,38.0417,-30.4219,12.0833,38.0417,-30.4219,38.0417,-30.4219,38.0417,-30.9219,38.0417,-29.9219
1594444,Curtain Panels,Solid,,BBoxCenter,39.6058,-30.4635,8.4479,39.6058,-30.4635,39.6058,-30.4635,38.1458,-30.5677,41.0657,-30.3594
1594445,Curtain Panels,Glazed,,BBoxCenter,39.6058,-30.5260,10.7604,39.6058,-30.5260,39.6058,-30.5260,38.1458,-30.5677,41.0657,-30.4844
1594447,Curtain Wall Mullions,"2.5"" x 5"" rectangular",,Point,41.0657,-30.4219,9.3333,41.0657,-30.4219,41.0657,-30.4219,38.1458,-30.6302,41.0657,-30.2135
1594448,Curtain Wall Mullions,"2.5"" x 6.25"" rectangular",,Point,38.0417,-30.4219,7.6667,38.0417,-30.4219,38.0417,-30.4219,37.9375,-30.6406,38.1458,-30.1198
1594449,Curtain Wall Mullions,"2.5"" x 6.25"" rectangular",,Point,38.0417,-30.4219,9.3333,38.0417,-30.4219,38.0417,-30.4219,37.9375,-30.6406,38.1458,-30.1198
1594451,Curtain Wall Grids,Grid Line,,BBoxCenter,28.4583,-30.4219,12.0833,28.4583,-30.4219,28.4583,-30.4219,28.4583,-30.9219,28.4583,-29.9219
1594452,Curtain Panels,Solid,,BBoxCenter,33.2500,-30.4635,8.4479,33.2500,-30.4635,33.2500,-30.4635,28.5625,-30.5677,37.9375,-30.3594
1594453,Curtain Panels,Glazed,,BBoxCenter,30.1068,-30.5260,10.7604,30.1068,-30.5260,30.1068,-30.5260,28.5625,-30.5677,31.6510,-30.4844
1594455,Curtain Wall Mullions,"2.5"" x 5"" rectangular",,Point,31.6510,-30.4219,9.3333,31.6510,-30.4219,31.6510,-30.4219,28.5625,-30.6302,31.6510,-30.2135
1594456,Curtain Wall Mullions,"2.5"" x 6.25"" rectangular",,Point,28.4583,-30.4219,7.6667,28.4583,-30.4219,28.4583,-30.4219,28.3542,-30.6406,28.5625,-30.1198
1594457,Curtain Wall Mullions,"2.5"" x 6.25"" rectangular",,Point,28.4583,-30.4219,9.3333,28.4583,-30.4219,28.4583,-30.4219,28.3542,-30.6406,28.5625,-30.1198
1594497,Curtain Wall Mullions,"2.5"" x 5"" rectangular",,Point,6.6667,-30.4219,12.3333,6.6667,-30.4219,6.6667,-30.4219,6.6667,-30.6302,6.8750,-30.2135
1594510,Curtain Wall Mullions,"2.5"" x 5"" rectangular",,Point,25.0000,-30.4219,12.3333,25.0000,-30.4219,25.0000,-30.4219,25.0000,-30.6302,25.2083,-30.2135
1602066,Walls,"Chase - GWB & Metal Stud 4 1/4""",,CurveMidpt,41.6667,26.3646,8.0833,41.6667,26.3646,41.6667,26.3646,41.2500,26.1875,42.0833,26.5417
1602800,Lighting Fixtures,100W - 120V,311,Point,3.5833,-19.7500,3.0833,3.5833,-19.7500,3.5833,-19.7500,1.5832,-20.7500,3.0938,-18.7500
1602917,Lighting Fixtures,100W - 120V,312,Point,3.5833,-5.7500,3.0833,3.5833,-5.7500,3.5833,-5.7500,1.5832,-6.7500,3.0938,-4.7500
1603041,Lighting Fixtures,100W - 120V,313,Point,-20.2500,-19.7500,3.0833,-20.2500,-19.7500,-20.2500,-19.7500,-19.7604,-20.7500,-18.2499,-18.7500
1603042,Lighting Fixtures,100W - 120V,314,Point,-20.2500,-5.7500,3.0833,-20.2500,-5.7500,-20.2500,-5.7500,-19.7604,-6.7500,-18.2499,-4.7500
1603717,Stairs,Residential Lobby Stair Landing Support,,Point,-0.0104,0.0000,0.0000,-0.0104,0.0000,-0.0104,0.0000,-18.2604,-10.4479,-11.9271,-5.2708
1607299,Railings,Glass Panel - Bottom Fill (Extension Bottom),,BBoxCenter,-15.3542,-6.7135,7.0899,-15.3542,-6.7135,-15.3542,-6.7135,-15.6354,-16.6979,-15.0729,3.2708
1607303,Railings,Glass Panel - Bottom Fill (Extension Top and Bottom),,BBoxCenter,-18.9687,-6.8958,7.0899,-18.9687,-6.8958,-18.9687,-6.8958,-19.1354,-16.6979,-18.8021,2.9062
1607309,Top Rails,"Elliptical - 1 1/2"" x 1 1/8"" (Extension Bottom)",,BBoxCenter,-15.3646,-6.7135,5.0625,-15.3646,-6.7135,-15.3646,-6.7135,-15.6354,-16.6979,-15.0937,3.2708
1607323,Top Rails,"Elliptical - 1 1/2"" x 1 1/8"" (Extension Top and Bottom)",,BBoxCenter,-19.0104,-6.8958,5.0625,-19.0104,-6.8958,-19.0104,-6.8958,-19.1354,-16.6979,-18.8854,2.9062
1607964,Railings,Glass Panel - Bottom Fill,,BBoxCenter,-6.6146,-2.1875,15.0052,-6.6146,-2.1875,-6.6146,-2.1875,-15.6354,-7.6458,2.4063,3.2708
1607968,Railings,Glass Panel - Bottom Fill (Extension Top),,BBoxCenter,-8.3542,-3.9427,15.0052,-8.3542,-3.9427,-8.3542,-3.9427,-19.1354,-11.1458,2.4271,3.2604
1607982,Top Rails,"Elliptical - 1 1/2"" x 1 1/8""",,BBoxCenter,-15.0937,-2.1875,16.3990,-15.0937,-2.1875,-15.0937,-2.1875,-15.6354,-7.6458,-14.5521,3.2708
1607998,Top Rails,"Elliptical - 1 1/2"" x 1 1/8"" (Extension Top)",,BBoxCenter,-8.3646,-4.0208,16.3959,-8.3646,-4.0208,-8.3646,-4.0208,-19.1354,-11.1458,2.4063,3.1042
1610601,Slab Edges,Lobby Stair Nosing,,BBoxCenter,-17.2604,0.4375,9.4792,-17.2604,0.4375,-17.2604,0.4375,-19.2604,-1.1042,-15.2604,1.9792
1615230,Railings,_IBC-Pipe-Plate Stringer (Guardrail),,BBoxCenter,-104.8333,41.6042,14.4375,-104.8333,41.6042,-104.8333,41.6042,-108.9583,41.4479,-100.7083,41.7604
1615363,Handrails,Pipe - Wall Mount,,BBoxCenter,-108.6841,29.1691,13.4069,-108.6841,29.1691,-108.6841,29.1691,-109.1146,23.5208,-108.2535,34.8174
1615650,Railings,_IBC-Pipe-Plate Stringer (Guardrail),,BBoxCenter,-104.8125,41.6042,6.7233,-104.8125,41.6042,-104.8125,41.6042,-108.9375,41.4479,-100.6875,41.7604
1615736,Railings,Pipe-Wall Mount,,BBoxCenter,-100.6354,31.1875,7.9525,-100.6354,31.1875,-100.6354,31.1875,-101.3715,24.4375,-99.8994,37.9375
1615881,Handrails,Pipe - Wall Mount,,BBoxCenter,-100.6354,31.1875,7.3692,-100.6354,31.1875,-100.6354,31.1875,-101.3715,24.4375,-99.8994,37.9375
1622897,Supports,"_Stringer - 1/4"" Plate",,BBoxCenter,-40.3854,39.8541,2.3125,-40.3854,39.8541,-40.3854,39.8541,-40.3958,36.9583,-40.3750,42.7499
1622898,Supports,"_Stringer - 1/4"" Plate",,BBoxCenter,-40.8958,42.7395,2.3125,-40.8958,42.7395,-40.8958,42.7395,-41.4167,42.7291,-40.3750,42.7499
1622899,Supports,"_Stringer - 1/4"" Plate",,BBoxCenter,-48.7396,40.1213,2.3125,-48.7396,40.1213,-48.7396,40.1213,-48.7500,37.4926,-48.7292,42.7499
1622900,Supports,"_Stringer - 1/4"" Plate",,BBoxCenter,-45.0521,38.0015,2.3125,-45.0521,38.0015,-45.0521,38.0015,-45.0625,37.4926,-45.0417,38.5104
1622901,Supports,"_Stringer - 1/4"" Plate",,BBoxCenter,-44.5625,38.4999,2.3125,-44.5625,38.4999,-44.5625,38.4999,-45.0625,38.4895,-44.0625,38.5104
1622902,Supports,"_Stringer - 1/4"" Plate",,BBoxCenter,-44.0729,37.7343,2.3125,-44.0729,37.7343,-44.0729,37.7343,-44.0833,36.9583,-44.0625,38.5104
1623051,Supports,"_Stringer - 1/4"" Plate",,BBoxCenter,-48.2500,42.7395,2.3125,-48.2500,42.7395,-48.2500,42.7395,-48.7500,42.7291,-47.7500,42.7499
1623144,Supports,"_Stringer - 1/4"" Plate",,BBoxCenter,-47.7604,42.8854,2.3125,-47.7604,42.8854,-47.7604,42.8854,-47.7708,42.7291,-47.7500,43.0417
1623145,Supports,"_Stringer - 1/4"" Plate",,BBoxCenter,-41.4063,42.8854,2.3125,-41.4063,42.8854,-41.4063,42.8854,-41.4167,42.7291,-41.3958,43.0417
1623273,Railings,Pipe-Wall Mount,,BBoxCenter,-40.3854,31.4583,13.0437,-40.3854,31.4583,-40.3854,31.4583,-41.1215,23.7917,-39.6494,39.1250
1623937,Handrails,Pipe - Wall Mount,,BBoxCenter,-40.5104,31.4583,12.5854,-40.5104,31.4583,-40.5104,31.4583,-40.6354,23.7917,-40.3854,39.1250
1623957,Supports,Metal - Circular,,Point,-40.5729,26.9478,9.5917,-40.5729,26.9478,-40.5729,26.9478,-40.5971,26.2117,-40.3854,27.0728
1623958,Supports,Metal - Circular,,Point,-40.3854,23.8542,10.9167,-40.3854,23.8542,-40.3854,23.8542,-40.5104,23.8300,-39.6494,24.0417
1631814,Supports,"2'-8"" Picket",,Point,-105.3021,24.5208,8.7370,-105.3021,24.5208,-105.3021,24.5208,-105.3229,24.5000,-105.2813,24.5417
1631819,Supports,"2'-8"" Picket",,Point,45.4479,-2.7708,8.7370,45.4479,-2.7708,45.4479,-2.7708,45.4271,-2.7917,45.4687,-2.7500
1631827,Supports,"2'-8"" Picket",,Point,-44.0729,24.7917,8.7370,-44.0729,24.7917,-44.0729,24.7917,-44.0938,24.7708,-44.0521,24.8125
1637282,Railings,_IBC-Pipe-Plate Stringer (Guardrail),,BBoxCenter,-44.5625,41.8542,14.5789,-44.5625,41.8542,-44.5625,41.8542,-48.6875,41.6979,-40.4375,42.0104
1637546,Handrails,Pipe - Wall Mount,,BBoxCenter,-48.4341,29.2924,13.5457,-48.4341,29.2924,-48.4341,29.2924,-48.8646,24.1042,-48.0035,34.4806
1640037,Top Rails,"_IBC-Circular - 1 1/2"" (Extension None)",,BBoxCenter,46.4271,-7.4590,14.1707,46.4271,-7.4590,46.4271,-7.4590,46.3646,-12.1473,46.4896,-2.7708
1640056,Handrails,"_IBC-Bottom Rail Circular - 1 1/2""",,BBoxCenter,46.4271,-7.4486,11.6160,46.4271,-7.4486,46.4271,-7.4486,46.3646,-12.1473,46.4896,-2.7500
1640075,Handrails,"_IBC-Handrail Circular - 1 1/2"" (Extension None)",,BBoxCenter,46.6146,-7.4590,13.6707,46.6146,-7.4590,46.6146,-7.4590,46.5521,-12.1473,46.6771,-2.7708
1643369,Floors,Stair Landing Steel Plate,,BBoxCenter,45.9375,-1.0938,8.0729,45.9375,-1.0938,45.9375,-1.0938,41.7708,-4.0417,50.1042,1.8542
1643378,Slab Edges,_Stair Landing Plate Stringer,,BBoxCenter,44.4479,-1.5266,9.2083,44.4479,-1.5266,44.4479,-1.5266,38.7708,-4.9281,50.1250,1.8750
1645681,Handrails,Pipe - Wall Mount,,BBoxCenter,49.8091,-6.9590,13.5457,49.8091,-6.9590,49.8091,-6.9590,49.3785,-12.1473,50.2396,-1.7708
1647027,Cameras,Coord - Arch Floors,,BBoxCenter,-46.4139,-75.5549,-6.1061,-46.4139,-75.5549,-46.4139,-75.5549,-115.2050,-132.8939,22.3771,-18.2159
1647049,Cameras,Coord - Arch Stairs,,BBoxCenter,8.0931,-101.1925,3.2992,8.0931,-101.1925,8.0931,-101.1925,-42.5114,-145.1081,58.6975,-57.2770
1647566,Curtain Wall Grids,Grid Line,,BBoxCenter,47.2708,-25.9167,12.0833,47.2708,-25.9167,47.2708,-25.9167,47.2708,-26.4167,47.2708,-25.4167
1647678,Curtain Panels,Glazed,,BBoxCenter,48.3958,-26.0208,9.8750,48.3958,-26.0208,48.3958,-26.0208,47.3750,-26.0625,49.4167,-25.9792
1647679,Curtain Panels,Glazed,,BBoxCenter,45.6667,-26.0208,8.4479,45.6667,-26.0208,45.6667,-26.0208,44.1667,-26.0625,47.1667,-25.9792
1647694,Curtain Wall Mullions,"2.5"" x 5"" rectangular",,Point,43.9583,-25.9167,7.4375,43.9583,-25.9167,43.9583,-25.9167,43.9583,-26.1250,44.1667,-25.7083
1647698,Curtain Wall Mullions,"2.5"" x 5"" rectangular",,Point,47.2708,-25.9167,7.4375,47.2708,-25.9167,47.2708,-25.9167,47.1667,-26.1250,47.3750,-25.7083
1648152,Curtain Panels,Glazed,,BBoxCenter,45.6667,-26.0208,10.7604,45.6667,-26.0208,45.6667,-26.0208,44.1667,-26.0625,47.1667,-25.9792
1648163,Curtain Wall Mullions,"2.5"" x 5"" rectangular",,Point,49.6250,-25.9167,9.3333,49.6250,-25.9167,49.6250,-25.9167,49.4167,-26.1250,49.6250,-25.7083
1648164,Curtain Wall Mullions,"2.5"" x 5"" rectangular",,Point,43.9583,-25.9167,9.3333,43.9583,-25.9167,43.9583,-25.9167,43.9583,-26.1250,44.1667,-25.7083
1648165,Curtain Wall Mullions,"2.5"" x 5"" rectangular",,Point,47.2708,-25.9167,9.3333,47.2708,-25.9167,47.2708,-25.9167,47.1667,-26.1250,47.3750,-25.7083
1648212,Curtain Wall Mullions,"2.5"" x 5"" rectangular",,Point,49.6250,-25.9167,12.3333,49.6250,-25.9167,49.6250,-25.9167,49.4167,-26.1250,49.6250,-25.7083
1648279,Curtain Wall Mullions,"2.5"" x 5"" rectangular",,Point,44.1667,-25.9167,9.3333,44.1667,-25.9167,44.1667,-25.9167,44.1667,-26.1250,47.1667,-25.7083
1657165,Lighting Fixtures,150W - 120V,332,Point,41.7500,-23.3750,9.0000,41.7500,-23.3750,41.7500,-23.3750,41.6034,-24.1414,43.1362,-22.6086
1657347,Lighting Fixtures,150W - 120V,333,Point,50.1250,-23.3750,9.0000,50.1250,-23.3750,50.1250,-23.3750,48.7388,-24.1414,50.2716,-22.6086
1665020,Cameras,Coord - Arch Lighting,,BBoxCenter,-66.5204,-78.1148,-3.4506,-66.5204,-78.1148,-66.5204,-78.1148,-115.1984,-137.9548,-17.8424,-18.2748
1665567,Lighting Fixtures,100W - 120V,353,Point,41.7500,-16.6250,9.0000,41.7500,-16.6250,41.7500,-16.6250,41.5011,-17.4937,43.2385,-15.7563
1665569,Lighting Fixtures,100W - 120V,354,Point,50.1250,-16.6250,9.0000,50.1250,-16.6250,50.1250,-16.6250,48.6365,-17.4937,50.3739,-15.7563
1666728,Lighting Fixtures,100W - 120V,372,Point,-48.7500,39.7395,9.0000,-48.7500,39.7395,-48.7500,39.7395,-48.9989,38.8709,-47.2615,40.6082
1667854,Lighting Fixtures,100W - 120V,384,Point,-40.3750,39.7395,9.0000,-40.3750,39.7395,-40.3750,39.7395,-41.8635,38.8709,-40.1261,40.6082
1668628,Lighting Fixtures,100W - 120V,420,Point,-109.0000,39.7395,10.2083,-109.0000,39.7395,-109.0000,39.7395,-109.2489,38.8709,-107.5115,40.6082
1668645,Lighting Fixtures,100W - 120V,432,Point,-100.6250,39.7395,10.2083,-100.6250,39.7395,-100.6250,39.7395,-102.1135,38.8709,-100.3761,40.6082
1673837,Walls,"Chase - GWB & Metal Stud 3 1/8""",,CurveMidpt,-90.1146,21.4115,-5.9167,-90.1146,21.4115,-90.1146,21.4115,-90.3073,21.2813,-89.7917,21.5417
1673921,Walls,"Chase - GWB & Metal Stud 3 1/8""",,CurveMidpt,-89.9219,20.7865,-5.9167,-89.9219,20.7865,-89.9219,20.7865,-90.0521,20.1615,-89.7917,21.4115
1677357,Walls,"Exterior - 12 5/8"" Rainscreen w Insultation on Metal Stud",,CurveMidpt,51.4059,-27.9052,0.0000,51.4059,-27.9052,51.4059,-27.9052,50.7068,-28.9648,52.0305,-26.6250
1694218,Slab Edges,_Stair Landing Plate Stringer,,BBoxCenter,44.4479,-1.5097,9.1979,44.4479,-1.5097,44.4479,-1.5097,38.7708,-4.8944,50.1250,1.8750
1699539,Columns,"24""D x 24""W",,Point,-110.5000,2.5000,0.0000,-110.5000,2.5000,-110.5000,2.5000,-111.3333,1.5000,-109.3333,3.5000
1700768,Walls,Storefront,,CurveMidpt,-70.3646,8.9792,-5.9167,-70.3646,8.9792,-70.3646,8.9792,-90.4792,8.4792,-50.2500,9.4792
1700773,Curtain Wall Grids,Grid Line,,BBoxCenter,-85.0768,8.9792,12.0833,-85.0768,8.9792,-85.0768,8.9792,-85.0768,8.4792,-85.0768,9.4792
1700775,Curtain Wall Grids,Grid Line,,BBoxCenter,-80.1016,8.9792,12.0833,-80.1016,8.9792,-80.1016,8.9792,-80.1016,8.4792,-80.1016,9.4792
1700777,Curtain Wall Grids,Grid Line,,BBoxCenter,-75.1263,8.9792,12.0833,-75.1263,8.9792,-75.1263,8.9792,-75.1263,8.4792,-75.1263,9.4792
1700779,Curtain Wall Grids,Grid Line,,BBoxCenter,-70.1510,8.9792,12.0833,-70.1510,8.9792,-70.1510,8.9792,-70.1510,8.4792,-70.1510,9.4792
1700781,Curtain Wall Grids,Grid Line,,BBoxCenter,-65.1758,8.9792,12.0833,-65.1758,8.9792,-65.1758,8.9792,-65.1758,8.4792,-65.1758,9.4792
1700783,Curtain Wall Grids,Grid Line,,BBoxCenter,-60.2005,8.9792,12.0833,-60.2005,8.9792,-60.2005,8.9792,-60.2005,8.4792,-60.2005,9.4792
1700785,Curtain Wall Grids,Grid Line,,BBoxCenter,-55.2253,8.9792,12.0833,-55.2253,8.9792,-55.2253,8.9792,-55.2253,8.4792,-55.2253,9.4792
1700788,Curtain Panels,Glazed,,BBoxCenter,-87.5124,8.8750,4.2604,-87.5124,8.8750,-87.5124,8.8750,-89.8438,8.8333,-85.1810,8.9167
1700789,Curtain Panels,Glazed,,BBoxCenter,-82.5892,8.8750,4.2604,-82.5892,8.8750,-82.5892,8.8750,-84.9727,8.8333,-80.2057,8.9167
1700790,Curtain Panels,Glazed,,BBoxCenter,-77.6139,8.8750,4.2604,-77.6139,8.8750,-77.6139,8.8750,-79.9974,8.8333,-75.2305,8.9167
1700791,Curtain Panels,Glazed,,BBoxCenter,-72.6387,8.8750,4.2604,-72.6387,8.8750,-72.6387,8.8750,-75.0221,8.8333,-70.2552,8.9167
1700792,Curtain Panels,Glazed,,BBoxCenter,-67.6634,8.8750,4.2604,-67.6634,8.8750,-67.6634,8.8750,-70.0469,8.8333,-65.2799,8.9167
1700793,Curtain Panels,Glazed,,BBoxCenter,-62.6882,8.8750,4.2604,-62.6882,8.8750,-62.6882,8.8750,-65.0716,8.8333,-60.3047,8.9167
1700794,Curtain Panels,Glazed,,BBoxCenter,-57.7129,8.8750,4.2604,-57.7129,8.8750,-57.7129,8.8750,-60.0964,8.8333,-55.3294,8.9167
1700795,Curtain Panels,Glazed,,BBoxCenter,-52.7897,8.8750,4.2604,-52.7897,8.8750,-52.7897,8.8750,-55.1211,8.8333,-50.4583,8.9167
1700803,Curtain Wall Mullions,"2.5"" x 5"" rectangular",,Point,-50.2500,8.9792,0.8333,-50.2500,8.9792,-50.2500,8.9792,-50.4583,8.7708,-50.2500,9.1875
1700819,Curtain Wall Mullions,"2.5"" x 5"" rectangular",,Point,-85.0768,8.9792,0.8333,-85.0768,8.9792,-85.0768,8.9792,-85.1810,8.7708,-84.9727,9.1875
1700820,Curtain Wall Mullions,"2.5"" x 5"" rectangular",,Point,-80.1016,8.9792,0.8333,-80.1016,8.9792,-80.1016,8.9792,-80.2057,8.7708,-79.9974,9.1875
1700821,Curtain Wall Mullions,"2.5"" x 5"" rectangular",,Point,-75.1263,8.9792,0.8333,-75.1263,8.9792,-75.1263,8.9792,-75.2305,8.7708,-75.0221,9.1875
1700822,Curtain Wall Mullions,"2.5"" x 5"" rectangular",,Point,-70.1510,8.9792,0.8333,-70.1510,8.9792,-70.1510,8.9792,-70.2552,8.7708,-70.0469,9.1875
1700823,Curtain Wall Mullions,"2.5"" x 5"" rectangular",,Point,-65.1758,8.9792,0.8333,-65.1758,8.9792,-65.1758,8.9792,-65.2799,8.7708,-65.0716,9.1875
1700824,Curtain Wall Mullions,"2.5"" x 5"" rectangular",,Point,-60.2005,8.9792,0.8333,-60.2005,8.9792,-60.2005,8.9792,-60.3047,8.7708,-60.0964,9.1875
1700825,Curtain Wall Mullions,"2.5"" x 5"" rectangular",,Point,-55.2253,8.9792,0.8333,-55.2253,8.9792,-55.2253,8.9792,-55.3294,8.7708,-55.1211,9.1875
1700835,Curtain Wall Mullions,"2.5"" x 5"" rectangular",,Point,-90.0521,8.9792,8.8333,-90.0521,8.9792,-90.0521,8.9792,-90.0521,8.7708,-89.8438,9.1875
1919205,Walls,"Exterior - 12 5/8"" Rainscreen w Insultation on Metal Stud",,CurveMidpt,11.4591,42.2240,8.0833,11.4591,42.2240,11.4591,42.2240,-39.3750,41.6979,62.8931,42.7500
1919693,Railings,Handrail - Balcony,,BBoxCenter,13.1563,44.7760,9.4167,13.1563,44.7760,13.1563,44.7760,8.9063,42.7188,17.4063,46.8333
1919695,Top Rails,"Rectangular - 2"" x 2""",,BBoxCenter,13.1563,44.7917,10.8333,13.1563,44.7917,13.1563,44.7917,8.9063,42.7500,17.4063,46.8333
1919707,Floors,"Concrete Slab 4""",,BBoxCenter,13.1563,44.7500,7.7500,13.1563,44.7500,13.1563,44.7500,8.9896,42.7500,17.3229,46.7500
1919712,Slab Edges,_Balcony C Channel,,BBoxCenter,14.5525,44.8537,9.0417,14.5525,44.8537,14.5525,44.8537,8.7821,42.7500,20.3229,46.9575
1919725,Specialty Equipment,Balcony Wall Brace,,Point,8.9658,42.2240,7.1464,8.9658,42.2240,8.9658,42.2240,8.6325,42.7500,9.0823,46.1204
1919726,Specialty Equipment,Balcony Wall Brace,,Point,17.3467,42.2240,7.2500,17.3467,42.2240,17.3467,42.2240,17.2302,42.7500,17.6800,46.1204
1919729,Model Groups,Live Work - Balcony,,Point,13.0885,42.7500,8.0833,13.0885,42.7500,13.0885,42.7500,8.1325,38.6563,20.8229,47.4575
1919944,Doors,"36"" x 89"" (90 MIN)",205D,Point,11.0729,42.2240,8.0833,11.0729,42.2240,11.0729,42.2240,9.3438,39.1563,12.7396,42.7917
1962606,Cameras,Coord - Arch Roofs,,BBoxCenter,-46.4139,-75.5549,-6.1061,-46.4139,-75.5549,-46.4139,-75.5549,-115.2050,-132.8939,22.3771,-18.2159
2011537,Walls,"Chase - GWB & Metal Stud 3 1/8""",,CurveMidpt,-49.9740,9.6615,-5.9167,-49.9740,9.6615,-49.9740,9.6615,-50.6042,9.5313,-49.5208,9.7917
2024037,Elevations,Elevation 2,,BBoxCenter,71.3355,9.3183,-5.9167,71.3355,9.3183,71.3355,9.3183,68.2135,6.1963,74.4574,12.4403
2024038,Views,East,,BBoxCenter,70.8114,10.0117,-5.9167,70.8114,10.0117,70.8114,10.0117,69.0401,7.0229,72.5827,13.0006
2033509,Generic Models,"10"" Trebuchet MS",,Point,14.9166,-30.5677,8.0833,14.9166,-30.5677,14.9166,-30.5677,13.3731,-30.6510,16.4601,-30.5677
2033525,Generic Models,"10"" Trebuchet MS",,Point,33.2499,-30.5677,8.0833,33.2499,-30.5677,33.2499,-30.5677,30.9055,-30.6510,35.5943,-30.5677
2033670,Cameras,Camera in Stair 3 - Parking Level,,BBoxCenter,35.1650,15.8680,-8.3086,35.1650,15.8680,35.1650,15.8680,6.0286,-19.0432,64.3014,50.7791
2034578,Curtain Panels,Glazed,,BBoxCenter,58.1339,-28.2935,11.7431,58.1339,-28.2935,58.1339,-28.2935,56.6000,-28.5361,59.6678,-28.0510
2034579,Curtain Panels,Glazed,,BBoxCenter,61.2528,-27.8829,11.7431,61.2528,-27.8829,61.2528,-27.8829,59.8635,-28.1064,62.6421,-27.6594
2034580,Curtain Panels,Glazed,,BBoxCenter,64.3718,-27.4723,11.7431,64.3718,-27.4723,64.3718,-27.4723,62.8378,-27.7149,65.9057,-27.2298
2034599,Curtain Wall Mullions,"2.5"" x 5"" rectangular",,Point,69.4187,-26.7028,11.2986,69.4187,-26.7028,69.4187,-26.7028,69.1850,-26.9365,69.4459,-26.4963
2034600,Curtain Wall Mullions,"2.5"" x 5"" rectangular",,Point,53.0599,-28.8565,11.2986,53.0599,-28.8565,53.0599,-28.8565,53.0327,-29.0630,53.2936,-28.6227
2034603,Curtain Wall Mullions,"2.5"" x 5"" rectangular",,Point,62.7264,-27.5839,11.2986,62.7264,-27.5839,62.7264,-27.5839,59.7248,-28.1820,62.7536,-27.3773
2034606,Curtain Wall Mullions,"2.5"" x 6.25"" rectangular",,Point,56.4886,-28.4051,11.2986,56.4886,-28.4051,56.4886,-28.4051,56.3459,-28.6356,56.6204,-28.0920
2034607,Curtain Wall Mullions,"2.5"" x 5"" rectangular",,Point,59.7520,-27.9754,11.4028,59.7520,-27.9754,59.7520,-27.9754,59.6216,-28.1956,59.8825,-27.7553
2034608,Curtain Wall Mullions,"2.5"" x 5"" rectangular",,Point,62.7264,-27.5839,11.4028,62.7264,-27.5839,62.7264,-27.5839,62.5959,-27.8040,62.8568,-27.3637
2034609,Curtain Wall Mullions,"2.5"" x 6.25"" rectangular",,Point,65.9900,-27.1542,11.2986,65.9900,-27.1542,65.9900,-27.1542,65.8473,-27.3847,66.1218,-26.8411
2034676,Curtain Wall Mullions,"2.5"" x 5"" rectangular",,Point,59.7520,-27.9754,11.2986,59.7520,-27.9754,59.7520,-27.9754,56.5647,-28.5980,59.7792,-27.7689
2034688,Curtain Wall Mullions,"2.5"" x 5"" rectangular",,Point,65.8867,-27.1678,11.2986,65.8867,-27.1678,65.8867,-27.1678,62.6992,-27.7904,65.9139,-26.9613
2034755,Generic Models,"10"" Trebuchet MS",,Point,58.9483,-28.2283,9.9932,58.9483,-28.2283,58.9483,-28.2283,58.9483,-28.3110,63.5790,-27.6201
2035476,Views,Block 37 - Existing to New,,BBoxCenter,-40.6587,-27.1894,9.5000,-40.6587,-27.1894,-40.6587,-27.1894,-43.7322,-38.5008,-37.5851,-15.8780
2035492,Views,Block 39 - Existing to New,,BBoxCenter,1.6018,-29.4576,9.5000,1.6018,-29.4576,1.6018,-29.4576,-1.4718,-39.5765,4.6753,-19.3387
2035510,Views,Block 41 - Existing to New,,BBoxCenter,27.5321,-30.4247,9.5000,27.5321,-30.4247,27.5321,-30.4247,24.4585,-42.0449,30.6056,-18.8045
2035758,Views,Block 43 - Existing to New,,BBoxCenter,64.0309,-27.0319,9.5000,64.0309,-27.0319,64.0309,-27.0319,61.0842,-38.4026,66.9777,-15.6612
2035775,Views,Block 35 - Solar Wall,,BBoxCenter,-77.0818,-9.3043,9.5000,-77.0818,-9.3043,-77.0818,-9.3043,-83.6390,-21.7109,-70.5245,3.1024
2067066,Walls,"Interior - 7 1/4"" Partition (NR)",,CurveMidpt,-15.1667,20.2344,8.0833,-15.1667,20.2344,-15.1667,20.2344,-15.4687,18.6146,-14.8646,21.5521
2067389,Walls,"Interior - 7 1/4"" Partition (NR)",,CurveMidpt,28.1797,13.0625,8.0833,28.1797,13.0625,28.1797,13.0625,23.1979,12.7604,33.2604,13.3646
2067725,Walls,"Interior - 7 1/4"" Partition (NR)",,CurveMidpt,-37.0130,-2.0625,8.0833,-37.0130,-2.0625,-37.0130,-2.0625,-42.0938,-2.3646,-32.2344,-1.7604
2075508,Wall Sweeps,Base_Simple,,BBoxCenter,-27.6276,20.9818,8.2604,-27.6276,20.9818,-27.6276,20.9818,-27.6510,20.6563,-27.6042,21.3073
2076994,Cameras,Camera - Unit 304 - Toward Core,,BBoxCenter,-45.1612,-10.7294,24.9434,-45.1612,-10.7294,-45.1612,-10.7294,-81.9902,-61.4945,-8.3323,40.0357
2079112,Columns,"24""D x 24""W",,Point,41.2500,41.4583,0.0000,41.2500,41.4583,41.2500,41.4583,40.2500,40.4583,42.2500,42.4583
2079140,Columns,"24""D x 24""W",,Point,23.9167,41.4583,0.0000,23.9167,41.4583,23.9167,41.4583,22.9167,40.4583,24.9167,42.4583
2079927,Walls,"Chase - GWB & Metal Stud 4 1/4""",,CurveMidpt,63.4327,0.8333,0.0000,63.4327,0.8333,63.4327,0.8333,63.2557,-1.8333,63.6098,3.5000
2079928,Walls,"Chase - GWB & Metal Stud 4 1/4""",,CurveMidpt,65.4237,3.3229,0.0000,65.4237,3.3229,65.4237,3.3229,63.4327,3.1458,67.4147,3.5000
2080024,Walls,"Chase - GWB & Metal Stud 4 1/4""",,CurveMidpt,65.7515,-1.6563,0.0000,65.7515,-1.6563,65.7515,-1.6563,63.4327,-1.8333,68.0702,-1.4792
2091697,Wall Sweeps,Base_Simple,,BBoxCenter,18.4870,17.9271,8.2604,18.4870,17.9271,18.4870,17.9271,17.3802,13.1667,19.5938,22.6875
2091698,Wall Sweeps,Base_Simple,,BBoxCenter,26.4271,13.8880,8.2604,26.4271,13.8880,26.4271,13.8880,17.3802,12.7135,35.4740,15.0625
2091699,Wall Sweeps,Base_Simple,,BBoxCenter,34.3672,17.9271,8.2604,34.3672,17.9271,34.3672,17.9271,33.2604,13.1667,35.4740,22.6875
2091700,Wall Sweeps,Base_Simple,,BBoxCenter,26.4271,22.6875,8.2604,26.4271,22.6875,26.4271,22.6875,17.3802,22.2344,35.4740,23.1406
2091701,Wall Sweeps,Base_Simple,,BBoxCenter,22.2188,21.1667,8.2604,22.2188,21.1667,22.2188,21.1667,20.1979,20.0729,24.2396,22.2604
2095175,Wall Sweeps,Base_Simple,,BBoxCenter,-35.2604,-2.9870,8.2604,-35.2604,-2.9870,-35.2604,-2.9870,-44.3073,-4.2604,-26.2135,-1.7135
2095176,Wall Sweeps,Base_Simple,,BBoxCenter,-27.3203,-7.1302,8.2604,-27.3203,-7.1302,-27.3203,-7.1302,-28.4271,-12.0937,-26.2135,-2.1667
2095177,Wall Sweeps,Base_Simple,,BBoxCenter,-43.2005,-6.9271,8.2604,-43.2005,-6.9271,-43.2005,-6.9271,-44.3073,-12.0937,-42.0938,-1.7604
2095180,Wall Sweeps,Base_Simple,,BBoxCenter,-29.0833,-11.2839,8.2604,-29.0833,-11.2839,-29.0833,-11.2839,-29.1354,-11.3073,-29.0313,-11.2604
2115580,Floors,Finish Floor - Laminate,,BBoxCenter,-30.0052,25.4531,7.8333,-30.0052,25.4531,-30.0052,25.4531,-39.3750,9.1563,-20.6354,41.7500
2115625,Floors,Finish Floor - Polished Concrete (Brown),,BBoxCenter,-34.7604,13.7344,7.8333,-34.7604,13.7344,-34.7604,13.7344,-39.3750,9.1563,-30.1458,18.3125
2115674,Floors,Finish Floor - Laminate,,BBoxCenter,-8.3333,25.4531,7.8333,-8.3333,25.4531,-8.3333,25.4531,-19.8646,9.1563,3.1979,41.7500
2115683,Floors,Finish Floor - Polished Concrete (Brown),,BBoxCenter,-10.1771,13.9115,7.8333,-10.1771,13.9115,-10.1771,13.9115,-15.1146,9.1563,-5.2396,18.6667
2115859,Floors,Finish Floor - Laminate,,BBoxCenter,22.4167,25.4531,7.8333,22.4167,25.4531,22.4167,25.4531,3.9688,9.1562,40.8646,41.7500
2115971,Floors,Finish Floor - Polished Concrete (Brown),,BBoxCenter,26.4271,17.5104,7.8333,26.4271,17.5104,26.4271,17.5104,20.1458,13.3125,32.7083,21.7083
2117477,Cameras,Coord - Arch Floors & Walls,,BBoxCenter,-46.4139,-75.5549,-6.1061,-46.4139,-75.5549,-46.4139,-75.5549,-115.2050,-132.8939,22.3771,-18.2159
2120094,Stairs,Stair,,BBoxCenter,-38.1146,46.1979,-2.9667,-38.1146,46.1979,-38.1146,46.1979,-44.1146,44.1979,-32.1146,48.1979
2121345,Views,Transverse Section - Stair 1,,BBoxCenter,-102.0245,11.1909,9.5000,-102.0245,11.1909,-102.0245,11.1909,-105.1025,-44.4184,-98.9465,66.8001
2121395,Views,Transverse Section - Elevator 1,,BBoxCenter,-96.0245,11.1909,9.5000,-96.0245,11.1909,-96.0245,11.1909,-99.1025,-44.4184,-92.9465,66.8001
2121412,Views,Transverse Section - Commercial - Grid 3,,BBoxCenter,-74.0245,11.1909,9.5000,-74.0245,11.1909,-74.0245,11.1909,-77.1025,-44.4184,-70.9465,66.8001
2121425,Views,Transverse Section - Commercial - Mezzanine Stair,,BBoxCenter,-52.0245,11.1909,9.5000,-52.0245,11.1909,-52.0245,11.1909,-55.1025,-44.4184,-48.9465,66.8001
2121440,Views,Transverse Section - Stair 2,,BBoxCenter,-42.5245,11.1909,9.5000,-42.5245,11.1909,-42.5245,11.1909,-45.6025,-44.4184,-39.4465,66.8001
2121736,Views,Transverse Section - Retail/Residential - Grid 5,,BBoxCenter,-24.5245,11.1909,9.5000,-24.5245,11.1909,-24.5245,11.1909,-27.6025,-44.4184,-21.4465,66.8001
2121835,Views,Transverse Section - Retail Lobby Stair,,BBoxCenter,-12.7745,11.1909,9.5000,-12.7745,11.1909,-12.7745,11.1909,-15.8525,-44.4184,-9.6965,66.8001
2121850,Views,Transverse Section - Elevator 2,,BBoxCenter,-0.0245,11.1909,9.5000,-0.0245,11.1909,-0.0245,11.1909,-3.1025,-44.4184,3.0535,66.8001
2121893,Views,Transverse Section - Retail/Residential - Grid 7,,BBoxCenter,13.4755,11.1909,9.5000,13.4755,11.1909,13.4755,11.1909,10.3975,-44.4184,16.5535,66.8001
2121925,Views,Transverse Section - Stair 3,,BBoxCenter,48.4755,11.1909,9.5000,48.4755,11.1909,48.4755,11.1909,45.3975,-44.4184,51.5535,66.8001
2121938,Views,Transverse Section - Retail/Residential - Grid 9,,BBoxCenter,57.4755,11.1909,9.5000,57.4755,11.1909,57.4755,11.1909,54.3975,-44.4184,60.5535,66.8001
2123753,Views,Transverse Section - Retail/Residential - Grid 8,,BBoxCenter,31.4755,11.1909,9.5000,31.4755,11.1909,31.4755,11.1909,28.3975,-44.4184,34.5535,66.8001
2140164,Columns,"24""D x 24""W",,Point,-70.0000,19.2083,0.0000,-70.0000,19.2083,-70.0000,19.2083,-71.0000,18.2604,-69.0000,20.2604
2140736,Floors,Finish Floor - Laminate,,BBoxCenter,-34.8594,-12.6656,7.8333,-34.8594,-12.6656,-34.8594,-12.6656,-49.0833,-27.6750,-20.6354,2.3438
2140751,Floors,Finish Floor - Polished Concrete (Brown),,BBoxCenter,-35.0104,-6.5104,7.8333,-35.0104,-6.5104,-35.0104,-6.5104,-41.5417,-10.7083,-28.4792,-2.3125
2140760,Cameras,Camera - Commercial Space L3,,BBoxCenter,-136.7890,-50.4461,37.7500,-136.7890,-50.4461,-136.7890,-50.4461,-221.4838,-141.4597,-52.0942,40.5675
2140770,Cameras,Camera - Commercial Space L4,,BBoxCenter,-136.7890,-50.4461,49.8333,-136.7890,-50.4461,-136.7890,-50.4461,-221.4838,-141.4597,-52.0942,40.5675
2144393,Walls,Soffit - Beam Wrap (Both Sides),,CurveMidpt,-80.3958,19.2083,5.5000,-80.3958,19.2083,-80.3958,19.2083,-89.7917,18.7708,-71.0000,19.6458
2144394,Walls,"Soffit - Beam Wrap 10 1/2"" (Two Sides)",,CurveMidpt,-95.4818,41.4388,5.5000,-95.4818,41.4388,-95.4818,41.4388,-99.3490,41.0013,-91.6146,41.7721
2144395,Walls,"Soffit - Beam Wrap 10 1/2"" (Two Sides)",,CurveMidpt,-80.3958,41.4388,5.5000,-80.3958,41.4388,-80.3958,41.4388,-89.9687,41.0013,-70.8229,41.7721
2144396,Walls,"Soffit - Beam Wrap 10 1/2"" (Two Sides)",,CurveMidpt,-64.0521,41.4388,5.5000,-64.0521,41.4388,-64.0521,41.4388,-69.1771,41.0013,-58.9271,41.7721
2144397,Walls,Soffit - Beam Wrap (Both Sides),,CurveMidpt,-59.7135,19.2083,5.5000,-59.7135,19.2083,-59.7135,19.2083,-69.0000,18.7708,-50.4271,19.6458
2144398,Walls,Soffit - Beam Wrap (Both Sides),,CurveMidpt,-95.6432,19.2083,5.5000,-95.6432,19.2083,-95.6432,19.2083,-99.4948,18.8750,-91.7917,19.6458
2177792,Rooms,Mezzanine Dining 200,,Point,-74.9567,26.7680,8.0833,-74.9567,26.7680,-74.9567,26.7680,-99.3646,18.7708,-57.6667,41.6979
2184042,Generic Models,"10"" Trebuchet MS",,Point,-8.7505,-31.5083,11.6229,-8.7505,-31.5083,-8.7505,-31.5083,-13.0971,-31.5916,-4.4039,-31.5083
2224497,Walls,"Interior - 7 1/4"" Partition (NR)",,CurveMidpt,-29.8958,15.9688,8.0833,-29.8958,15.9688,-29.8958,15.9688,-30.1979,13.3750,-29.5938,18.5625
2224950,Wall Sweeps,Base_Simple,,BBoxCenter,-28.5078,17.4922,8.2604,-28.5078,17.4922,-28.5078,17.4922,-29.8646,13.6771,-27.1510,21.3073
2225755,Walls,"Interior - 7 1/4"" Partition (NR)",,CurveMidpt,-28.6484,13.3750,8.0833,-28.6484,13.3750,-28.6484,13.3750,-29.8958,13.0729,-27.1979,13.6771
2225756,Wall Sweeps,Base_Simple,,BBoxCenter,-28.3958,11.1667,8.2604,-28.3958,11.1667,-28.3958,11.1667,-29.5938,9.2604,-27.1979,13.0729
2233274,Columns,"24""D x 24""W",,Point,-70.0000,41.4583,-0.0000,-70.0000,41.4583,-70.0000,41.4583,-71.0000,40.4583,-69.0000,42.4583
2233722,Columns,"24""D x 24""W",,Point,-70.0000,41.4583,-0.0000,-70.0000,41.4583,-70.0000,41.4583,-71.0000,40.4583,-69.0000,42.4583
2233773,Columns,"24""D x 24""W",,Point,-90.7917,41.4583,0.0000,-90.7917,41.4583,-90.7917,41.4583,-91.7917,40.4583,-89.7917,42.4583
2233774,Columns,"24""D x 24""W",,Point,-90.7917,41.4583,0.0000,-90.7917,41.4583,-90.7917,41.4583,-91.7917,40.4583,-89.7917,42.4583
2234674,Runs,"3/4"" Nosing",,BBoxCenter,-38.1146,46.1979,-2.7208,-38.1146,46.1979,-38.1146,46.1979,-44.1146,44.1979,-32.1146,48.1979
2235181,Railings,_IBC-Pipe-Plate Stringer (Extension Top and Bottom),,BBoxCenter,-37.1146,44.4583,3.0833,-37.1146,44.4583,-37.1146,44.4583,-44.1146,44.3021,-30.1146,44.6146
2235281,Top Rails,"_IBC-Circular - 1 1/2"" (Extension Top and Bottom)",,BBoxCenter,-37.0729,44.3646,-1.3000,-37.0729,44.3646,-37.0729,44.3646,-43.3646,44.3021,-30.7813,44.4271
2235296,Handrails,"_IBC-Bottom Rail Circular - 1 1/2""",,BBoxCenter,-37.1146,44.3646,-2.2505,-37.1146,44.3646,-37.1146,44.3646,-43.3646,44.3021,-30.8646,44.4271
2235310,Handrails,"_IBC-Handrail Circular - 1 1/2"" (Extension Top and Bottom)",,BBoxCenter,-37.1146,44.5521,-1.5500,-37.1146,44.5521,-37.1146,44.5521,-44.1146,44.4896,-30.1146,44.6146
2235467,Supports,"2'-8"" Picket",,Point,-40.3743,44.3646,-0.7103,-40.3743,44.3646,-40.3743,44.3646,-40.3952,44.3438,-40.3535,44.3854
2235468,Supports,"2'-8"" Picket",,Point,-40.6707,44.3646,-0.5646,-40.6707,44.3646,-40.6707,44.3646,-40.6915,44.3438,-40.6498,44.3854
2235469,Supports,"2'-8"" Picket",,Point,-40.9670,44.3646,-0.4189,-40.9670,44.3646,-40.9670,44.3646,-40.9878,44.3438,-40.9462,44.3854
2235470,Supports,"2'-8"" Picket",,Point,-41.2633,44.3646,-0.2732,-41.2633,44.3646,-41.2633,44.3646,-41.2842,44.3438,-41.2425,44.3854
2235471,Supports,"2'-8"" Picket",,Point,-41.5597,44.3646,-0.1275,-41.5597,44.3646,-41.5597,44.3646,-41.5805,44.3438,-41.5388,44.3854
2235472,Supports,"2'-8"" Picket",,Point,-41.8560,44.3646,0.0182,-41.8560,44.3646,-41.8560,44.3646,-41.8769,44.3438,-41.8352,44.3854
2235473,Supports,"2'-8"" Picket",,Point,-42.1524,44.3646,0.1639,-42.1524,44.3646,-42.1524,44.3646,-42.1732,44.3438,-42.1315,44.3854
2235474,Supports,"2'-8"" Picket",,Point,-42.4487,44.3646,0.3096,-42.4487,44.3646,-42.4487,44.3646,-42.4695,44.3438,-42.4279,44.3854
2235475,Supports,"2'-8"" Picket",,Point,-42.7450,44.3646,0.4553,-42.7450,44.3646,-42.7450,44.3646,-42.7659,44.3438,-42.7242,44.3854
2235476,Supports,"2'-8"" Picket",,Point,-43.0414,44.3646,0.6010,-43.0414,44.3646,-43.0414,44.3646,-43.0622,44.3438,-43.0205,44.3854
2235477,Supports,"2'-8"" Picket",,Point,-43.3646,44.3646,0.6370,-43.3646,44.3646,-43.3646,44.3646,-43.3854,44.3438,-43.3438,44.3854
2235608,Railings,_IBC-Pipe-Plate Stringer (Extension Bottom),,BBoxCenter,-39.9375,46.1354,3.0833,-39.9375,46.1354,-39.9375,46.1354,-49.7604,44.1771,-30.1146,48.0938
2235613,Top Rails,"_IBC-Circular - 1 1/2"" (Extension Bottom)",,BBoxCenter,-40.2708,46.1458,-1.3000,-40.2708,46.1458,-40.2708,46.1458,-49.7604,44.1979,-30.7813,48.0938
2235628,Handrails,"_IBC-Bottom Rail Circular - 1 1/2""",,BBoxCenter,-40.3125,46.1458,-2.2505,-40.3125,46.1458,-40.3125,46.1458,-49.7604,44.1979,-30.8646,48.0938
2235642,Handrails,"_IBC-Handrail Circular - 1 1/2"" (Extension Bottom)",,BBoxCenter,-39.8438,46.0521,-1.5500,-39.8438,46.0521,-39.8438,46.0521,-49.5729,44.1979,-30.1146,47.9063
2236111,Shaft Openings,Opening Cut,,BBoxCenter,65.5631,0.8333,8.0833,65.5631,0.8333,65.5631,0.8333,63.6098,-1.4792,67.5163,3.1458
2238597,Floors,"Concrete Slab 6""",,BBoxCenter,-46.7484,46.1979,-0.2667,-46.7484,46.1979,-46.7484,46.1979,-49.8646,44.1979,-43.6323,48.1979
2239021,Cameras,Camera - Exterior Street View (Hidden),,BBoxCenter,-26.1040,-63.9239,36.5045,-26.1040,-63.9239,-26.1040,-63.9239,-116.8507,-121.0847,64.6427,-6.7631
2239073,Generic Models,"18"" Trebuchet MS",,Point,-108.0267,18.2604,7.0833,-108.0267,18.2604,-108.0267,18.2604,-108.0267,18.1771,-92.3789,18.2604
2239127,Plumbing Fixtures,"19"" x 19""",212,Point,26.1510,20.3560,8.0833,26.1510,20.3560,26.1510,20.3560,25.3594,19.8437,26.9427,21.4271
2239128,Plumbing Fixtures,"19"" x 19""",213,Point,28.9010,20.3560,8.0833,28.9010,20.3560,28.9010,20.3560,28.1094,19.8437,29.6927,21.4271
2239129,Casework,"72""",,Point,27.6458,21.6562,8.0833,27.6458,21.6562,27.6458,21.6562,24.6458,18.4292,30.6458,21.6562
2239213,Casework,"72""",,Point,32.6563,21.6562,8.0833,32.6563,21.6562,32.6563,21.6562,24.6458,19.5729,32.6563,21.6562
2248379,Cameras,3D (Shaded) Uncropped,,BBoxCenter,-722.8520,-2323.4312,978.1812,-722.8520,-2323.4312,-722.8520,-2323.4312,-1422.8924,-4641.0900,-22.8116,-5.7724
2259040,Shaft Openings,Opening Cut,,BBoxCenter,-109.9271,31.2292,8.0833,-109.9271,31.2292,-109.9271,31.2292,-110.5000,19.7083,-109.3542,42.7500
2278209,Wall Sweeps,Base_Simple,,BBoxCenter,32.6328,22.7005,8.2604,32.6328,22.7005,32.6328,22.7005,32.6094,22.2604,32.6563,23.1406
2281264,Wall Sweeps,Base_Simple,,BBoxCenter,-28.3958,13.7005,8.2604,-28.3958,13.7005,-28.3958,13.7005,-29.5938,13.6771,-27.1979,13.7240
2304725,Cameras,Walkthrough Lobby Stair,,BBoxCenter,-31.5478,-56.3579,4.5948,-31.5478,-56.3579,-31.5478,-56.3579,-100.4153,-119.9662,37.3197,7.2504
2306133,Views,Residential Lobby - North,,BBoxCenter,-8.4379,-10.2015,-5.9167,-8.4379,-10.2015,-8.4379,-10.2015,-9.8521,-12.3030,-7.0237,-8.1000
2331168,Shaft Openings,Opening Cut,,BBoxCenter,6.4948,12.7917,8.0833,6.4948,12.7917,6.4948,12.7917,4.0729,12.2969,8.9167,13.2865
2331649,Views,Residential Lobby - West,,BBoxCenter,-10.3512,-12.3030,-5.9167,-10.3512,-12.3030,-10.3512,-12.3030,-12.2645,-13.7172,-8.4379,-10.8888
2331658,Views,Residential Lobby - East,,BBoxCenter,-6.5246,-12.3030,-5.9167,-6.5246,-12.3030,-6.5246,-12.3030,-8.4379,-13.7172,-4.6113,-10.8888
2351694,Elevations,Elevation 4,,BBoxCenter,-30.8760,62.8284,0.0000,-30.8760,62.8284,-30.8760,62.8284,-34.0000,59.8284,-27.7519,65.8284
2351695,Views,Existing North,,BBoxCenter,-30.0000,62.4142,0.0000,-30.0000,62.4142,-30.0000,62.4142,-32.8284,61.0000,-27.1716,63.8284
2351705,Elevations,Elevation 2,,BBoxCenter,-30.8835,-48.8284,0.0000,-30.8835,-48.8284,-30.8835,-48.8284,-34.0000,-51.8284,-27.7669,-45.8284
2351706,Views,Existing South,,BBoxCenter,-30.0000,-46.4142,0.0000,-30.0000,-46.4142,-30.0000,-46.4142,-32.8284,-47.8284,-27.1716,-45.0000
2356457,Views,Typical Stair - Railing Transition,,BBoxCenter,-44.5204,26.7449,9.5000,-44.5204,26.7449,-44.5204,26.7449,-52.5319,24.0811,-36.5089,29.4087
2403932,RVT Links,Snowdon Towers Sample Facades.rvt : 16 : location <Not Shared>,16,BBoxCenter,11.5201,-0.1175,14.1182,11.5201,-0.1175,11.5201,-0.1175,-49.8854,-31.8850,72.9256,31.6500
2405095,Grids,NE Corner,,BBoxCenter,62.7546,44.0625,12.0833,62.7546,44.0625,62.7546,44.0625,62.7546,43.5658,62.7546,44.5592
2409046,RVT Links,Snowdon Towers Sample Structural.rvt : 18 : location <Not Shared>,18,BBoxCenter,-19.9707,6.6633,23.6042,-19.9707,6.6633,-19.9707,6.6633,-111.2917,-31.5417,71.3502,44.8683
2409052,RVT Links,Snowdon Towers Sample Plumbing.rvt : 20 : location <Not Shared>,20,BBoxCenter,4.9529,16.2135,11.1952,4.9529,16.2135,4.9529,16.2135,-41.8490,-10.6562,51.7547,43.0833
2409055,RVT Links,Snowdon Towers Sample HVAC.rvt : 21 : location <Not Shared>,21,BBoxCenter,-18.4948,12.0377,9.0722,-18.4948,12.0377,-18.4948,12.0377,-82.7396,-14.3586,45.7500,38.4340
2448205,Cameras,{3D},,BBoxCenter,427.9808,40.5507,36.0272,427.9808,40.5507,427.9808,40.5507,37.9723,-99.5830,817.9894,180.6845
2448217,RVT Links,Snowdon Towers Sample Site.rvt : 22 : location <Not Shared>,22,BBoxCenter,39.8673,13.3494,39.0761,39.8673,13.3494,39.8673,13.3494,-143.1250,-32.6750,222.8595,59.3738
2451065,Wall Sweeps,Base_Simple,,BBoxCenter,-15.7891,17.6745,8.2604,-15.7891,17.6745,-15.7891,17.6745,-16.1094,13.7500,-15.4687,21.5990
2451106,Wall Sweeps,Base_Simple,,BBoxCenter,-15.1432,20.4089,8.2604,-15.1432,20.4089,-15.1432,20.4089,-15.4687,19.2187,-14.8177,21.5990
2451135,Wall Sweeps,Base_Simple,,BBoxCenter,-15.0547,11.5052,8.2604,-15.0547,11.5052,-15.0547,11.5052,-16.1094,9.2604,-14.0000,13.7500
2452350,Wall Sweeps,Base_Simple,,BBoxCenter,-42.8750,-11.7005,8.2604,-42.8750,-11.7005,-42.8750,-11.7005,-44.3073,-12.1406,-41.4427,-11.2604
2452629,Wall Sweeps,Base_Simple,,BBoxCenter,-36.6536,-11.0807,8.2604,-36.6536,-11.0807,-36.6536,-11.0807,-41.4896,-11.3073,-31.8177,-10.8542
2455147,Walls,"Interior - 4 7/8"" Partition (NR)",,CurveMidpt,-32.2344,-5.5156,8.0833,-32.2344,-5.5156,-32.2344,-5.5156,-32.4375,-8.9687,-32.0313,-1.7604
2455148,Wall Sweeps,Base_Simple,,BBoxCenter,-27.3203,-1.9870,8.2604,-27.3203,-1.9870,-27.3203,-1.9870,-28.4271,-2.2135,-26.2135,-1.7604
2455149,Wall Sweeps,Base_Simple,,BBoxCenter,-30.5313,-10.0625,8.2604,-30.5313,-10.0625,-30.5313,-10.0625,-32.0313,-10.8542,-29.0313,-9.2708
2456083,Wall Sweeps,Base_Simple,,BBoxCenter,-27.6458,-11.7005,8.2604,-27.6458,-11.7005,-27.6458,-11.7005,-29.0781,-12.1406,-26.2135,-11.2604
2465819,Supports,"2'-8"" Picket",,Point,45.4479,-2.7708,8.7370,45.4479,-2.7708,45.4479,-2.7708,45.4271,-2.7917,45.4687,-2.7500
2465995,Supports,"2'-8"" Picket",,Point,-44.0729,24.7917,8.7370,-44.0729,24.7917,-44.0729,24.7917,-44.0938,24.7708,-44.0521,24.8125
2494049,<Space Separation>,Model Lines,,CurveMidpt,-69.7552,19.1146,8.0833,-69.7552,19.1146,-69.7552,19.1146,-90.4792,19.1146,-49.0312,19.1146
2637313,RVT Links,Snowdon Towers Sample Electrical.rvt : 23 : location <Not Shared>,23,BBoxCenter,-30.3385,7.9427,3.4583,-30.3385,7.9427,-30.3385,7.9427,-111.5000,-28.3125,50.8229,44.1979
2661721,Room Tags,Room Tag,,Point,14.7772,-5.6307,0.0000,14.7772,-5.6307,14.7772,-5.6307,9.9189,-7.1307,19.6373,-3.6235
2661722,Room Tags,Room Tag,,Point,-99.9219,-17.3161,0.0000,-99.9219,-17.3161,-99.9219,-17.3161,-103.0542,-18.8161,-96.7878,-15.3089
2661723,Room Tags,Room Tag,,Point,54.3548,18.5473,0.0000,54.3548,18.5473,54.3548,18.5473,49.4965,17.0473,59.2149,20.5544
2661724,Room Tags,Room Tag,,Point,29.2956,30.0407,0.0000,29.2956,30.0407,29.2956,30.0407,25.3544,28.5407,33.2385,32.0479
2661725,Room Tags,Room Tag,,Point,-8.3333,-7.8053,0.0000,-8.3333,-7.8053,-8.3333,-7.8053,-12.9989,-9.3053,-3.6660,-5.7981
2661726,Room Tags,Room Tag,,Point,-77.8641,30.2344,0.0000,-77.8641,30.2344,-77.8641,30.2344,-82.4629,28.7344,-73.2610,32.2416
2661727,Room Tags,Room Tag,,Point,-34.8854,-11.2834,0.0000,-34.8854,-11.2834,-34.8854,-11.2834,-38.8266,-12.7834,-30.9425,-9.2762
2661728,Room Tags,Room Tag,,Point,-78.3877,0.3646,0.0000,-78.3877,0.3646,-78.3877,0.3646,-84.6873,-1.1354,-72.0863,2.3718
2661729,Room Tags,Room Tag,,Point,-77.7246,16.4588,0.0000,-77.7246,16.4588,-77.7246,16.4588,-80.2246,14.9588,-75.2246,18.4660
2661730,Room Tags,Room Tag,,Point,-1.3158,6.5286,0.0000,-1.3158,6.5286,-1.3158,6.5286,-3.8158,5.0286,1.1842,8.5358
2661731,Room Tags,Room Tag,,Point,-29.9271,32.0680,0.0000,-29.9271,32.0680,-29.9271,32.0680,-32.8515,30.5680,-27.0008,34.0752
2661732,Room Tags,Room Tag,,Point,-10.1188,34.6022,0.0000,-10.1188,34.6022,-10.1188,34.6022,-15.8439,33.1022,-4.3945,36.6094
2661733,Room Tags,Room Tag,,Point,-44.5625,38.0697,0.0000,-44.5625,38.0697,-44.5625,38.0697,-47.0625,36.5697,-42.0625,40.0769
2661734,Room Tags,Room Tag,,Point,-104.8125,30.0404,0.0000,-104.8125,30.0404,-104.8125,30.0404,-107.3125,28.5404,-102.3125,32.0476
2661735,Room Tags,Room Tag,,Point,45.9375,-11.8984,0.0000,45.9375,-11.8984,45.9375,-11.8984,43.4375,-13.3984,48.4375,-9.8912
2661736,Room Tags,Room Tag,,Point,-1.4740,23.4167,0.0000,-1.4740,23.4167,-1.4740,23.4167,-3.9740,21.9167,1.0260,25.4239
2661737,Room Tags,Room Tag,,Point,-95.8490,29.7500,0.0000,-95.8490,29.7500,-95.8490,29.7500,-98.3490,28.2500,-93.3490,31.7572
